{
	"$Title":	"[ROOT] FieldFunction Assignments",
	"$Position":	{
		"$x":	1546,
		"$y":	12449
	},
	"Type":	"FieldFunction",
	"ExportAs":	"Plains1_Deeproot_Boulders",
	"FieldFunction":	{
		"$Position":	{
			"$x":	2543,
			"$y":	12107
		},
		"Type":	"SimplexNoise2D",
		"Skip":	false,
		"Lacunarity":	2,
		"Persistence":	0.5,
		"Octaves":	1,
		"Scale":	50,
		"Seed":	"A"
	},
	"Delimiters":	[{
			"$Position":	{
				"$x":	2564,
				"$y":	12736
			},
			"Max":	0.3,
			"Min":	0,
			"Assignments":	{
				"$Position":	{
					"$x":	3059,
					"$y":	12734
				},
				"Type":	"Weighted",
				"SkipChance":	0.3,
				"Seed":	"A",
				"WeightedAssignments":	[{
						"$Position":	{
							"$x":	3818,
							"$y":	12715
						},
						"Weight":	60,
						"Assignments":	{
							"$Position":	{
								"$x":	4324,
								"$y":	12687
							},
							"Type":	"Constant",
							"Prop":	{
								"$Position":	{
									"$x":	4924,
									"$y":	12700
								},
								"Type":	"Prefab",
								"Skip":	false,
								"WeightedPrefabPaths":	[{
										"$Position":	{
											"$x":	5718,
											"$y":	12662
										},
										"Path":	"Rock_Formations/Rocks/Stone/Small/",
										"Weight":	100
									}],
								"LegacyPath":	false,
								"LoadEntities":	true,
								"Directionality":	{
									"$Position":	{
										"$x":	5710,
										"$y":	12825
									},
									"Type":	"Random",
									"Seed":	"A",
									"Pattern":	{
										"$Position":	{
											"$x":	6315,
											"$y":	12818
										},
										"Type":	"Floor",
										"Skip":	false,
										"Origin":	{
											"$Position":	{
												"$x":	6934,
												"$y":	12748
											},
											"Type":	"BlockType",
											"Skip":	false,
											"Material":	{
												"$Position":	{
													"$x":	7555,
													"$y":	12749
												},
												"Solid":	"Empty"
											}
										},
										"Floor":	{
											"$Position":	{
												"$x":	6920,
												"$y":	12946
											},
											"Type":	"BlockSet",
											"Skip":	false,
											"BlockSet":	{
												"$Position":	{
													"$x":	7544,
													"$y":	12946
												},
												"Inclusive":	true,
												"Materials":	[{
														"$Position":	{
															"$x":	8073,
															"$y":	12959
														},
														"Solid":	"Soil_Mud_Dry"
													}, {
														"$Position":	{
															"$x":	8096,
															"$y":	13163
														},
														"Solid":	"Soil_Mud"
													}, {
														"$Position":	{
															"$x":	8061,
															"$y":	13361
														},
														"Solid":	"Soil_Pathway"
													}]
											}
										}
									}
								},
								"Scanner":	{
									"$Position":	{
										"$x":	5690,
										"$y":	13082
									},
									"Type":	"ColumnLinear",
									"Skip":	false,
									"MaxY":	10,
									"MinY":	-80,
									"RelativeToPosition":	false,
									"BaseHeightName":	"Base",
									"TopDownOrder":	false,
									"ResultCap":	1
								},
								"MoldingDirection":	"None",
								"MoldingChildren":	false
							}
						}
					}, {
						"$Position":	{
							"$x":	3899,
							"$y":	14744
						},
						"Weight":	40,
						"Assignments":	{
							"$Position":	{
								"$x":	4411,
								"$y":	14739
							},
							"Type":	"Constant",
							"Prop":	{
								"$Position":	{
									"$x":	5034,
									"$y":	14748
								},
								"Type":	"Union",
								"Skip":	false,
								"Props":	[{
										"$Position":	{
											"$x":	5917,
											"$y":	14705
										},
										"Type":	"Cluster",
										"Skip":	false,
										"Range":	10,
										"Seed":	"A",
										"DistanceCurve":	{
											"$Position":	{
												"$x":	6628,
												"$y":	13906
											},
											"Type":	"Manual",
											"Points":	[{
													"$Position":	{
														"$x":	7288,
														"$y":	13757
													},
													"In":	4,
													"Out":	0.3
												}, {
													"$Position":	{
														"$x":	7285,
														"$y":	13905
													},
													"In":	5,
													"Out":	0
												}]
										},
										"WeightedProps":	[{
												"$Position":	{
													"$x":	6676,
													"$y":	14197
												},
												"Weight":	1,
												"ColumnProp":	{
													"$Position":	{
														"$x":	7133,
														"$y":	14161
													},
													"Type":	"Column",
													"Skip":	false,
													"ColumnBlocks":	[{
															"$Position":	{
																"$x":	7825,
																"$y":	14130
															},
															"Y":	0,
															"Material":	{
																"$Position":	{
																	"$x":	8301,
																	"$y":	14083
																},
																"Solid":	"Plant_Bush_Lush"
															}
														}],
													"Directionality":	{
														"$Position":	{
															"$x":	7814,
															"$y":	14275
														},
														"Type":	"Static",
														"Rotation":	0,
														"Pattern":	{
															"$Position":	{
																"$x":	8449,
																"$y":	14275
															},
															"Type":	"Floor",
															"Skip":	false,
															"Origin":	{
																"$Position":	{
																	"$x":	9081,
																	"$y":	14119
																},
																"Type":	"BlockType",
																"Skip":	false,
																"Material":	{
																	"$Position":	{
																		"$x":	9703,
																		"$y":	14115
																	},
																	"Solid":	"Empty"
																}
															},
															"Floor":	{
																"$Position":	{
																	"$x":	9072,
																	"$y":	14325
																},
																"Type":	"BlockSet",
																"Skip":	false,
																"BlockSet":	{
																	"$Position":	{
																		"$x":	9720,
																		"$y":	14343
																	},
																	"Inclusive":	true,
																	"Materials":	[{
																			"$Position":	{
																				"$x":	10229,
																				"$y":	14334
																			},
																			"Solid":	"Soil_Mud_Dry"
																		}, {
																			"$Position":	{
																				"$x":	10299,
																				"$y":	14532
																			},
																			"Solid":	"Soil_Mud"
																		}, {
																			"$Position":	{
																				"$x":	10287,
																				"$y":	14700
																			},
																			"Solid":	"Soil_Pathway"
																		}]
																}
															}
														}
													},
													"Scanner":	{
														"$Position":	{
															"$x":	7813,
															"$y":	14428
														},
														"Type":	"ColumnLinear",
														"Skip":	false,
														"MaxY":	3,
														"MinY":	-3,
														"RelativeToPosition":	true,
														"BaseHeightName":	"Base",
														"TopDownOrder":	true,
														"ResultCap":	1
													}
												}
											}],
										"Pattern":	{
											"$Position":	{
												"$x":	6673,
												"$y":	15394
											},
											"Type":	"And",
											"Skip":	false,
											"Patterns":	[{
													"$Position":	{
														"$x":	7304,
														"$y":	14946
													},
													"Type":	"Offset",
													"Skip":	false,
													"Pattern":	{
														"$Position":	{
															"$x":	7943,
															"$y":	14851
														},
														"Type":	"BlockType",
														"Skip":	false,
														"Material":	{
															"$Position":	{
																"$x":	8555,
																"$y":	14857
															},
															"Solid":	"Empty"
														}
													},
													"Offset":	{
														"$Position":	{
															"$x":	7932,
															"$y":	15045
														},
														"X":	0,
														"Y":	14,
														"Z":	0
													}
												}, {
													"$Position":	{
														"$x":	7353,
														"$y":	15312
													},
													"Type":	"Offset",
													"Skip":	false,
													"Pattern":	{
														"$Position":	{
															"$x":	7993,
															"$y":	15216
														},
														"Type":	"BlockType",
														"Skip":	false,
														"Material":	{
															"$Position":	{
																"$x":	8621,
																"$y":	15234
															},
															"Solid":	"Empty"
														}
													},
													"Offset":	{
														"$Position":	{
															"$x":	7981,
															"$y":	15410
														},
														"X":	0,
														"Y":	8,
														"Z":	0
													}
												}, {
													"$Position":	{
														"$x":	7325,
														"$y":	15751
													},
													"Type":	"Floor",
													"Skip":	false,
													"Origin":	{
														"$Position":	{
															"$x":	7960,
															"$y":	15595
														},
														"Type":	"BlockType",
														"Skip":	false,
														"Material":	{
															"$Position":	{
																"$x":	8582,
																"$y":	15607
															},
															"Solid":	"Empty"
														}
													},
													"Floor":	{
														"$Position":	{
															"$x":	7948,
															"$y":	15801
														},
														"Type":	"BlockSet",
														"Skip":	false,
														"BlockSet":	{
															"$Position":	{
																"$x":	8580,
																"$y":	15823
															},
															"Inclusive":	true,
															"Materials":	[{
																	"$Position":	{
																		"$x":	9064,
																		"$y":	15813
																	},
																	"Solid":	"Soil_Mud_Dry"
																}, {
																	"$Position":	{
																		"$x":	9105,
																		"$y":	15964
																	},
																	"Solid":	"Soil_Mud"
																}, {
																	"$Position":	{
																		"$x":	9099,
																		"$y":	16151
																	},
																	"Solid":	"Soil_Pathway"
																}]
														}
													}
												}]
										},
										"Scanner":	{
											"$Position":	{
												"$x":	6708,
												"$y":	15659
											},
											"Type":	"ColumnLinear",
											"Skip":	false,
											"MaxY":	10,
											"MinY":	-80,
											"RelativeToPosition":	false,
											"BaseHeightName":	"Base",
											"TopDownOrder":	false,
											"ResultCap":	1
										}
									}, {
										"$Position":	{
											"$x":	5875,
											"$y":	17542
										},
										"Type":	"Cluster",
										"Skip":	false,
										"Range":	10,
										"Seed":	"A",
										"DistanceCurve":	{
											"$Position":	{
												"$x":	6586,
												"$y":	16743
											},
											"Type":	"Manual",
											"Points":	[{
													"$Position":	{
														"$x":	7246,
														"$y":	16594
													},
													"In":	4,
													"Out":	0.1
												}, {
													"$Position":	{
														"$x":	7243,
														"$y":	16742
													},
													"In":	5,
													"Out":	0
												}]
										},
										"WeightedProps":	[{
												"$Position":	{
													"$x":	6634,
													"$y":	17034
												},
												"Weight":	1,
												"ColumnProp":	{
													"$Position":	{
														"$x":	7091,
														"$y":	16998
													},
													"Type":	"Column",
													"Skip":	false,
													"ColumnBlocks":	[{
															"$Position":	{
																"$x":	7783,
																"$y":	16967
															},
															"Y":	0,
															"Material":	{
																"$Position":	{
																	"$x":	8271,
																	"$y":	16937
																},
																"Solid":	"Plant_Crop_Health2"
															}
														}],
													"Directionality":	{
														"$Position":	{
															"$x":	7772,
															"$y":	17112
														},
														"Type":	"Static",
														"Rotation":	0,
														"Pattern":	{
															"$Position":	{
																"$x":	8407,
																"$y":	17112
															},
															"Type":	"Floor",
															"Skip":	false,
															"Origin":	{
																"$Position":	{
																	"$x":	9039,
																	"$y":	16956
																},
																"Type":	"BlockType",
																"Skip":	false,
																"Material":	{
																	"$Position":	{
																		"$x":	9673,
																		"$y":	16955
																	},
																	"Solid":	"Empty"
																}
															},
															"Floor":	{
																"$Position":	{
																	"$x":	9030,
																	"$y":	17162
																},
																"Type":	"BlockSet",
																"Skip":	false,
																"BlockSet":	{
																	"$Position":	{
																		"$x":	9679,
																		"$y":	17181
																	},
																	"Inclusive":	true,
																	"Materials":	[{
																			"$Position":	{
																				"$x":	10222,
																				"$y":	17176
																			},
																			"Solid":	"Soil_Mud_Dry"
																		}, {
																			"$Position":	{
																				"$x":	10286,
																				"$y":	17374
																			},
																			"Solid":	"Soil_Mud"
																		}, {
																			"$Position":	{
																				"$x":	10298,
																				"$y":	17595
																			},
																			"Solid":	"Soil_Pathway"
																		}]
																}
															}
														}
													},
													"Scanner":	{
														"$Position":	{
															"$x":	7771,
															"$y":	17265
														},
														"Type":	"ColumnLinear",
														"Skip":	false,
														"MaxY":	3,
														"MinY":	-3,
														"RelativeToPosition":	true,
														"BaseHeightName":	"Base",
														"TopDownOrder":	true,
														"ResultCap":	1
													}
												}
											}],
										"Pattern":	{
											"$Position":	{
												"$x":	6650,
												"$y":	17930
											},
											"Type":	"And",
											"Skip":	false,
											"Patterns":	[{
													"$Position":	{
														"$x":	7356,
														"$y":	17852
													},
													"Type":	"Not",
													"Skip":	false,
													"Pattern":	{
														"$Position":	{
															"$x":	8008,
															"$y":	17843
														},
														"Type":	"Offset",
														"Skip":	false,
														"Pattern":	{
															"$Position":	{
																"$x":	8648,
																"$y":	17747
															},
															"Type":	"BlockType",
															"Skip":	false,
															"Material":	{
																"$Position":	{
																	"$x":	9280,
																	"$y":	17755
																},
																"Solid":	"Empty"
															}
														},
														"Offset":	{
															"$Position":	{
																"$x":	8636,
																"$y":	17941
															},
															"X":	0,
															"Y":	8,
															"Z":	0
														}
													}
												}, {
													"$Position":	{
														"$x":	7302,
														"$y":	18288
													},
													"Type":	"Floor",
													"Skip":	false,
													"Origin":	{
														"$Position":	{
															"$x":	7937,
															"$y":	18132
														},
														"Type":	"BlockType",
														"Skip":	false,
														"Material":	{
															"$Position":	{
																"$x":	8558,
																"$y":	18133
															},
															"Solid":	"Empty"
														}
													},
													"Floor":	{
														"$Position":	{
															"$x":	7925,
															"$y":	18338
														},
														"Type":	"BlockSet",
														"Skip":	false,
														"BlockSet":	{
															"$Position":	{
																"$x":	8557,
																"$y":	18360
															},
															"Inclusive":	true,
															"Materials":	[{
																	"$Position":	{
																		"$x":	9218,
																		"$y":	18229
																	},
																	"Solid":	"Soil_Pathway"
																}, {
																	"$Position":	{
																		"$x":	9133,
																		"$y":	18381
																	},
																	"Solid":	"Soil_Mud_Dry"
																}, {
																	"$Position":	{
																		"$x":	9098,
																		"$y":	18556
																	},
																	"Solid":	"Soil_Mud"
																}]
														}
													}
												}]
										},
										"Scanner":	{
											"$Position":	{
												"$x":	6686,
												"$y":	18195
											},
											"Type":	"ColumnLinear",
											"Skip":	false,
											"MaxY":	-10,
											"MinY":	-80,
											"RelativeToPosition":	false,
											"BaseHeightName":	"Base",
											"TopDownOrder":	false,
											"ResultCap":	1
										}
									}]
							}
						}
					}]
			}
		}, {
			"$Position":	{
				"$x":	2714,
				"$y":	19249
			},
			"Max":	2,
			"Min":	0.3,
			"Assignments":	{
				"$Position":	{
					"$x":	3235,
					"$y":	19235
				},
				"Type":	"Weighted",
				"SkipChance":	0.5,
				"Seed":	"A",
				"WeightedAssignments":	[{
						"$Position":	{
							"$x":	4243,
							"$y":	19232
						},
						"Weight":	100,
						"Assignments":	{
							"$Position":	{
								"$x":	4723,
								"$y":	19216
							},
							"Type":	"Constant",
							"Prop":	{
								"$Position":	{
									"$x":	5323,
									"$y":	19229
								},
								"Type":	"Prefab",
								"Skip":	false,
								"WeightedPrefabPaths":	[{
										"$Position":	{
											"$x":	6117,
											"$y":	19191
										},
										"Path":	"Rock_Formations/Rocks/Stone/Large/",
										"Weight":	100
									}],
								"LegacyPath":	false,
								"LoadEntities":	true,
								"Directionality":	{
									"$Position":	{
										"$x":	6109,
										"$y":	19354
									},
									"Type":	"Random",
									"Seed":	"A",
									"Pattern":	{
										"$Position":	{
											"$x":	6714,
											"$y":	19347
										},
										"Type":	"Floor",
										"Skip":	false,
										"Origin":	{
											"$Position":	{
												"$x":	7326,
												"$y":	19287
											},
											"Type":	"BlockType",
											"Skip":	false,
											"Material":	{
												"$Position":	{
													"$x":	7956,
													"$y":	19284
												},
												"Solid":	"Empty"
											}
										},
										"Floor":	{
											"$Position":	{
												"$x":	7319,
												"$y":	19475
											},
											"Type":	"BlockSet",
											"Skip":	false,
											"BlockSet":	{
												"$Position":	{
													"$x":	7943,
													"$y":	19475
												},
												"Inclusive":	true,
												"Materials":	[{
														"$Position":	{
															"$x":	8423,
															"$y":	19456
														},
														"Solid":	"Soil_Mud_Dry"
													}, {
														"$Position":	{
															"$x":	8429,
															"$y":	19638
														},
														"Solid":	"Soil_Mud"
													}, {
														"$Position":	{
															"$x":	8440,
															"$y":	19791
														},
														"Solid":	"Soil_Pathway"
													}]
											}
										}
									}
								},
								"Scanner":	{
									"$Position":	{
										"$x":	6089,
										"$y":	19611
									},
									"Type":	"ColumnLinear",
									"Skip":	false,
									"MaxY":	10,
									"MinY":	-80,
									"RelativeToPosition":	false,
									"BaseHeightName":	"Base",
									"TopDownOrder":	false,
									"ResultCap":	1
								},
								"MoldingDirection":	"None",
								"MoldingChildren":	false
							}
						}
					}]
			}
		}],
	"$WorkspaceID":	"HytaleGenerator - Assignments",
	"$Groups":	[{
			"$Position":	{
				"$x":	4854.25,
				"$y":	12567.1875
			},
			"$width":	3985,
			"$height":	999.75,
			"$name":	"Small Boulders"
		}, {
			"$Position":	{
				"$x":	4126.125,
				"$y":	19097.25
			},
			"$width":	5202.4375,
			"$height":	999.75,
			"$name":	"Large Boulders"
		}, {
			"$Position":	{
				"$x":	5806,
				"$y":	13589.875
			},
			"$width":	5282.625,
			"$height":	2767.125,
			"$name":	"Bushes"
		}, {
			"$Position":	{
				"$x":	5763.8125,
				"$y":	16427.75
			},
			"$width":	5452.125,
			"$height":	2420,
			"$name":	"Mushrooms"
		}]
}