{
	"$Title":	"[ROOT] Weighted Assignments",
	"$Position":	{
		"$x":	-144,
		"$y":	5109
	},
	"Type":	"Weighted",
	"ExportAs":	"Plains1_Oak_Encounters",
	"SkipChance":	0,
	"Seed":	"A",
	"WeightedAssignments":	[{
			"$Position":	{
				"$x":	707,
				"$y":	5113
			},
			"Weight":	100,
			"Assignments":	{
				"$Position":	{
					"$x":	1199,
					"$y":	5098
				},
				"Type":	"Constant",
				"Prop":	{
					"$Position":	{
						"$x":	2445,
						"$y":	5035
					},
					"Type":	"Prefab",
					"Skip":	false,
					"WeightedPrefabPaths":	[{
							"$Position":	{
								"$x":	3233,
								"$y":	4869
							},
							"Path":	"Monuments/Incidental/Quartzite/Ruins",
							"Weight":	100
						}, {
							"$Position":	{
								"$x":	3206,
								"$y":	5029
							},
							"Path":	"Monuments/Incidental/Quartzite/Cottage",
							"Weight":	100
						}],
					"LegacyPath":	false,
					"LoadEntities":	true,
					"Directionality":	{
						"$Position":	{
							"$x":	3205,
							"$y":	5205
						},
						"Type":	"Random",
						"Seed":	"A",
						"Pattern":	{
							"$Position":	{
								"$x":	3851,
								"$y":	5194
							},
							"Type":	"Floor",
							"Skip":	false,
							"Origin":	{
								"$Position":	{
									"$x":	4499,
									"$y":	5026
								},
								"Type":	"BlockSet",
								"Skip":	false,
								"BlockSet":	{
									"$Position":	{
										"$x":	5131,
										"$y":	5031
									},
									"Inclusive":	true,
									"Materials":	[{
											"$Position":	{
												"$x":	5681,
												"$y":	5039
											},
											"Solid":	"Empty"
										}]
								}
							},
							"Floor":	{
								"$Position":	{
									"$x":	4444,
									"$y":	5379
								},
								"Type":	"BlockSet",
								"Skip":	false,
								"BlockSet":	{
									"$Position":	{
										"$x":	5103,
										"$y":	5389
									},
									"Inclusive":	true,
									"Materials":	[{
											"$Position":	{
												"$x":	5673,
												"$y":	5288
											},
											"Solid":	"Soil_Grass_Full"
										}, {
											"$Position":	{
												"$x":	5681,
												"$y":	5454
											},
											"Solid":	"Soil_Leaves"
										}, {
											"$Position":	{
												"$x":	5665,
												"$y":	5618
											},
											"Solid":	"Soil_Gravel"
										}, {
											"$Position":	{
												"$x":	5665,
												"$y":	5782
											},
											"Solid":	"Soil_Grass_Sunny"
										}, {
											"$Position":	{
												"$x":	5667,
												"$y":	5952
											},
											"Solid":	"Soil_Pathway"
										}, {
											"$Position":	{
												"$x":	5667,
												"$y":	6128
											},
											"Solid":	"Soil_Grass"
										}]
								}
							}
						}
					},
					"Scanner":	{
						"$Position":	{
							"$x":	3201,
							"$y":	5374
						},
						"Type":	"ColumnLinear",
						"Skip":	false,
						"MaxY":	60,
						"MinY":	0,
						"RelativeToPosition":	false,
						"BaseHeightName":	"Base",
						"TopDownOrder":	true,
						"ResultCap":	1
					},
					"MoldingDirection":	"None",
					"MoldingChildren":	false
				}
			}
		}],
	"$WorkspaceID":	"HytaleGenerator - Assignments",
	"$Groups":	[]
}