{
	"$Title":	"[ROOT] Weighted Assignments",
	"$Position":	{
		"$x":	-2158,
		"$y":	4761
	},
	"Type":	"FieldFunction",
	"ExportAs":	"Plains1_Gorges_Forest_Clusters",
	"FieldFunction":	{
		"$Position":	{
			"$x":	-1031,
			"$y":	4691
		},
		"Type":	"Exported",
		"ExportAs":	"Plains1_Gorges_Forest_Clusters",
		"SingleInstance":	false,
		"Skip":	false,
		"Inputs":	[{
				"$Position":	{
					"$x":	-224,
					"$y":	4735
				},
				"Type":	"SimplexNoise2D",
				"Skip":	false,
				"Lacunarity":	2,
				"Persistence":	0.5,
				"Octaves":	1,
				"Scale":	80,
				"Seed":	"Trees"
			}]
	},
	"Delimiters":	[{
			"$Position":	{
				"$x":	-612,
				"$y":	5425
			},
			"Max":	0,
			"Min":	-0.5,
			"Assignments":	{
				"$Position":	{
					"$x":	-133,
					"$y":	5421
				},
				"Type":	"Weighted",
				"SkipChance":	0,
				"Seed":	"A",
				"WeightedAssignments":	[{
						"$Position":	{
							"$x":	714,
							"$y":	5436
						},
						"Weight":	1,
						"Assignments":	{
							"$Position":	{
								"$x":	1241,
								"$y":	5446
							},
							"Type":	"Constant",
							"Prop":	{
								"$Position":	{
									"$x":	1878,
									"$y":	5441
								},
								"Type":	"Union",
								"Skip":	false,
								"Props":	[{
										"$Position":	{
											"$x":	2669,
											"$y":	5377
										},
										"Type":	"Prefab",
										"Skip":	false,
										"WeightedPrefabPaths":	[{
												"$Position":	{
													"$x":	3515,
													"$y":	5252
												},
												"Path":	"Trees/Oak/Stage_0",
												"Weight":	70
											}, {
												"$Position":	{
													"$x":	3513,
													"$y":	5403
												},
												"Path":	"Trees/Beech/Stage_0",
												"Weight":	30
											}],
										"LegacyPath":	false,
										"LoadEntities":	false,
										"Directionality":	{
											"$Position":	{
												"$x":	3504,
												"$y":	5559
											},
											"Type":	"Random",
											"Seed":	"A",
											"Pattern":	{
												"$Position":	{
													"$x":	4138,
													"$y":	5560
												},
												"Type":	"Floor",
												"ExportAs":	"Floor_Grass_Pattern",
												"Skip":	false,
												"Origin":	{
													"$Position":	{
														"$x":	4802,
														"$y":	5301
													},
													"Type":	"BlockSet",
													"Skip":	false,
													"BlockSet":	{
														"$Position":	{
															"$x":	5419,
															"$y":	5301
														},
														"Inclusive":	true,
														"Materials":	[{
																"$Position":	{
																	"$x":	5903,
																	"$y":	5295
																},
																"Solid":	"Empty"
															}]
													}
												},
												"Floor":	{
													"$Position":	{
														"$x":	4784,
														"$y":	5770
													},
													"Type":	"BlockSet",
													"Skip":	false,
													"BlockSet":	{
														"$Position":	{
															"$x":	5424,
															"$y":	5782
														},
														"Inclusive":	true,
														"Materials":	[{
																"$Position":	{
																	"$x":	5961,
																	"$y":	5704
																},
																"Solid":	"Soil_Grass"
															}, {
																"$Position":	{
																	"$x":	5958,
																	"$y":	5871
																},
																"Solid":	"Soil_Grass_Full"
															}, {
																"$Position":	{
																	"$x":	5951,
																	"$y":	6027
																},
																"Solid":	"Soil_Grass_Deep"
															}, {
																"$Position":	{
																	"$x":	5946,
																	"$y":	6166
																},
																"Solid":	"Soil_Grass_Sunny"
															}]
													}
												}
											}
										},
										"Scanner":	{
											"$Position":	{
												"$x":	3487,
												"$y":	5735
											},
											"Type":	"ColumnLinear",
											"Skip":	false,
											"MaxY":	80,
											"MinY":	30,
											"RelativeToPosition":	false,
											"BaseHeightName":	"Base",
											"TopDownOrder":	true,
											"ResultCap":	1
										},
										"MoldingDirection":	"None",
										"MoldingChildren":	false
									}, {
										"$Position":	{
											"$x":	2723,
											"$y":	6628
										},
										"Type":	"Imported",
										"Name":	"Plains1_Sticks",
										"Skip":	false
									}]
							}
						}
					}]
			}
		}, {
			"$Position":	{
				"$x":	-638,
				"$y":	8906
			},
			"Max":	-0.5,
			"Min":	-1,
			"Assignments":	{
				"$Position":	{
					"$x":	-59,
					"$y":	8919
				},
				"Type":	"Weighted",
				"SkipChance":	0,
				"Seed":	"A",
				"WeightedAssignments":	[{
						"$Position":	{
							"$x":	788,
							"$y":	9034
						},
						"Weight":	1,
						"Assignments":	{
							"$Position":	{
								"$x":	1315,
								"$y":	9044
							},
							"Type":	"Constant",
							"Prop":	{
								"$Position":	{
									"$x":	1952,
									"$y":	9039
								},
								"Type":	"Union",
								"Skip":	false,
								"Props":	[{
										"$Position":	{
											"$x":	2743,
											"$y":	8975
										},
										"Type":	"Prefab",
										"Skip":	false,
										"WeightedPrefabPaths":	[{
												"$Position":	{
													"$x":	3608,
													"$y":	8678
												},
												"Path":	"Trees/Oak/Stage_4",
												"Weight":	10
											}, {
												"$Position":	{
													"$x":	3589,
													"$y":	8850
												},
												"Path":	"Trees/Oak/Stage_3",
												"Weight":	70
											}, {
												"$Position":	{
													"$x":	3587,
													"$y":	9001
												},
												"Path":	"Trees/Beech/Stage_2",
												"Weight":	30
											}],
										"LegacyPath":	false,
										"LoadEntities":	false,
										"Directionality":	{
											"$Position":	{
												"$x":	3578,
												"$y":	9157
											},
											"Type":	"Random",
											"Seed":	"A",
											"Pattern":	{
												"$Position":	{
													"$x":	4324,
													"$y":	9194
												},
												"Type":	"Imported",
												"Skip":	false,
												"Name":	"Floor_Grass_Pattern"
											}
										},
										"Scanner":	{
											"$Position":	{
												"$x":	3561,
												"$y":	9333
											},
											"Type":	"ColumnLinear",
											"ExportAs":	"Plains1_Gorges_Tree_Scanner",
											"Skip":	false,
											"MaxY":	80,
											"MinY":	30,
											"RelativeToPosition":	false,
											"BaseHeightName":	"Base",
											"TopDownOrder":	true,
											"ResultCap":	1
										},
										"MoldingDirection":	"None",
										"MoldingChildren":	false
									}, {
										"$Position":	{
											"$x":	2551,
											"$y":	10369
										},
										"Type":	"Cluster",
										"ExportAs":	"Plains1_Sticks",
										"Skip":	false,
										"Range":	10,
										"Seed":	"A",
										"DistanceCurve":	{
											"$Position":	{
												"$x":	3450,
												"$y":	10193
											},
											"Type":	"Manual",
											"Points":	[{
													"$Position":	{
														"$x":	4095,
														"$y":	10052
													},
													"In":	9,
													"Out":	0.005
												}, {
													"$Position":	{
														"$x":	4078,
														"$y":	10202
													},
													"In":	10,
													"Out":	0
												}]
										},
										"WeightedProps":	[{
												"$Position":	{
													"$x":	3493,
													"$y":	10443
												},
												"Weight":	1,
												"ColumnProp":	{
													"$Position":	{
														"$x":	3927,
														"$y":	10399
													},
													"Type":	"Column",
													"Skip":	false,
													"ColumnBlocks":	[{
															"$Position":	{
																"$x":	4642,
																"$y":	10411
															},
															"Y":	0,
															"Material":	{
																"$Position":	{
																	"$x":	5081,
																	"$y":	10388
																},
																"Solid":	"Wood_Sticks"
															}
														}],
													"Directionality":	{
														"$Position":	{
															"$x":	4641,
															"$y":	10559
														},
														"Type":	"Static",
														"Rotation":	0,
														"Pattern":	{
															"$Position":	{
																"$x":	5249,
																"$y":	10568
															},
															"Type":	"Imported",
															"Skip":	false,
															"Name":	"Floor_Grass_Pattern"
														}
													},
													"Scanner":	{
														"$Position":	{
															"$x":	4645,
															"$y":	10701
														},
														"Type":	"ColumnLinear",
														"Skip":	false,
														"MaxY":	5,
														"MinY":	-5,
														"RelativeToPosition":	true,
														"BaseHeightName":	"Water",
														"TopDownOrder":	true,
														"ResultCap":	1
													}
												}
											}],
										"Pattern":	{
											"$Position":	{
												"$x":	3501,
												"$y":	10642
											},
											"Type":	"Imported",
											"Skip":	false,
											"Name":	"Floor_Grass_Pattern"
										},
										"Scanner":	{
											"$Position":	{
												"$x":	3493,
												"$y":	10823
											},
											"Type":	"Imported",
											"Skip":	false,
											"Name":	"Plains1_Gorges_Tree_Scanner"
										}
									}]
							}
						}
					}]
			}
		}],
	"$WorkspaceID":	"HytaleGenerator - Assignments",
	"$Groups":	[{
			"$Position":	{
				"$x":	612.6875,
				"$y":	4093.8125
			},
			"$width":	7867.9375,
			"$height":	2909.3125,
			"$name":	"Small Trees"
		}, {
			"$Position":	{
				"$x":	2513.0625,
				"$y":	5106.6875
			},
			"$width":	4718.4375,
			"$height":	1337.9375,
			"$name":	"Tree Prop"
		}, {
			"$Position":	{
				"$x":	2586.3125,
				"$y":	8141.375
			},
			"$width":	4718.4375,
			"$height":	1786.1875,
			"$name":	"Tree Prop"
		}, {
			"$Position":	{
				"$x":	685.9375,
				"$y":	7655.5625
			},
			"$width":	7867.9375,
			"$height":	3625.8125,
			"$name":	"Medium Trees"
		}]
}