{
	"$Title":	"[ROOT] Weighted Assignments",
	"$Position":	{
		"$x":	-1712,
		"$y":	3781
	},
	"Type":	"FieldFunction",
	"ExportAs":	"Plains1_Oak_Vines",
	"FieldFunction":	{
		"$Position":	{
			"$x":	-954,
			"$y":	3790
		},
		"Type":	"SimplexNoise2D",
		"Skip":	false,
		"Lacunarity":	2,
		"Persistence":	0.5,
		"Octaves":	1,
		"Scale":	20,
		"Seed":	"A"
	},
	"Delimiters":	[{
			"$Position":	{
				"$x":	-1004,
				"$y":	4233
			},
			"Max":	1,
			"Min":	0,
			"Assignments":	{
				"$Position":	{
					"$x":	-459,
					"$y":	4231
				},
				"Type":	"Constant",
				"Prop":	{
					"$Position":	{
						"$x":	191,
						"$y":	4213
					},
					"Type":	"Column",
					"Skip":	false,
					"ColumnBlocks":	[{
							"$Position":	{
								"$x":	915,
								"$y":	3149
							},
							"Y":	0,
							"Material":	{
								"$Position":	{
									"$x":	1377,
									"$y":	3130
								},
								"Solid":	"Plant_Vine"
							}
						}, {
							"$Position":	{
								"$x":	916,
								"$y":	3309
							},
							"Y":	-1,
							"Material":	{
								"$Position":	{
									"$x":	1378,
									"$y":	3290
								},
								"Solid":	"Plant_Vine"
							}
						}, {
							"$Position":	{
								"$x":	912,
								"$y":	3474
							},
							"Y":	-2,
							"Material":	{
								"$Position":	{
									"$x":	1374,
									"$y":	3455
								},
								"Solid":	"Plant_Vine"
							}
						}, {
							"$Position":	{
								"$x":	917,
								"$y":	3656
							},
							"Y":	-3,
							"Material":	{
								"$Position":	{
									"$x":	1379,
									"$y":	3637
								},
								"Solid":	"Plant_Vine"
							}
						}, {
							"$Position":	{
								"$x":	923,
								"$y":	3830
							},
							"Y":	-4,
							"Material":	{
								"$Position":	{
									"$x":	1384,
									"$y":	3811
								},
								"Solid":	"Plant_Vine"
							}
						}, {
							"$Position":	{
								"$x":	905,
								"$y":	3988
							},
							"Y":	-5,
							"Material":	{
								"$Position":	{
									"$x":	1367,
									"$y":	3969
								},
								"Solid":	"Plant_Vine"
							}
						}, {
							"$Position":	{
								"$x":	922,
								"$y":	4179
							},
							"Y":	-6,
							"Material":	{
								"$Position":	{
									"$x":	1384,
									"$y":	4160
								},
								"Solid":	"Plant_Vine_Wall"
							}
						}],
					"Directionality":	{
						"$Position":	{
							"$x":	883,
							"$y":	4362
						},
						"Type":	"Pattern",
						"Seed":	"A",
						"InitialDirection":	"N",
						"NorthPattern":	{
							"$Position":	{
								"$x":	1549,
								"$y":	4355
							},
							"Type":	"And",
							"Skip":	false,
							"Patterns":	[{
									"$Position":	{
										"$x":	2170,
										"$y":	3706
									},
									"Type":	"Offset",
									"Skip":	false,
									"Pattern":	{
										"$Position":	{
											"$x":	2789,
											"$y":	3705
										},
										"Type":	"BlockType",
										"Skip":	false,
										"Material":	{
											"$Position":	{
												"$x":	3410,
												"$y":	3698
											},
											"Solid":	"Empty"
										}
									},
									"Offset":	{
										"$Position":	{
											"$x":	2793,
											"$y":	3868
										},
										"X":	0,
										"Y":	-1,
										"Z":	0
									}
								}, {
									"$Position":	{
										"$x":	2172,
										"$y":	4012
									},
									"Type":	"Offset",
									"Skip":	false,
									"Pattern":	{
										"$Position":	{
											"$x":	2791,
											"$y":	4009
										},
										"Type":	"BlockType",
										"Skip":	false,
										"Material":	{
											"$Position":	{
												"$x":	3412,
												"$y":	4005
											},
											"Solid":	"Empty"
										}
									},
									"Offset":	{
										"$Position":	{
											"$x":	2795,
											"$y":	4172
										},
										"X":	0,
										"Y":	-6,
										"Z":	0
									}
								}, {
									"$Position":	{
										"$x":	2170,
										"$y":	4355
									},
									"Type":	"Wall",
									"Skip":	false,
									"Wall":	{
										"$Position":	{
											"$x":	2798,
											"$y":	4374
										},
										"Type":	"BlockSet",
										"Skip":	false,
										"BlockSet":	{
											"$Position":	{
												"$x":	3434,
												"$y":	4399
											},
											"Inclusive":	false,
											"Materials":	[{
													"$Position":	{
														"$x":	3920,
														"$y":	4378
													},
													"Solid":	"Empty"
												}]
										}
									},
									"Origin":	{
										"$Position":	{
											"$x":	2810,
											"$y":	4548
										},
										"Type":	"BlockType",
										"Skip":	false,
										"Material":	{
											"$Position":	{
												"$x":	3431,
												"$y":	4549
											},
											"Solid":	"Empty"
										}
									},
									"Directions":	["N"],
									"RequireAllDirections":	false
								}]
						},
						"SouthPattern":	{
							"$Position":	{
								"$x":	1539,
								"$y":	5405
							},
							"Type":	"And",
							"Skip":	false,
							"Patterns":	[{
									"$Position":	{
										"$x":	2162,
										"$y":	4729
									},
									"Type":	"Offset",
									"Skip":	false,
									"Pattern":	{
										"$Position":	{
											"$x":	2781,
											"$y":	4728
										},
										"Type":	"BlockType",
										"Skip":	false,
										"Material":	{
											"$Position":	{
												"$x":	3402,
												"$y":	4721
											},
											"Solid":	"Empty"
										}
									},
									"Offset":	{
										"$Position":	{
											"$x":	2785,
											"$y":	4891
										},
										"X":	0,
										"Y":	-1,
										"Z":	0
									}
								}, {
									"$Position":	{
										"$x":	2162,
										"$y":	5062
									},
									"Type":	"Offset",
									"Skip":	false,
									"Pattern":	{
										"$Position":	{
											"$x":	2781,
											"$y":	5059
										},
										"Type":	"BlockType",
										"Skip":	false,
										"Material":	{
											"$Position":	{
												"$x":	3402,
												"$y":	5055
											},
											"Solid":	"Empty"
										}
									},
									"Offset":	{
										"$Position":	{
											"$x":	2785,
											"$y":	5222
										},
										"X":	0,
										"Y":	-6,
										"Z":	0
									}
								}, {
									"$Position":	{
										"$x":	2160,
										"$y":	5405
									},
									"Type":	"Wall",
									"Skip":	false,
									"Wall":	{
										"$Position":	{
											"$x":	2788,
											"$y":	5424
										},
										"Type":	"BlockSet",
										"Skip":	false,
										"BlockSet":	{
											"$Position":	{
												"$x":	3424,
												"$y":	5449
											},
											"Inclusive":	false,
											"Materials":	[{
													"$Position":	{
														"$x":	3910,
														"$y":	5428
													},
													"Solid":	"Empty"
												}]
										}
									},
									"Origin":	{
										"$Position":	{
											"$x":	2800,
											"$y":	5598
										},
										"Type":	"BlockType",
										"Skip":	false,
										"Material":	{
											"$Position":	{
												"$x":	3421,
												"$y":	5599
											},
											"Solid":	"Empty"
										}
									},
									"Directions":	["S"],
									"RequireAllDirections":	false
								}]
						},
						"EastPattern":	{
							"$Position":	{
								"$x":	1525,
								"$y":	6538
							},
							"Type":	"And",
							"Skip":	false,
							"Patterns":	[{
									"$Position":	{
										"$x":	2157,
										"$y":	5842
									},
									"Type":	"Offset",
									"Skip":	false,
									"Pattern":	{
										"$Position":	{
											"$x":	2776,
											"$y":	5841
										},
										"Type":	"BlockType",
										"Skip":	false,
										"Material":	{
											"$Position":	{
												"$x":	3397,
												"$y":	5834
											},
											"Solid":	"Empty"
										}
									},
									"Offset":	{
										"$Position":	{
											"$x":	2780,
											"$y":	6004
										},
										"X":	0,
										"Y":	-1,
										"Z":	0
									}
								}, {
									"$Position":	{
										"$x":	2148,
										"$y":	6195
									},
									"Type":	"Offset",
									"Skip":	false,
									"Pattern":	{
										"$Position":	{
											"$x":	2767,
											"$y":	6192
										},
										"Type":	"BlockType",
										"Skip":	false,
										"Material":	{
											"$Position":	{
												"$x":	3388,
												"$y":	6188
											},
											"Solid":	"Empty"
										}
									},
									"Offset":	{
										"$Position":	{
											"$x":	2771,
											"$y":	6355
										},
										"X":	0,
										"Y":	-6,
										"Z":	0
									}
								}, {
									"$Position":	{
										"$x":	2146,
										"$y":	6538
									},
									"Type":	"Wall",
									"Skip":	false,
									"Wall":	{
										"$Position":	{
											"$x":	2774,
											"$y":	6557
										},
										"Type":	"BlockSet",
										"Skip":	false,
										"BlockSet":	{
											"$Position":	{
												"$x":	3410,
												"$y":	6582
											},
											"Inclusive":	false,
											"Materials":	[{
													"$Position":	{
														"$x":	3896,
														"$y":	6561
													},
													"Solid":	"Empty"
												}]
										}
									},
									"Origin":	{
										"$Position":	{
											"$x":	2786,
											"$y":	6731
										},
										"Type":	"BlockType",
										"Skip":	false,
										"Material":	{
											"$Position":	{
												"$x":	3407,
												"$y":	6732
											},
											"Solid":	"Empty"
										}
									},
									"Directions":	["E"],
									"RequireAllDirections":	false
								}]
						},
						"WestPattern":	{
							"$Position":	{
								"$x":	1523,
								"$y":	7707
							},
							"Type":	"And",
							"Skip":	false,
							"Patterns":	[{
									"$Position":	{
										"$x":	2144,
										"$y":	7022
									},
									"Type":	"Offset",
									"Skip":	false,
									"Pattern":	{
										"$Position":	{
											"$x":	2763,
											"$y":	7021
										},
										"Type":	"BlockType",
										"Skip":	false,
										"Material":	{
											"$Position":	{
												"$x":	3384,
												"$y":	7014
											},
											"Solid":	"Empty"
										}
									},
									"Offset":	{
										"$Position":	{
											"$x":	2767,
											"$y":	7184
										},
										"X":	0,
										"Y":	-1,
										"Z":	0
									}
								}, {
									"$Position":	{
										"$x":	2146,
										"$y":	7365
									},
									"Type":	"Offset",
									"Skip":	false,
									"Pattern":	{
										"$Position":	{
											"$x":	2765,
											"$y":	7364
										},
										"Type":	"BlockType",
										"Skip":	false,
										"Material":	{
											"$Position":	{
												"$x":	3386,
												"$y":	7357
											},
											"Solid":	"Empty"
										}
									},
									"Offset":	{
										"$Position":	{
											"$x":	2769,
											"$y":	7527
										},
										"X":	0,
										"Y":	-6,
										"Z":	0
									}
								}, {
									"$Position":	{
										"$x":	2167,
										"$y":	7715
									},
									"Type":	"Wall",
									"Skip":	false,
									"Wall":	{
										"$Position":	{
											"$x":	2772,
											"$y":	7726
										},
										"Type":	"BlockSet",
										"Skip":	false,
										"BlockSet":	{
											"$Position":	{
												"$x":	3408,
												"$y":	7751
											},
											"Inclusive":	false,
											"Materials":	[{
													"$Position":	{
														"$x":	3894,
														"$y":	7730
													},
													"Solid":	"Empty"
												}]
										}
									},
									"Origin":	{
										"$Position":	{
											"$x":	2784,
											"$y":	7900
										},
										"Type":	"BlockType",
										"Skip":	false,
										"Material":	{
											"$Position":	{
												"$x":	3405,
												"$y":	7901
											},
											"Solid":	"Empty"
										}
									},
									"Directions":	["W"],
									"RequireAllDirections":	false
								}]
						}
					},
					"Scanner":	{
						"$Position":	{
							"$x":	878,
							"$y":	4672
						},
						"Type":	"ColumnLinear",
						"Skip":	false,
						"MaxY":	60,
						"MinY":	10,
						"RelativeToPosition":	false,
						"BaseHeightName":	"Base",
						"TopDownOrder":	true,
						"ResultCap":	1
					}
				}
			}
		}],
	"$WorkspaceID":	"HytaleGenerator - Assignments",
	"$Groups":	[]
}