{
	"$Title":	"[ROOT] Weighted Assignments",
	"$Position":	{
		"$x":	7762,
		"$y":	-721
	},
	"Type":	"FieldFunction",
	"ExportAs":	"Plains1_Deeproot_Grasses",
	"FieldFunction":	{
		"$Position":	{
			"$x":	8450,
			"$y":	-745
		},
		"Type":	"SimplexNoise2D",
		"Skip":	false,
		"Lacunarity":	2,
		"Persistence":	0.5,
		"Octaves":	1,
		"Scale":	20,
		"Seed":	"21356",
		"CacheSize":	16
	},
	"Delimiters":	[{
			"$Position":	{
				"$x":	8438,
				"$y":	127
			},
			"Max":	0.1,
			"Min":	-1,
			"Assignments":	{
				"$Position":	{
					"$x":	8921,
					"$y":	181
				},
				"Type":	"Weighted",
				"SkipChance":	0.9,
				"Seed":	"A",
				"WeightedAssignments":	[{
						"$Position":	{
							"$x":	9672,
							"$y":	184
						},
						"Weight":	1,
						"Assignments":	{
							"$Position":	{
								"$x":	10219,
								"$y":	170
							},
							"Type":	"Constant",
							"Prop":	{
								"$Position":	{
									"$x":	10870,
									"$y":	152
								},
								"Type":	"Column",
								"Skip":	false,
								"ColumnBlocks":	[{
										"$Position":	{
											"$x":	11572,
											"$y":	151
										},
										"Y":	0,
										"Material":	{
											"$Position":	{
												"$x":	12048,
												"$y":	110
											},
											"Solid":	"Plant_Grass_Lush_Short"
										}
									}],
								"Directionality":	{
									"$Position":	{
										"$x":	11559,
										"$y":	310
									},
									"Type":	"Static",
									"Rotation":	0,
									"Pattern":	{
										"$Position":	{
											"$x":	12194,
											"$y":	342
										},
										"Type":	"Floor",
										"Skip":	false,
										"Origin":	{
											"$Position":	{
												"$x":	12842,
												"$y":	174
											},
											"Type":	"BlockSet",
											"Skip":	false,
											"BlockSet":	{
												"$Position":	{
													"$x":	13474,
													"$y":	179
												},
												"Inclusive":	true,
												"Materials":	[{
														"$Position":	{
															"$x":	13967,
															"$y":	179
														},
														"Solid":	"Empty"
													}]
											}
										},
										"Floor":	{
											"$Position":	{
												"$x":	12787,
												"$y":	527
											},
											"Type":	"BlockSet",
											"Skip":	false,
											"BlockSet":	{
												"$Position":	{
													"$x":	13446,
													"$y":	537
												},
												"Inclusive":	true,
												"Materials":	[{
														"$Position":	{
															"$x":	13942,
															"$y":	524
														},
														"Solid":	"Soil_Pathway"
													}, {
														"$Position":	{
															"$x":	13946,
															"$y":	695
														},
														"Solid":	"Soil_Grass_Deep"
													}, {
														"$Position":	{
															"$x":	13946,
															"$y":	870
														},
														"Solid":	"Soil_Leaves"
													}, {
														"$Position":	{
															"$x":	13937,
															"$y":	1049
														},
														"Solid":	"Soil_Grass"
													}]
											}
										}
									}
								},
								"Scanner":	{
									"$Position":	{
										"$x":	11577,
										"$y":	502
									},
									"Type":	"ColumnLinear",
									"Skip":	false,
									"MaxY":	60,
									"MinY":	0,
									"RelativeToPosition":	false,
									"BaseHeightName":	"Base",
									"TopDownOrder":	true,
									"ResultCap":	1
								}
							}
						}
					}]
			}
		}, {
			"$Position":	{
				"$x":	8465,
				"$y":	1157
			},
			"Max":	0.65,
			"Min":	0.1,
			"Assignments":	{
				"$Position":	{
					"$x":	8960,
					"$y":	1155
				},
				"Type":	"Weighted",
				"SkipChance":	0.5,
				"Seed":	"A",
				"WeightedAssignments":	[{
						"$Position":	{
							"$x":	9712,
							"$y":	1159
						},
						"Weight":	1,
						"Assignments":	{
							"$Position":	{
								"$x":	10195,
								"$y":	1160
							},
							"Type":	"Constant",
							"Prop":	{
								"$Position":	{
									"$x":	10846,
									"$y":	1142
								},
								"Type":	"Column",
								"Skip":	false,
								"ColumnBlocks":	[{
										"$Position":	{
											"$x":	11548,
											"$y":	1136
										},
										"Y":	0,
										"Material":	{
											"$Position":	{
												"$x":	12086,
												"$y":	1151
											},
											"Solid":	"Plant_Grass_Sharp"
										}
									}],
								"Directionality":	{
									"$Position":	{
										"$x":	11552,
										"$y":	1316
									},
									"Type":	"Static",
									"Rotation":	0,
									"Pattern":	{
										"$Position":	{
											"$x":	12211,
											"$y":	1356
										},
										"Type":	"Imported",
										"Skip":	false,
										"Name":	"Plains1_OakPattern_Floor_Grass"
									}
								},
								"Scanner":	{
									"$Position":	{
										"$x":	11553,
										"$y":	1487
									},
									"Type":	"ColumnLinear",
									"Skip":	false,
									"MaxY":	60,
									"MinY":	0,
									"RelativeToPosition":	false,
									"BaseHeightName":	"Base",
									"TopDownOrder":	true,
									"ResultCap":	1
								}
							}
						}
					}]
			}
		}, {
			"$Position":	{
				"$x":	8515,
				"$y":	2195
			},
			"Max":	1,
			"Min":	0.65,
			"Assignments":	{
				"$Position":	{
					"$x":	9007,
					"$y":	2197
				},
				"Type":	"Weighted",
				"SkipChance":	0.1,
				"Seed":	"A",
				"WeightedAssignments":	[{
						"$Position":	{
							"$x":	9772,
							"$y":	2221
						},
						"Weight":	100,
						"Assignments":	{
							"$Position":	{
								"$x":	10283,
								"$y":	2204
							},
							"Type":	"Constant",
							"Prop":	{
								"$Position":	{
									"$x":	10934,
									"$y":	2186
								},
								"Type":	"Column",
								"Skip":	false,
								"ColumnBlocks":	[{
										"$Position":	{
											"$x":	11636,
											"$y":	2180
										},
										"Y":	0,
										"Material":	{
											"$Position":	{
												"$x":	12133,
												"$y":	2102
											},
											"Solid":	"Plant_Fern_Forest"
										}
									}],
								"Directionality":	{
									"$Position":	{
										"$x":	11623,
										"$y":	2339
									},
									"Type":	"Static",
									"Rotation":	0,
									"Pattern":	{
										"$Position":	{
											"$x":	12253,
											"$y":	2321
										},
										"Type":	"Imported",
										"Skip":	false,
										"Name":	"Plains1_OakPattern_Floor_Grass"
									}
								},
								"Scanner":	{
									"$Position":	{
										"$x":	11641,
										"$y":	2531
									},
									"Type":	"ColumnLinear",
									"Skip":	false,
									"MaxY":	25,
									"MinY":	0,
									"RelativeToPosition":	false,
									"BaseHeightName":	"Base",
									"TopDownOrder":	true,
									"ResultCap":	1
								}
							}
						}
					}, {
						"$Position":	{
							"$x":	9796,
							"$y":	3099
						},
						"Weight":	100,
						"Assignments":	{
							"$Position":	{
								"$x":	10283,
								"$y":	3107
							},
							"Type":	"Constant",
							"Prop":	{
								"$Position":	{
									"$x":	10934,
									"$y":	3089
								},
								"Type":	"Column",
								"Skip":	false,
								"ColumnBlocks":	[{
										"$Position":	{
											"$x":	11636,
											"$y":	3083
										},
										"Y":	0,
										"Material":	{
											"$Position":	{
												"$x":	12138,
												"$y":	3066
											},
											"Solid":	"Plant_Grass_Sharp"
										}
									}],
								"Directionality":	{
									"$Position":	{
										"$x":	11640,
										"$y":	3263
									},
									"Type":	"Static",
									"Rotation":	0,
									"Pattern":	{
										"$Position":	{
											"$x":	12299,
											"$y":	3303
										},
										"Type":	"Imported",
										"Skip":	false,
										"Name":	"Plains1_OakPattern_Floor_Grass"
									}
								},
								"Scanner":	{
									"$Position":	{
										"$x":	11641,
										"$y":	3434
									},
									"Type":	"ColumnLinear",
									"Skip":	false,
									"MaxY":	60,
									"MinY":	0,
									"RelativeToPosition":	false,
									"BaseHeightName":	"Base",
									"TopDownOrder":	true,
									"ResultCap":	1
								}
							}
						}
					}]
			}
		}],
	"$WorkspaceID":	"HytaleGenerator - Assignments",
	"$Groups":	[]
}