{
	"$Title":	"[ROOT] Weighted Assignments",
	"$Position":	{
		"$x":	425,
		"$y":	5067
	},
	"Type":	"Weighted",
	"ExportAs":	"Plains1_Oak_Cave_Encounters",
	"SkipChance":	0,
	"Seed":	"A",
	"WeightedAssignments":	[{
			"$Position":	{
				"$x":	1276,
				"$y":	5071
			},
			"Weight":	100,
			"Assignments":	{
				"$Position":	{
					"$x":	1768,
					"$y":	5056
				},
				"Type":	"Constant",
				"Prop":	{
					"$Position":	{
						"$x":	2445,
						"$y":	5035
					},
					"Type":	"Prefab",
					"Skip":	false,
					"WeightedPrefabPaths":	[{
							"$Position":	{
								"$x":	3188,
								"$y":	5017
							},
							"Path":	"Monuments/Incidental/Treasure_Rooms/Quartzite",
							"Weight":	100
						}],
					"LegacyPath":	false,
					"LoadEntities":	true,
					"Directionality":	{
						"$Position":	{
							"$x":	3205,
							"$y":	5205
						},
						"Type":	"Random",
						"Seed":	"A",
						"Pattern":	{
							"$Position":	{
								"$x":	3860,
								"$y":	5213
							},
							"Type":	"And",
							"Skip":	false,
							"Patterns":	[{
									"$Position":	{
										"$x":	4520,
										"$y":	5218
									},
									"Type":	"Offset",
									"Skip":	false,
									"Pattern":	{
										"$Position":	{
											"$x":	5212,
											"$y":	5208
										},
										"Type":	"Floor",
										"Skip":	false,
										"Origin":	{
											"$Position":	{
												"$x":	5843,
												"$y":	5184
											},
											"Type":	"BlockSet",
											"Skip":	false,
											"BlockSet":	{
												"$Position":	{
													"$x":	6482,
													"$y":	5188
												},
												"Inclusive":	true,
												"Materials":	[{
														"$Position":	{
															"$x":	7024,
															"$y":	5192
														},
														"Solid":	"Empty"
													}]
											}
										},
										"Floor":	{
											"$Position":	{
												"$x":	5862,
												"$y":	5337
											},
											"Type":	"BlockSet",
											"Skip":	false,
											"BlockSet":	{
												"$Position":	{
													"$x":	6489,
													"$y":	5347
												},
												"Inclusive":	true,
												"Materials":	[{
														"$Position":	{
															"$x":	7012,
															"$y":	5355
														},
														"Solid":	"Soil_Pebbles"
													}, {
														"$Position":	{
															"$x":	7012,
															"$y":	5536
														},
														"Solid":	"Soil_Dirt"
													}]
											}
										}
									},
									"Offset":	{
										"$Position":	{
											"$x":	5232,
											"$y":	5386
										},
										"X":	0,
										"Y":	5,
										"Z":	0
									}
								}]
						}
					},
					"Scanner":	{
						"$Position":	{
							"$x":	3201,
							"$y":	5374
						},
						"Type":	"ColumnLinear",
						"Skip":	false,
						"MaxY":	-10,
						"MinY":	-90,
						"RelativeToPosition":	false,
						"BaseHeightName":	"Base",
						"TopDownOrder":	true,
						"ResultCap":	1
					},
					"MoldingDirection":	"None",
					"MoldingChildren":	false
				}
			}
		}],
	"$WorkspaceID":	"HytaleGenerator - Assignments",
	"$Groups":	[]
}