{
	"$Title":	"[ROOT] Weighted Assignments",
	"$Position":	{
		"$x":	-1356,
		"$y":	4649
	},
	"Type":	"FieldFunction",
	"ExportAs":	"Plains1_Oak_Trees",
	"FieldFunction":	{
		"$Position":	{
			"$x":	-653,
			"$y":	4645
		},
		"Type":	"SimplexNoise2D",
		"Skip":	false,
		"Lacunarity":	2,
		"Persistence":	0.5,
		"Octaves":	1,
		"Scale":	80,
		"Seed":	"1235"
	},
	"Delimiters":	[{
			"$Position":	{
				"$x":	-623,
				"$y":	5113
			},
			"Max":	0.85,
			"Min":	0.7,
			"Assignments":	{
				"$Position":	{
					"$x":	-144,
					"$y":	5109
				},
				"Type":	"Weighted",
				"SkipChance":	0,
				"Seed":	"A",
				"WeightedAssignments":	[{
						"$Position":	{
							"$x":	892,
							"$y":	5019
						},
						"Weight":	70,
						"Assignments":	{
							"$Position":	{
								"$x":	1384,
								"$y":	5004
							},
							"Type":	"Constant",
							"Prop":	{
								"$Position":	{
									"$x":	2029,
									"$y":	5051
								},
								"Type":	"Union",
								"Skip":	false,
								"Props":	[{
										"$Position":	{
											"$x":	2630,
											"$y":	4941
										},
										"Type":	"Prefab",
										"Skip":	false,
										"WeightedPrefabPaths":	[{
												"$Position":	{
													"$x":	3403,
													"$y":	4721
												},
												"Path":	"Trees/Oak/Stage_0",
												"Weight":	60
											}, {
												"$Position":	{
													"$x":	3401,
													"$y":	4903
												},
												"Path":	"Trees/Beech/Stage_0",
												"Weight":	20
											}],
										"LegacyPath":	false,
										"LoadEntities":	true,
										"Directionality":	{
											"$Position":	{
												"$x":	3390,
												"$y":	5111
											},
											"Type":	"Random",
											"Seed":	"A",
											"Pattern":	{
												"$Position":	{
													"$x":	4036,
													"$y":	5100
												},
												"Type":	"Floor",
												"ExportAs":	"Plains1_OakPattern_Floor_Trees",
												"Skip":	false,
												"Origin":	{
													"$Position":	{
														"$x":	4684,
														"$y":	4932
													},
													"Type":	"BlockSet",
													"Skip":	false,
													"BlockSet":	{
														"$Position":	{
															"$x":	5316,
															"$y":	4937
														},
														"Inclusive":	true,
														"Materials":	[{
																"$Position":	{
																	"$x":	5818,
																	"$y":	4901
																},
																"Solid":	"Empty"
															}]
													}
												},
												"Floor":	{
													"$Position":	{
														"$x":	4629,
														"$y":	5285
													},
													"Type":	"BlockSet",
													"Skip":	false,
													"BlockSet":	{
														"$Position":	{
															"$x":	5288,
															"$y":	5295
														},
														"Inclusive":	true,
														"Materials":	[{
																"$Position":	{
																	"$x":	6005,
																	"$y":	5239
																},
																"Solid":	"Soil_Grass"
															}, {
																"$Position":	{
																	"$x":	6028,
																	"$y":	5439
																},
																"Solid":	"Soil_Grass_Sunny"
															}, {
																"$Position":	{
																	"$x":	6009,
																	"$y":	5650
																},
																"Solid":	"Soil_Grass_Full"
															}, {
																"$Position":	{
																	"$x":	6030,
																	"$y":	5870
																},
																"Solid":	"Soil_Pathway"
															}, {
																"$Position":	{
																	"$x":	6015,
																	"$y":	6049
																},
																"Solid":	"Soil_Leaves"
															}]
													}
												}
											}
										},
										"Scanner":	{
											"$Position":	{
												"$x":	3386,
												"$y":	5280
											},
											"Type":	"ColumnLinear",
											"Skip":	false,
											"MaxY":	60,
											"MinY":	0,
											"RelativeToPosition":	false,
											"BaseHeightName":	"Base",
											"TopDownOrder":	true,
											"ResultCap":	1
										},
										"MoldingDirection":	"None",
										"MoldingChildren":	false
									}, {
										"$Position":	{
											"$x":	2639,
											"$y":	5859
										},
										"Type":	"Cluster",
										"Skip":	false,
										"Range":	10,
										"Seed":	"A",
										"DistanceCurve":	{
											"$Position":	{
												"$x":	3336,
												"$y":	5833
											},
											"Type":	"Manual",
											"Points":	[{
													"$Position":	{
														"$x":	3981,
														"$y":	5692
													},
													"In":	9,
													"Out":	0.005
												}, {
													"$Position":	{
														"$x":	3964,
														"$y":	5842
													},
													"In":	10,
													"Out":	0
												}]
										},
										"WeightedProps":	[{
												"$Position":	{
													"$x":	3382,
													"$y":	6036
												},
												"Weight":	1,
												"ColumnProp":	{
													"$Position":	{
														"$x":	3952,
														"$y":	6003
													},
													"Type":	"Column",
													"Skip":	false,
													"ColumnBlocks":	[{
															"$Position":	{
																"$x":	4667,
																"$y":	6015
															},
															"Y":	0,
															"Material":	{
																"$Position":	{
																	"$x":	5106,
																	"$y":	5992
																},
																"Solid":	"Wood_Sticks"
															}
														}],
													"Directionality":	{
														"$Position":	{
															"$x":	4666,
															"$y":	6163
														},
														"Type":	"Static",
														"Rotation":	0,
														"Pattern":	{
															"$Position":	{
																"$x":	5274,
																"$y":	6172
															},
															"Type":	"Imported",
															"Skip":	false,
															"Name":	"Plains1_OakPattern_Floor_Trees"
														}
													},
													"Scanner":	{
														"$Position":	{
															"$x":	4670,
															"$y":	6305
														},
														"Type":	"ColumnLinear",
														"Skip":	false,
														"MaxY":	5,
														"MinY":	-5,
														"RelativeToPosition":	true,
														"BaseHeightName":	"Base",
														"TopDownOrder":	true,
														"ResultCap":	1
													}
												}
											}],
										"Pattern":	{
											"$Position":	{
												"$x":	3384,
												"$y":	6218
											},
											"Type":	"Imported",
											"Skip":	false,
											"Name":	"Plains1_OakPattern_Floor"
										},
										"Scanner":	{
											"$Position":	{
												"$x":	3361,
												"$y":	6476
											},
											"Type":	"ColumnLinear",
											"Skip":	false,
											"MaxY":	60,
											"MinY":	0,
											"RelativeToPosition":	false,
											"BaseHeightName":	"Base",
											"TopDownOrder":	true,
											"ResultCap":	1
										}
									}]
							}
						}
					}, {
						"$Position":	{
							"$x":	779,
							"$y":	7296
						},
						"Weight":	30,
						"Assignments":	{
							"$Position":	{
								"$x":	1255,
								"$y":	7302
							},
							"Type":	"Constant",
							"Prop":	{
								"$Position":	{
									"$x":	1847,
									"$y":	7310
								},
								"Type":	"Cluster",
								"Skip":	false,
								"Range":	10,
								"Seed":	"A",
								"DistanceCurve":	{
									"$Position":	{
										"$x":	2544,
										"$y":	7232
									},
									"Type":	"Manual",
									"Points":	[{
											"$Position":	{
												"$x":	3187,
												"$y":	7238
											},
											"In":	0,
											"Out":	0.8
										}, {
											"$Position":	{
												"$x":	3192,
												"$y":	7394
											},
											"In":	2,
											"Out":	0.8
										}, {
											"$Position":	{
												"$x":	3206,
												"$y":	7538
											},
											"In":	3,
											"Out":	0
										}]
								},
								"WeightedProps":	[{
										"$Position":	{
											"$x":	2535,
											"$y":	7428
										},
										"Weight":	1,
										"ColumnProp":	{
											"$Position":	{
												"$x":	3043,
												"$y":	7752
											},
											"Type":	"Column",
											"Skip":	false,
											"ColumnBlocks":	[{
													"$Position":	{
														"$x":	3753,
														"$y":	7747
													},
													"Y":	0,
													"Material":	{
														"$Position":	{
															"$x":	4179,
															"$y":	7728
														},
														"Solid":	"Plant_Bush_Green"
													}
												}],
											"Directionality":	{
												"$Position":	{
													"$x":	3731,
													"$y":	7905
												},
												"Type":	"Static",
												"Rotation":	0,
												"Pattern":	{
													"$Position":	{
														"$x":	4346,
														"$y":	7904
													},
													"Type":	"Imported",
													"Skip":	false,
													"Name":	"Plains1_OakPattern_Floor_Trees"
												}
											},
											"Scanner":	{
												"$Position":	{
													"$x":	3749,
													"$y":	8097
												},
												"Type":	"ColumnLinear",
												"Skip":	false,
												"MaxY":	5,
												"MinY":	-5,
												"RelativeToPosition":	true,
												"BaseHeightName":	"Base",
												"TopDownOrder":	true,
												"ResultCap":	1
											}
										}
									}],
								"Pattern":	{
									"$Position":	{
										"$x":	2604,
										"$y":	8061
									},
									"Type":	"Imported",
									"Skip":	false,
									"Name":	"Plains1_OakPattern_Floor"
								},
								"Scanner":	{
									"$Position":	{
										"$x":	2560,
										"$y":	8493
									},
									"Type":	"ColumnLinear",
									"Skip":	false,
									"MaxY":	30,
									"MinY":	0,
									"RelativeToPosition":	false,
									"BaseHeightName":	"Base",
									"TopDownOrder":	true,
									"ResultCap":	1
								}
							}
						}
					}]
			}
		}, {
			"$Position":	{
				"$x":	-538,
				"$y":	10126
			},
			"Max":	1,
			"Min":	0.85,
			"Assignments":	{
				"$Position":	{
					"$x":	-54,
					"$y":	10102
				},
				"Type":	"Constant",
				"Prop":	{
					"$Position":	{
						"$x":	567,
						"$y":	10097
					},
					"Type":	"Union",
					"Skip":	false,
					"Props":	[{
							"$Position":	{
								"$x":	1243,
								"$y":	10048
							},
							"Type":	"Prefab",
							"Skip":	false,
							"WeightedPrefabPaths":	[{
									"$Position":	{
										"$x":	2026,
										"$y":	9521
									},
									"Path":	"Trees/Beech/Stage_4",
									"Weight":	15
								}, {
									"$Position":	{
										"$x":	2026,
										"$y":	9696
									},
									"Path":	"Trees/Beech/Stage_3",
									"Weight":	35
								}, {
									"$Position":	{
										"$x":	2014,
										"$y":	9878
									},
									"Path":	"Trees/Oak/Stage_5",
									"Weight":	30
								}, {
									"$Position":	{
										"$x":	2007,
										"$y":	10058
									},
									"Path":	"Trees/Oak/Stage_4",
									"Weight":	70
								}],
							"LegacyPath":	false,
							"LoadEntities":	true,
							"Directionality":	{
								"$Position":	{
									"$x":	2003,
									"$y":	10218
								},
								"Type":	"Random",
								"Seed":	"A",
								"Pattern":	{
									"$Position":	{
										"$x":	2605,
										"$y":	10228
									},
									"Type":	"Imported",
									"Skip":	false,
									"Name":	"Plains1_OakPattern_Floor_Trees"
								}
							},
							"Scanner":	{
								"$Position":	{
									"$x":	1999,
									"$y":	10390
								},
								"Type":	"ColumnLinear",
								"Skip":	false,
								"MaxY":	60,
								"MinY":	0,
								"RelativeToPosition":	false,
								"BaseHeightName":	"Base",
								"TopDownOrder":	true,
								"ResultCap":	1
							},
							"MoldingDirection":	"None",
							"MoldingChildren":	false
						}, {
							"$Position":	{
								"$x":	1265,
								"$y":	11012
							},
							"Type":	"Cluster",
							"Skip":	false,
							"Range":	10,
							"Seed":	"A",
							"DistanceCurve":	{
								"$Position":	{
									"$x":	1962,
									"$y":	10986
								},
								"Type":	"Manual",
								"Points":	[{
										"$Position":	{
											"$x":	2607,
											"$y":	10845
										},
										"In":	9,
										"Out":	0.005
									}, {
										"$Position":	{
											"$x":	2590,
											"$y":	10995
										},
										"In":	10,
										"Out":	0
									}]
							},
							"WeightedProps":	[{
									"$Position":	{
										"$x":	2008,
										"$y":	11189
									},
									"Weight":	1,
									"ColumnProp":	{
										"$Position":	{
											"$x":	2578,
											"$y":	11156
										},
										"Type":	"Column",
										"Skip":	false,
										"ColumnBlocks":	[{
												"$Position":	{
													"$x":	3293,
													"$y":	11168
												},
												"Y":	0,
												"Material":	{
													"$Position":	{
														"$x":	3713,
														"$y":	11139
													},
													"Solid":	"Wood_Sticks"
												}
											}],
										"Directionality":	{
											"$Position":	{
												"$x":	3292,
												"$y":	11316
											},
											"Type":	"Static",
											"Rotation":	0,
											"Pattern":	{
												"$Position":	{
													"$x":	3900,
													"$y":	11317
												},
												"Type":	"Imported",
												"Skip":	false,
												"Name":	"Plains1_OakPattern_Floor_Trees"
											}
										},
										"Scanner":	{
											"$Position":	{
												"$x":	3296,
												"$y":	11458
											},
											"Type":	"ColumnLinear",
											"Skip":	false,
											"MaxY":	5,
											"MinY":	-5,
											"RelativeToPosition":	true,
											"BaseHeightName":	"Base",
											"TopDownOrder":	true,
											"ResultCap":	1
										}
									}
								}],
							"Pattern":	{
								"$Position":	{
									"$x":	1982,
									"$y":	11429
								},
								"Type":	"Imported",
								"Skip":	false,
								"Name":	"Plains1_OakPattern_Floor"
							},
							"Scanner":	{
								"$Position":	{
									"$x":	1987,
									"$y":	11629
								},
								"Type":	"ColumnLinear",
								"Skip":	false,
								"MaxY":	60,
								"MinY":	0,
								"RelativeToPosition":	false,
								"BaseHeightName":	"Base",
								"TopDownOrder":	true,
								"ResultCap":	1
							}
						}, {
							"$Position":	{
								"$x":	1269,
								"$y":	12370
							},
							"Type":	"Cluster",
							"Skip":	false,
							"Range":	10,
							"Seed":	"A",
							"DistanceCurve":	{
								"$Position":	{
									"$x":	1966,
									"$y":	12344
								},
								"Type":	"Manual",
								"Points":	[{
										"$Position":	{
											"$x":	2611,
											"$y":	12203
										},
										"In":	9,
										"Out":	0.05
									}, {
										"$Position":	{
											"$x":	2594,
											"$y":	12353
										},
										"In":	10,
										"Out":	0
									}]
							},
							"WeightedProps":	[{
									"$Position":	{
										"$x":	2012,
										"$y":	12547
									},
									"Weight":	1,
									"ColumnProp":	{
										"$Position":	{
											"$x":	2582,
											"$y":	12514
										},
										"Type":	"Column",
										"Skip":	false,
										"ColumnBlocks":	[{
												"$Position":	{
													"$x":	3297,
													"$y":	12526
												},
												"Y":	0,
												"Material":	{
													"$Position":	{
														"$x":	3717,
														"$y":	12498
													},
													"Solid":	"Plant_Crop_Mushroom_Cap_Red"
												}
											}],
										"Directionality":	{
											"$Position":	{
												"$x":	3296,
												"$y":	12674
											},
											"Type":	"Static",
											"Rotation":	0,
											"Pattern":	{
												"$Position":	{
													"$x":	3907,
													"$y":	12692
												},
												"Type":	"Floor",
												"Skip":	false,
												"Origin":	{
													"$Position":	{
														"$x":	4516,
														"$y":	12594
													},
													"Type":	"BlockType",
													"Skip":	false,
													"Material":	{
														"$Position":	{
															"$x":	5158,
															"$y":	12617
														},
														"Solid":	"Empty"
													}
												},
												"Floor":	{
													"$Position":	{
														"$x":	4513,
														"$y":	12804
													},
													"Type":	"BlockSet",
													"Skip":	false,
													"BlockSet":	{
														"$Position":	{
															"$x":	5126,
															"$y":	12804
														},
														"Inclusive":	true,
														"Materials":	[{
																"$Position":	{
																	"$x":	5724,
																	"$y":	12778
																},
																"Solid":	"Soil_Pathway"
															}, {
																"$Position":	{
																	"$x":	5712,
																	"$y":	12944
																},
																"Solid":	"Soil_Leaves"
															}]
													}
												}
											}
										},
										"Scanner":	{
											"$Position":	{
												"$x":	3300,
												"$y":	12816
											},
											"Type":	"ColumnLinear",
											"Skip":	false,
											"MaxY":	5,
											"MinY":	-5,
											"RelativeToPosition":	true,
											"BaseHeightName":	"Base",
											"TopDownOrder":	true,
											"ResultCap":	1
										}
									}
								}],
							"Pattern":	{
								"$Position":	{
									"$x":	1986,
									"$y":	12787
								},
								"Type":	"Imported",
								"Skip":	false,
								"Name":	"Plains1_OakPattern_Floor"
							},
							"Scanner":	{
								"$Position":	{
									"$x":	1991,
									"$y":	12987
								},
								"Type":	"ColumnLinear",
								"Skip":	false,
								"MaxY":	60,
								"MinY":	0,
								"RelativeToPosition":	false,
								"BaseHeightName":	"Base",
								"TopDownOrder":	true,
								"ResultCap":	1
							}
						}]
				}
			}
		}],
	"$WorkspaceID":	"HytaleGenerator - Assignments",
	"$Groups":	[{
			"$Position":	{
				"$x":	730.875,
				"$y":	4531.3125
			},
			"$width":	5216.25,
			"$height":	2427,
			"$name":	"Small Trees"
		}, {
			"$Position":	{
				"$x":	695.8125,
				"$y":	7095.0625
			},
			"$width":	4289.1875,
			"$height":	1929.125,
			"$name":	"Bushes"
		}, {
			"$Position":	{
				"$x":	-102.125,
				"$y":	9367.875
			},
			"$width":	6831.75,
			"$height":	4249.5,
			"$name":	"Large Trees"
		}]
}