{
	"$Title":	"[ROOT] Constant Assignments",
	"$Position":	{
		"$x":	1909,
		"$y":	12863
	},
	"Type":	"Constant",
	"ExportAs":	"Plains1_Gorges_Boulders",
	"Prop":	{
		"$Position":	{
			"$x":	2662,
			"$y":	12885
		},
		"Type":	"Union",
		"Skip":	false,
		"Props":	[{
				"$Position":	{
					"$x":	3358,
					"$y":	12825
				},
				"Type":	"Prefab",
				"Skip":	false,
				"WeightedPrefabPaths":	[{
						"$Position":	{
							"$x":	4354,
							"$y":	12759
						},
						"Path":	"Rock_Formations/Rocks/Chalk/Small",
						"Weight":	100
					}],
				"LegacyPath":	false,
				"LoadEntities":	true,
				"Directionality":	{
					"$Position":	{
						"$x":	4144,
						"$y":	12950
					},
					"Type":	"Random",
					"Seed":	"A",
					"Pattern":	{
						"$Position":	{
							"$x":	4776,
							"$y":	12932
						},
						"Type":	"Floor",
						"ExportAs":	"Plains1_Pebbles_Pattern",
						"Skip":	false,
						"Origin":	{
							"$Position":	{
								"$x":	5380,
								"$y":	12903
							},
							"Type":	"BlockType",
							"Skip":	false,
							"Material":	{
								"$Position":	{
									"$x":	6005,
									"$y":	12888
								},
								"Solid":	"Empty"
							}
						},
						"Floor":	{
							"$Position":	{
								"$x":	5375,
								"$y":	13071
							},
							"Type":	"BlockSet",
							"Skip":	false,
							"BlockSet":	{
								"$Position":	{
									"$x":	6011,
									"$y":	13094
								},
								"Inclusive":	true,
								"Materials":	[{
										"$Position":	{
											"$x":	6516,
											"$y":	13065
										},
										"Solid":	"Soil_Pebbles"
									}]
							}
						}
					}
				},
				"Scanner":	{
					"$Position":	{
						"$x":	4124,
						"$y":	13207
					},
					"Type":	"ColumnLinear",
					"ExportAs":	"Plains1_Gorges_Boulder_Scanner",
					"Skip":	false,
					"MaxY":	80,
					"MinY":	20,
					"RelativeToPosition":	false,
					"BaseHeightName":	"Base",
					"TopDownOrder":	false,
					"ResultCap":	1
				},
				"MoldingDirection":	"None",
				"MoldingChildren":	false
			}, {
				"$Position":	{
					"$x":	3813,
					"$y":	14718
				},
				"Type":	"Cluster",
				"ExportAs":	"Plains1_Sticks",
				"Skip":	false,
				"Range":	10,
				"Seed":	"A",
				"DistanceCurve":	{
					"$Position":	{
						"$x":	4599,
						"$y":	14515
					},
					"Type":	"Manual",
					"Points":	[{
							"$Position":	{
								"$x":	5357,
								"$y":	14401
							},
							"In":	9,
							"Out":	0.015
						}, {
							"$Position":	{
								"$x":	5340,
								"$y":	14551
							},
							"In":	10,
							"Out":	0
						}]
				},
				"WeightedProps":	[{
						"$Position":	{
							"$x":	5570,
							"$y":	14799
						},
						"Weight":	1,
						"ColumnProp":	{
							"$Position":	{
								"$x":	6128,
								"$y":	14751
							},
							"Type":	"Column",
							"Skip":	false,
							"ColumnBlocks":	[{
									"$Position":	{
										"$x":	6837,
										"$y":	14754
									},
									"Y":	0,
									"Material":	{
										"$Position":	{
											"$x":	7282,
											"$y":	14732
										},
										"Solid":	"Rubble_Marble"
									}
								}],
							"Directionality":	{
								"$Position":	{
									"$x":	6842,
									"$y":	14911
								},
								"Type":	"Static",
								"Rotation":	0,
								"Pattern":	{
									"$Position":	{
										"$x":	7458,
										"$y":	14896
									},
									"Type":	"Imported",
									"Skip":	false,
									"Name":	"Plains1_Pebbles_Pattern"
								}
							},
							"Scanner":	{
								"$Position":	{
									"$x":	6846,
									"$y":	15053
								},
								"Type":	"ColumnLinear",
								"Skip":	false,
								"MaxY":	5,
								"MinY":	-5,
								"RelativeToPosition":	true,
								"BaseHeightName":	"Base",
								"TopDownOrder":	true,
								"ResultCap":	1
							}
						}
					}, {
						"$Position":	{
							"$x":	5572,
							"$y":	15628
						},
						"Weight":	1,
						"ColumnProp":	{
							"$Position":	{
								"$x":	6091,
								"$y":	15575
							},
							"Type":	"Column",
							"Skip":	false,
							"ColumnBlocks":	[{
									"$Position":	{
										"$x":	6800,
										"$y":	15578
									},
									"Y":	0,
									"Material":	{
										"$Position":	{
											"$x":	7245,
											"$y":	15556
										},
										"Solid":	"Rubble_Marble_Medium"
									}
								}],
							"Directionality":	{
								"$Position":	{
									"$x":	6805,
									"$y":	15735
								},
								"Type":	"Static",
								"Rotation":	0,
								"Pattern":	{
									"$Position":	{
										"$x":	7421,
										"$y":	15720
									},
									"Type":	"Imported",
									"Skip":	false,
									"Name":	"Plains1_Pebbles_Pattern"
								}
							},
							"Scanner":	{
								"$Position":	{
									"$x":	6809,
									"$y":	15877
								},
								"Type":	"ColumnLinear",
								"Skip":	false,
								"MaxY":	5,
								"MinY":	-5,
								"RelativeToPosition":	true,
								"BaseHeightName":	"Base",
								"TopDownOrder":	true,
								"ResultCap":	1
							}
						}
					}],
				"Pattern":	{
					"$Position":	{
						"$x":	4503,
						"$y":	15296
					},
					"Type":	"Imported",
					"Skip":	false,
					"Name":	"Plains1_Pebbles_Pattern"
				},
				"Scanner":	{
					"$Position":	{
						"$x":	4527,
						"$y":	15490
					},
					"Type":	"Imported",
					"Skip":	false,
					"Name":	"Plains1_Gorges_Boulder_Scanner"
				}
			}]
	},
	"$WorkspaceID":	"HytaleGenerator - Assignments",
	"$Groups":	[]
}