{
	"$Title":	"[ROOT] Weighted Assignments",
	"$Position":	{
		"$x":	7407,
		"$y":	-732
	},
	"Type":	"FieldFunction",
	"ExportAs":	"Plains1_Gorges_Grasses",
	"FieldFunction":	{
		"$Position":	{
			"$x":	8797,
			"$y":	-746
		},
		"Type":	"SimplexNoise2D",
		"Skip":	false,
		"Lacunarity":	2,
		"Persistence":	0.5,
		"Octaves":	1,
		"Scale":	30,
		"Seed":	"467567"
	},
	"Delimiters":	[{
			"$Position":	{
				"$x":	8438,
				"$y":	127
			},
			"Max":	0.3,
			"Min":	-1,
			"Assignments":	{
				"$Position":	{
					"$x":	8921,
					"$y":	181
				},
				"Type":	"Weighted",
				"SkipChance":	0.9,
				"Seed":	"A",
				"WeightedAssignments":	[{
						"$Position":	{
							"$x":	9672,
							"$y":	184
						},
						"Weight":	1,
						"Assignments":	{
							"$Position":	{
								"$x":	10219,
								"$y":	170
							},
							"Type":	"Constant",
							"Prop":	{
								"$Position":	{
									"$x":	10870,
									"$y":	152
								},
								"Type":	"Column",
								"Skip":	false,
								"ColumnBlocks":	[{
										"$Position":	{
											"$x":	11572,
											"$y":	151
										},
										"Y":	0,
										"Material":	{
											"$Position":	{
												"$x":	12128,
												"$y":	97
											},
											"Solid":	"Plant_Grass_Lush_Short"
										}
									}],
								"Directionality":	{
									"$Position":	{
										"$x":	11559,
										"$y":	310
									},
									"Type":	"Static",
									"Rotation":	0,
									"Pattern":	{
										"$Position":	{
											"$x":	12194,
											"$y":	342
										},
										"Type":	"Floor",
										"ExportAs":	"Plains1_OakPattern_Floor_Grass",
										"Skip":	false,
										"Origin":	{
											"$Position":	{
												"$x":	12842,
												"$y":	174
											},
											"Type":	"BlockSet",
											"Skip":	false,
											"BlockSet":	{
												"$Position":	{
													"$x":	13474,
													"$y":	179
												},
												"Inclusive":	true,
												"Materials":	[{
														"$Position":	{
															"$x":	13892,
															"$y":	195
														},
														"Solid":	"Empty"
													}]
											}
										},
										"Floor":	{
											"$Position":	{
												"$x":	12787,
												"$y":	527
											},
											"Type":	"BlockSet",
											"Skip":	false,
											"BlockSet":	{
												"$Position":	{
													"$x":	13446,
													"$y":	537
												},
												"Inclusive":	true,
												"Materials":	[{
														"$Position":	{
															"$x":	13990,
															"$y":	615
														},
														"Solid":	"Soil_Grass_Deep"
													}, {
														"$Position":	{
															"$x":	14001,
															"$y":	823
														},
														"Solid":	"Soil_Grass_Sunny"
													}, {
														"$Position":	{
															"$x":	13995,
															"$y":	1035
														},
														"Solid":	"Soil_Grass_Full"
													}, {
														"$Position":	{
															"$x":	14026,
															"$y":	1248
														},
														"Solid":	"Soil_Grass"
													}]
											}
										}
									}
								},
								"Scanner":	{
									"$Position":	{
										"$x":	11577,
										"$y":	502
									},
									"Type":	"ColumnLinear",
									"Skip":	false,
									"MaxY":	80,
									"MinY":	0,
									"RelativeToPosition":	false,
									"BaseHeightName":	"Base",
									"TopDownOrder":	true,
									"ResultCap":	1
								}
							}
						}
					}]
			}
		}, {
			"$Position":	{
				"$x":	8465,
				"$y":	1157
			},
			"Max":	0.75,
			"Min":	0.3,
			"Assignments":	{
				"$Position":	{
					"$x":	8960,
					"$y":	1155
				},
				"Type":	"Weighted",
				"SkipChance":	0.5,
				"Seed":	"A",
				"WeightedAssignments":	[{
						"$Position":	{
							"$x":	9712,
							"$y":	1159
						},
						"Weight":	1,
						"Assignments":	{
							"$Position":	{
								"$x":	10195,
								"$y":	1160
							},
							"Type":	"Constant",
							"Prop":	{
								"$Position":	{
									"$x":	10846,
									"$y":	1142
								},
								"Type":	"Column",
								"Skip":	false,
								"ColumnBlocks":	[{
										"$Position":	{
											"$x":	11548,
											"$y":	1136
										},
										"Y":	0,
										"Material":	{
											"$Position":	{
												"$x":	11957,
												"$y":	1118
											},
											"Solid":	"Plant_Grass_Sharp"
										}
									}],
								"Directionality":	{
									"$Position":	{
										"$x":	11552,
										"$y":	1316
									},
									"Type":	"Static",
									"Rotation":	0,
									"Pattern":	{
										"$Position":	{
											"$x":	12211,
											"$y":	1356
										},
										"Type":	"Imported",
										"Skip":	false,
										"Name":	"Plains1_OakPattern_Floor_Grass"
									}
								},
								"Scanner":	{
									"$Position":	{
										"$x":	11553,
										"$y":	1487
									},
									"Type":	"ColumnLinear",
									"Skip":	false,
									"MaxY":	80,
									"MinY":	0,
									"RelativeToPosition":	false,
									"BaseHeightName":	"Base",
									"TopDownOrder":	true,
									"ResultCap":	1
								}
							}
						}
					}]
			}
		}, {
			"$Position":	{
				"$x":	8515,
				"$y":	2195
			},
			"Max":	1,
			"Min":	0.75,
			"Assignments":	{
				"$Position":	{
					"$x":	9007,
					"$y":	2197
				},
				"Type":	"Weighted",
				"SkipChance":	0.1,
				"Seed":	"A",
				"WeightedAssignments":	[{
						"$Position":	{
							"$x":	9726,
							"$y":	2189
						},
						"Weight":	60,
						"Assignments":	{
							"$Position":	{
								"$x":	10237,
								"$y":	2172
							},
							"Type":	"Constant",
							"Prop":	{
								"$Position":	{
									"$x":	10888,
									"$y":	2154
								},
								"Type":	"Column",
								"Skip":	false,
								"ColumnBlocks":	[{
										"$Position":	{
											"$x":	11590,
											"$y":	2148
										},
										"Y":	0,
										"Material":	{
											"$Position":	{
												"$x":	12165,
												"$y":	2099
											},
											"Solid":	"Plant_Grass_Sharp_Tall"
										}
									}],
								"Directionality":	{
									"$Position":	{
										"$x":	11577,
										"$y":	2307
									},
									"Type":	"Static",
									"Rotation":	0,
									"Pattern":	{
										"$Position":	{
											"$x":	12207,
											"$y":	2289
										},
										"Type":	"Imported",
										"Skip":	false,
										"Name":	"Plains1_OakPattern_Floor_Grass"
									}
								},
								"Scanner":	{
									"$Position":	{
										"$x":	11595,
										"$y":	2499
									},
									"Type":	"ColumnLinear",
									"Skip":	false,
									"MaxY":	80,
									"MinY":	0,
									"RelativeToPosition":	false,
									"BaseHeightName":	"Base",
									"TopDownOrder":	true,
									"ResultCap":	1
								}
							}
						}
					}, {
						"$Position":	{
							"$x":	9776,
							"$y":	2994
						},
						"Weight":	40,
						"Assignments":	{
							"$Position":	{
								"$x":	10287,
								"$y":	2977
							},
							"Type":	"Constant",
							"Prop":	{
								"$Position":	{
									"$x":	10938,
									"$y":	2959
								},
								"Type":	"Column",
								"Skip":	false,
								"ColumnBlocks":	[{
										"$Position":	{
											"$x":	11640,
											"$y":	2953
										},
										"Y":	0,
										"Material":	{
											"$Position":	{
												"$x":	12258,
												"$y":	2866
											},
											"Solid":	"Plant_Grass_Sharp_Wild"
										}
									}],
								"Directionality":	{
									"$Position":	{
										"$x":	11627,
										"$y":	3112
									},
									"Type":	"Static",
									"Rotation":	0,
									"Pattern":	{
										"$Position":	{
											"$x":	12257,
											"$y":	3094
										},
										"Type":	"Imported",
										"Skip":	false,
										"Name":	"Plains1_OakPattern_Floor_Grass"
									}
								},
								"Scanner":	{
									"$Position":	{
										"$x":	11645,
										"$y":	3304
									},
									"Type":	"ColumnLinear",
									"Skip":	false,
									"MaxY":	80,
									"MinY":	0,
									"RelativeToPosition":	false,
									"BaseHeightName":	"Base",
									"TopDownOrder":	true,
									"ResultCap":	1
								}
							}
						}
					}]
			}
		}],
	"$WorkspaceID":	"HytaleGenerator - Assignments",
	"$Groups":	[]
}