{
	"$Title":	"[ROOT] Weighted Assignments",
	"$Position":	{
		"$x":	7762,
		"$y":	-721
	},
	"Type":	"FieldFunction",
	"ExportAs":	"Plains1_Deeproot_Mosses",
	"FieldFunction":	{
		"$Position":	{
			"$x":	8450,
			"$y":	-745
		},
		"Type":	"SimplexNoise2D",
		"Skip":	false,
		"Lacunarity":	2,
		"Persistence":	0.5,
		"Octaves":	1,
		"Scale":	15,
		"Seed":	"21356"
	},
	"Delimiters":	[{
			"$Position":	{
				"$x":	8597,
				"$y":	-253
			},
			"Max":	0.3,
			"Min":	-2,
			"Assignments":	{
				"$Position":	{
					"$x":	9092,
					"$y":	-255
				},
				"Type":	"Weighted",
				"SkipChance":	0.99,
				"Seed":	"A",
				"WeightedAssignments":	[{
						"$Position":	{
							"$x":	9844,
							"$y":	-251
						},
						"Weight":	1,
						"Assignments":	{
							"$Position":	{
								"$x":	10327,
								"$y":	-250
							},
							"Type":	"Constant",
							"Prop":	{
								"$Position":	{
									"$x":	11021,
									"$y":	-251
								},
								"Type":	"Union",
								"Skip":	false,
								"Props":	[{
										"$Position":	{
											"$x":	11669,
											"$y":	-279
										},
										"Type":	"Column",
										"Skip":	false,
										"ColumnBlocks":	[{
												"$Position":	{
													"$x":	12371,
													"$y":	-285
												},
												"Y":	0,
												"Material":	{
													"$Position":	{
														"$x":	12799,
														"$y":	-282
													},
													"Solid":	"Wood_Sticks"
												}
											}],
										"Directionality":	{
											"$Position":	{
												"$x":	12375,
												"$y":	-105
											},
											"Type":	"Static",
											"Rotation":	0,
											"Pattern":	{
												"$Position":	{
													"$x":	13010,
													"$y":	-90
												},
												"Type":	"And",
												"ExportAs":	"Plains1_Deeproot_Mosses_Inverted_Pattern",
												"Skip":	false,
												"Patterns":	[{
														"$Position":	{
															"$x":	13662,
															"$y":	-599
														},
														"Type":	"Offset",
														"Skip":	false,
														"Pattern":	{
															"$Position":	{
																"$x":	14334,
																"$y":	-602
															},
															"Type":	"BlockType",
															"Skip":	false,
															"Material":	{
																"$Position":	{
																	"$x":	14967,
																	"$y":	-604
																},
																"Solid":	"Empty"
															}
														},
														"Offset":	{
															"$Position":	{
																"$x":	14298,
																"$y":	-448
															},
															"X":	0,
															"Y":	8,
															"Z":	0
														}
													}, {
														"$Position":	{
															"$x":	13651,
															"$y":	-93
														},
														"Type":	"Floor",
														"Skip":	false,
														"Origin":	{
															"$Position":	{
																"$x":	14299,
																"$y":	-261
															},
															"Type":	"BlockSet",
															"Skip":	false,
															"BlockSet":	{
																"$Position":	{
																	"$x":	14931,
																	"$y":	-256
																},
																"Inclusive":	true,
																"Materials":	[{
																		"$Position":	{
																			"$x":	15424,
																			"$y":	-256
																		},
																		"Solid":	"Empty"
																	}]
															}
														},
														"Floor":	{
															"$Position":	{
																"$x":	14244,
																"$y":	89
															},
															"Type":	"BlockSet",
															"Skip":	false,
															"BlockSet":	{
																"$Position":	{
																	"$x":	14903,
																	"$y":	99
																},
																"Inclusive":	true,
																"Materials":	[{
																		"$Position":	{
																			"$x":	15399,
																			"$y":	86
																		},
																		"Solid":	"Soil_Mud"
																	}, {
																		"$Position":	{
																			"$x":	15403,
																			"$y":	257
																		},
																		"Solid":	"Soil_Mud_Dry"
																	}, {
																		"$Position":	{
																			"$x":	15403,
																			"$y":	432
																		},
																		"Solid":	"Soil_Pathway"
																	}]
															}
														}
													}]
											}
										},
										"Scanner":	{
											"$Position":	{
												"$x":	12376,
												"$y":	64
											},
											"Type":	"ColumnLinear",
											"Skip":	false,
											"MaxY":	10,
											"MinY":	-80,
											"RelativeToPosition":	false,
											"BaseHeightName":	"Base",
											"TopDownOrder":	true,
											"ResultCap":	2
										}
									}]
							}
						}
					}]
			}
		}, {
			"$Position":	{
				"$x":	8664,
				"$y":	2078
			},
			"Max":	0.65,
			"Min":	0.3,
			"Assignments":	{
				"$Position":	{
					"$x":	9159,
					"$y":	2076
				},
				"Type":	"Weighted",
				"SkipChance":	0.5,
				"Seed":	"A",
				"WeightedAssignments":	[{
						"$Position":	{
							"$x":	9911,
							"$y":	2080
						},
						"Weight":	1,
						"Assignments":	{
							"$Position":	{
								"$x":	10394,
								"$y":	2081
							},
							"Type":	"Constant",
							"Prop":	{
								"$Position":	{
									"$x":	11088,
									"$y":	2080
								},
								"Type":	"Union",
								"Skip":	false,
								"Props":	[{
										"$Position":	{
											"$x":	11736,
											"$y":	2052
										},
										"Type":	"Column",
										"Skip":	false,
										"ColumnBlocks":	[{
												"$Position":	{
													"$x":	12438,
													"$y":	2046
												},
												"Y":	0,
												"Material":	{
													"$Position":	{
														"$x":	12976,
														"$y":	2061
													},
													"Solid":	"Plant_Moss_Short_Green_Dark"
												}
											}],
										"Directionality":	{
											"$Position":	{
												"$x":	12442,
												"$y":	2226
											},
											"Type":	"Static",
											"Rotation":	0,
											"Pattern":	{
												"$Position":	{
													"$x":	13042,
													"$y":	2221
												},
												"Type":	"And",
												"ExportAs":	"Plains1_Deeproot_Mosses_Pattern",
												"Skip":	false,
												"Patterns":	[{
														"$Position":	{
															"$x":	13694,
															"$y":	1713
														},
														"Type":	"Offset",
														"Skip":	false,
														"Pattern":	{
															"$Position":	{
																"$x":	14333,
																"$y":	1705
															},
															"Type":	"Not",
															"Skip":	false,
															"Pattern":	{
																"$Position":	{
																	"$x":	14964,
																	"$y":	1707
																},
																"Type":	"BlockType",
																"Skip":	false,
																"Material":	{
																	"$Position":	{
																		"$x":	15597,
																		"$y":	1705
																	},
																	"Solid":	"Empty"
																}
															}
														},
														"Offset":	{
															"$Position":	{
																"$x":	14330,
																"$y":	1864
															},
															"X":	0,
															"Y":	8,
															"Z":	0
														}
													}, {
														"$Position":	{
															"$x":	13683,
															"$y":	2219
														},
														"Type":	"Floor",
														"Skip":	false,
														"Origin":	{
															"$Position":	{
																"$x":	14331,
																"$y":	2051
															},
															"Type":	"BlockSet",
															"Skip":	false,
															"BlockSet":	{
																"$Position":	{
																	"$x":	14963,
																	"$y":	2056
																},
																"Inclusive":	true,
																"Materials":	[{
																		"$Position":	{
																			"$x":	15456,
																			"$y":	2056
																		},
																		"Solid":	"Empty"
																	}]
															}
														},
														"Floor":	{
															"$Position":	{
																"$x":	14276,
																"$y":	2403
															},
															"Type":	"BlockSet",
															"Skip":	false,
															"BlockSet":	{
																"$Position":	{
																	"$x":	14935,
																	"$y":	2413
																},
																"Inclusive":	true,
																"Materials":	[{
																		"$Position":	{
																			"$x":	15431,
																			"$y":	2400
																		},
																		"Solid":	"Soil_Mud"
																	}, {
																		"$Position":	{
																			"$x":	15435,
																			"$y":	2571
																		},
																		"Solid":	"Soil_Mud_Dry"
																	}, {
																		"$Position":	{
																			"$x":	15435,
																			"$y":	2746
																		},
																		"Solid":	"Soil_Pathway"
																	}]
															}
														}
													}]
											}
										},
										"Scanner":	{
											"$Position":	{
												"$x":	12443,
												"$y":	2396
											},
											"Type":	"ColumnLinear",
											"Skip":	false,
											"MaxY":	10,
											"MinY":	-80,
											"RelativeToPosition":	false,
											"BaseHeightName":	"Base",
											"TopDownOrder":	true,
											"ResultCap":	2
										}
									}]
							}
						}
					}]
			}
		}, {
			"$Position":	{
				"$x":	8639,
				"$y":	3495
			},
			"Max":	1,
			"Min":	0.65,
			"Assignments":	{
				"$Position":	{
					"$x":	9131,
					"$y":	3497
				},
				"Type":	"Weighted",
				"SkipChance":	0.1,
				"Seed":	"A",
				"WeightedAssignments":	[{
						"$Position":	{
							"$x":	9876,
							"$y":	3511
						},
						"Weight":	100,
						"Assignments":	{
							"$Position":	{
								"$x":	10383,
								"$y":	3521
							},
							"Type":	"Constant",
							"Prop":	{
								"$Position":	{
									"$x":	10976,
									"$y":	3516
								},
								"Type":	"Union",
								"Skip":	false,
								"Props":	[{
										"$Position":	{
											"$x":	11581,
											"$y":	3516
										},
										"Type":	"Column",
										"Skip":	false,
										"ColumnBlocks":	[{
												"$Position":	{
													"$x":	12261,
													"$y":	3516
												},
												"Y":	0,
												"Material":	{
													"$Position":	{
														"$x":	12763,
														"$y":	3499
													},
													"Solid":	"Plant_Moss_Green_Dark"
												}
											}],
										"Directionality":	{
											"$Position":	{
												"$x":	12271,
												"$y":	3693
											},
											"Type":	"Static",
											"Rotation":	0,
											"Pattern":	{
												"$Position":	{
													"$x":	12885,
													"$y":	3683
												},
												"Type":	"Imported",
												"Skip":	false,
												"Name":	"Plains1_Deeproot_Mosses_Pattern"
											}
										},
										"Scanner":	{
											"$Position":	{
												"$x":	12266,
												"$y":	3867
											},
											"Type":	"ColumnLinear",
											"Skip":	false,
											"MaxY":	10,
											"MinY":	-80,
											"RelativeToPosition":	false,
											"BaseHeightName":	"Base",
											"TopDownOrder":	true,
											"ResultCap":	2
										}
									}, {
										"$Position":	{
											"$x":	11559,
											"$y":	4337
										},
										"Type":	"Column",
										"Skip":	false,
										"ColumnBlocks":	[{
												"$Position":	{
													"$x":	12239,
													"$y":	4336
												},
												"Y":	0,
												"Material":	{
													"$Position":	{
														"$x":	12741,
														"$y":	4319
													},
													"Solid":	"Plant_Bush_Bramble"
												}
											}],
										"Directionality":	{
											"$Position":	{
												"$x":	12249,
												"$y":	4513
											},
											"Type":	"Static",
											"Rotation":	0,
											"Pattern":	{
												"$Position":	{
													"$x":	12879,
													"$y":	4516
												},
												"Type":	"Imported",
												"Skip":	false,
												"Name":	"Plains1_Deeproot_Mosses_Inverted_Pattern"
											}
										},
										"Scanner":	{
											"$Position":	{
												"$x":	12244,
												"$y":	4687
											},
											"Type":	"ColumnLinear",
											"Skip":	false,
											"MaxY":	10,
											"MinY":	-80,
											"RelativeToPosition":	false,
											"BaseHeightName":	"Base",
											"TopDownOrder":	true,
											"ResultCap":	2
										}
									}]
							}
						}
					}]
			}
		}],
	"$WorkspaceID":	"HytaleGenerator - Assignments",
	"$Groups":	[]
}