{
	"$Title":	"[ROOT] Weighted Assignments",
	"$Position":	{
		"$x":	-1128,
		"$y":	3991
	},
	"Type":	"Weighted",
	"ExportAs":	"Plains1_River_Bushes",
	"SkipChance":	0,
	"Seed":	"A",
	"WeightedAssignments":	[{
			"$Position":	{
				"$x":	-369,
				"$y":	3996
			},
			"Weight":	1,
			"Assignments":	{
				"$Position":	{
					"$x":	102,
					"$y":	4003
				},
				"Type":	"Constant",
				"Prop":	{
					"$Position":	{
						"$x":	721,
						"$y":	3990
					},
					"Type":	"Cluster",
					"Skip":	false,
					"Range":	10,
					"Seed":	"A",
					"DistanceCurve":	{
						"$Position":	{
							"$x":	1460,
							"$y":	3962
						},
						"Type":	"Manual",
						"Points":	[{
								"$Position":	{
									"$x":	2068,
									"$y":	3962
								},
								"In":	2,
								"Out":	0.5
							}, {
								"$Position":	{
									"$x":	2067,
									"$y":	4135
								},
								"In":	2.1,
								"Out":	0
							}]
					},
					"WeightedProps":	[{
							"$Position":	{
								"$x":	1461,
								"$y":	4288
							},
							"Weight":	1,
							"ColumnProp":	{
								"$Position":	{
									"$x":	3239,
									"$y":	4248
								},
								"Type":	"Column",
								"Skip":	false,
								"ColumnBlocks":	[{
										"$Position":	{
											"$x":	3941,
											"$y":	4242
										},
										"Y":	0,
										"Material":	{
											"$Position":	{
												"$x":	4425,
												"$y":	4226
											},
											"Solid":	"Plant_Bush"
										}
									}],
								"Directionality":	{
									"$Position":	{
										"$x":	3938,
										"$y":	4393
									},
									"Type":	"Static",
									"Rotation":	0,
									"Pattern":	{
										"$Position":	{
											"$x":	4558,
											"$y":	4400
										},
										"Type":	"Floor",
										"Skip":	false,
										"Origin":	{
											"$Position":	{
												"$x":	5206,
												"$y":	4232
											},
											"Type":	"BlockSet",
											"Skip":	false,
											"BlockSet":	{
												"$Position":	{
													"$x":	5838,
													"$y":	4237
												},
												"Inclusive":	true,
												"Materials":	[{
														"$Position":	{
															"$x":	6370,
															"$y":	4221
														},
														"Solid":	"Empty"
													}]
											}
										},
										"Floor":	{
											"$Position":	{
												"$x":	5210,
												"$y":	4411
											},
											"Type":	"BlockSet",
											"Skip":	false,
											"BlockSet":	{
												"$Position":	{
													"$x":	5869,
													"$y":	4421
												},
												"Inclusive":	true,
												"Materials":	[{
														"$Position":	{
															"$x":	6348,
															"$y":	4411
														},
														"Solid":	"Soil_Leaves"
													}, {
														"$Position":	{
															"$x":	6361,
															"$y":	4572
														},
														"Solid":	"Soil_Pathway"
													}, {
														"$Position":	{
															"$x":	6353,
															"$y":	4728
														},
														"Solid":	"Soil_Grass"
													}, {
														"$Position":	{
															"$x":	6365,
															"$y":	4900
														},
														"Solid":	"Soil_Grass_Deep"
													}]
											}
										}
									}
								},
								"Scanner":	{
									"$Position":	{
										"$x":	3946,
										"$y":	4593
									},
									"Type":	"ColumnLinear",
									"Skip":	false,
									"MaxY":	30,
									"MinY":	0,
									"RelativeToPosition":	false,
									"BaseHeightName":	"Water",
									"TopDownOrder":	false,
									"ResultCap":	1
								}
							}
						}],
					"Pattern":	{
						"$Position":	{
							"$x":	1444,
							"$y":	4579
						},
						"Type":	"Floor",
						"Skip":	false,
						"Origin":	{
							"$Position":	{
								"$x":	2092,
								"$y":	4526
							},
							"Type":	"BlockSet",
							"Skip":	false,
							"BlockSet":	{
								"$Position":	{
									"$x":	2724,
									"$y":	4531
								},
								"Inclusive":	true,
								"Materials":	[{
										"$Position":	{
											"$x":	3255,
											"$y":	4515
										},
										"Solid":	"Empty"
									}]
							}
						},
						"Floor":	{
							"$Position":	{
								"$x":	2096,
								"$y":	4705
							},
							"Type":	"BlockSet",
							"Skip":	false,
							"BlockSet":	{
								"$Position":	{
									"$x":	2755,
									"$y":	4715
								},
								"Inclusive":	true,
								"Materials":	[{
										"$Position":	{
											"$x":	3239,
											"$y":	4714
										},
										"Solid":	"Soil_Grass_Deep"
									}]
							}
						}
					},
					"Scanner":	{
						"$Position":	{
							"$x":	1426,
							"$y":	4750
						},
						"Type":	"ColumnLinear",
						"Skip":	false,
						"MaxY":	30,
						"MinY":	0,
						"RelativeToPosition":	false,
						"BaseHeightName":	"Water",
						"TopDownOrder":	false,
						"ResultCap":	1
					}
				}
			}
		}, {
			"$Position":	{
				"$x":	-327,
				"$y":	5588
			},
			"Weight":	1,
			"Assignments":	{
				"$Position":	{
					"$x":	143,
					"$y":	5595
				},
				"Type":	"Constant",
				"Prop":	{
					"$Position":	{
						"$x":	780,
						"$y":	5587
					},
					"Type":	"Cluster",
					"Skip":	false,
					"Range":	10,
					"Seed":	"A",
					"DistanceCurve":	{
						"$Position":	{
							"$x":	1519,
							"$y":	5559
						},
						"Type":	"Manual",
						"Points":	[{
								"$Position":	{
									"$x":	2127,
									"$y":	5559
								},
								"In":	2,
								"Out":	0.5
							}, {
								"$Position":	{
									"$x":	2126,
									"$y":	5732
								},
								"In":	2.1,
								"Out":	0
							}]
					},
					"WeightedProps":	[{
							"$Position":	{
								"$x":	1520,
								"$y":	5885
							},
							"Weight":	1,
							"ColumnProp":	{
								"$Position":	{
									"$x":	3298,
									"$y":	5845
								},
								"Type":	"Column",
								"Skip":	false,
								"ColumnBlocks":	[{
										"$Position":	{
											"$x":	4000,
											"$y":	5839
										},
										"Y":	0,
										"Material":	{
											"$Position":	{
												"$x":	4484,
												"$y":	5823
											},
											"Solid":	"Plant_Flower_Bushy_Green"
										}
									}],
								"Directionality":	{
									"$Position":	{
										"$x":	3997,
										"$y":	5990
									},
									"Type":	"Static",
									"Rotation":	0,
									"Pattern":	{
										"$Position":	{
											"$x":	4617,
											"$y":	5997
										},
										"Type":	"Floor",
										"Skip":	false,
										"Origin":	{
											"$Position":	{
												"$x":	5265,
												"$y":	5829
											},
											"Type":	"BlockSet",
											"Skip":	false,
											"BlockSet":	{
												"$Position":	{
													"$x":	5897,
													"$y":	5834
												},
												"Inclusive":	true,
												"Materials":	[{
														"$Position":	{
															"$x":	6429,
															"$y":	5818
														},
														"Solid":	"Empty"
													}]
											}
										},
										"Floor":	{
											"$Position":	{
												"$x":	5269,
												"$y":	6008
											},
											"Type":	"BlockSet",
											"Skip":	false,
											"BlockSet":	{
												"$Position":	{
													"$x":	5928,
													"$y":	6018
												},
												"Inclusive":	true,
												"Materials":	[{
														"$Position":	{
															"$x":	6397,
															"$y":	6037
														},
														"Solid":	"Soil_Grass_Deep"
													}]
											}
										}
									}
								},
								"Scanner":	{
									"$Position":	{
										"$x":	4005,
										"$y":	6190
									},
									"Type":	"ColumnLinear",
									"Skip":	false,
									"MaxY":	30,
									"MinY":	0,
									"RelativeToPosition":	false,
									"BaseHeightName":	"Water",
									"TopDownOrder":	false,
									"ResultCap":	1
								}
							}
						}],
					"Pattern":	{
						"$Position":	{
							"$x":	1503,
							"$y":	6176
						},
						"Type":	"Floor",
						"Skip":	false,
						"Origin":	{
							"$Position":	{
								"$x":	2151,
								"$y":	6123
							},
							"Type":	"BlockSet",
							"Skip":	false,
							"BlockSet":	{
								"$Position":	{
									"$x":	2783,
									"$y":	6128
								},
								"Inclusive":	true,
								"Materials":	[{
										"$Position":	{
											"$x":	3314,
											"$y":	6112
										},
										"Solid":	"Empty"
									}]
							}
						},
						"Floor":	{
							"$Position":	{
								"$x":	2155,
								"$y":	6302
							},
							"Type":	"BlockSet",
							"Skip":	false,
							"BlockSet":	{
								"$Position":	{
									"$x":	2814,
									"$y":	6312
								},
								"Inclusive":	true,
								"Materials":	[{
										"$Position":	{
											"$x":	3298,
											"$y":	6311
										},
										"Solid":	"Soil_Grass_Deep"
									}]
							}
						}
					},
					"Scanner":	{
						"$Position":	{
							"$x":	1485,
							"$y":	6347
						},
						"Type":	"ColumnLinear",
						"Skip":	false,
						"MaxY":	30,
						"MinY":	0,
						"RelativeToPosition":	false,
						"BaseHeightName":	"Water",
						"TopDownOrder":	false,
						"ResultCap":	1
					}
				}
			}
		}],
	"$WorkspaceID":	"HytaleGenerator - Assignments",
	"$Groups":	[{
			"$Position":	{
				"$x":	679.75,
				"$y":	3779.75
			},
			"$width":	6321.875,
			"$height":	1309.1875,
			"$name":	"Bushes"
		}, {
			"$Position":	{
				"$x":	739.375,
				"$y":	5376.875
			},
			"$width":	6446.875,
			"$height":	1511.5,
			"$name":	"Nettles"
		}]
}