{
	"$Title":	"[ROOT] Weighted Assignments",
	"$Position":	{
		"$x":	-3252,
		"$y":	-5856
	},
	"Type":	"Weighted",
	"ExportAs":	"Plains1_Oak_Tree_Rings",
	"SkipChance":	0,
	"Seed":	"A",
	"WeightedAssignments":	[{
			"$Position":	{
				"$x":	-2539,
				"$y":	-5837
			},
			"Weight":	70,
			"Assignments":	{
				"$Position":	{
					"$x":	-2061,
					"$y":	-5824
				},
				"Type":	"FieldFunction",
				"FieldFunction":	{
					"$Position":	{
						"$x":	-1240,
						"$y":	-5826
					},
					"Type":	"SimplexNoise2D",
					"Skip":	false,
					"Lacunarity":	2,
					"Persistence":	0.5,
					"Octaves":	1,
					"Scale":	50,
					"Seed":	"A"
				},
				"Delimiters":	[{
						"$Position":	{
							"$x":	-1318,
							"$y":	-5395
						},
						"Max":	0,
						"Min":	-1,
						"Assignments":	{
							"$Position":	{
								"$x":	-821,
								"$y":	-5373
							},
							"Type":	"Constant",
							"Prop":	{
								"$Position":	{
									"$x":	-134,
									"$y":	-5384
								},
								"Type":	"Union",
								"Skip":	false,
								"Props":	[{
										"$Position":	{
											"$x":	465,
											"$y":	-5494
										},
										"Type":	"Prefab",
										"Skip":	false,
										"WeightedPrefabPaths":	[{
												"$Position":	{
													"$x":	1247,
													"$y":	-5886
												},
												"Path":	"Trees/Beech/Stage_0",
												"Weight":	10
											}, {
												"$Position":	{
													"$x":	1244,
													"$y":	-5717
												},
												"Path":	"Trees/Birch/Stage_1",
												"Weight":	15
											}, {
												"$Position":	{
													"$x":	1236,
													"$y":	-5532
												},
												"Path":	"Trees/Birch/Stage_0",
												"Weight":	75
											}],
										"LegacyPath":	false,
										"LoadEntities":	true,
										"Directionality":	{
											"$Position":	{
												"$x":	1225,
												"$y":	-5324
											},
											"Type":	"Random",
											"Seed":	"A",
											"Pattern":	{
												"$Position":	{
													"$x":	1836,
													"$y":	-5322
												},
												"Type":	"Floor",
												"ExportAs":	"Plains1_OakPattern_Floor",
												"Skip":	false,
												"Origin":	{
													"$Position":	{
														"$x":	2484,
														"$y":	-5490
													},
													"Type":	"BlockSet",
													"Skip":	false,
													"BlockSet":	{
														"$Position":	{
															"$x":	3116,
															"$y":	-5485
														},
														"Inclusive":	true,
														"Materials":	[{
																"$Position":	{
																	"$x":	3756,
																	"$y":	-5522
																},
																"Solid":	"Empty"
															}]
													}
												},
												"Floor":	{
													"$Position":	{
														"$x":	2429,
														"$y":	-5137
													},
													"Type":	"BlockSet",
													"Skip":	false,
													"BlockSet":	{
														"$Position":	{
															"$x":	3088,
															"$y":	-5127
														},
														"Inclusive":	true,
														"Materials":	[{
																"$Position":	{
																	"$x":	3786,
																	"$y":	-5108
																},
																"Solid":	"Soil_Grass_Full"
															}, {
																"$Position":	{
																	"$x":	3780,
																	"$y":	-4895
																},
																"Solid":	"Soil_Grass"
															}, {
																"$Position":	{
																	"$x":	3750,
																	"$y":	-4712
																},
																"Solid":	"Soil_Grass_Sunny"
															}, {
																"$Position":	{
																	"$x":	3774,
																	"$y":	-4529
																},
																"Solid":	"Soil_Leaves"
															}, {
																"$Position":	{
																	"$x":	3817,
																	"$y":	-4310
																},
																"Solid":	"Soil_Pathway"
															}]
													}
												}
											}
										},
										"Scanner":	{
											"$Position":	{
												"$x":	1221,
												"$y":	-5155
											},
											"Type":	"ColumnLinear",
											"Skip":	false,
											"MaxY":	30,
											"MinY":	0,
											"RelativeToPosition":	false,
											"BaseHeightName":	"Base",
											"TopDownOrder":	true,
											"ResultCap":	1
										},
										"MoldingDirection":	"None",
										"MoldingChildren":	false
									}, {
										"$Position":	{
											"$x":	474,
											"$y":	-4576
										},
										"Type":	"Cluster",
										"Skip":	false,
										"Range":	10,
										"Seed":	"A",
										"DistanceCurve":	{
											"$Position":	{
												"$x":	1171,
												"$y":	-4602
											},
											"Type":	"Manual",
											"Points":	[{
													"$Position":	{
														"$x":	1816,
														"$y":	-4743
													},
													"In":	9,
													"Out":	0.0025
												}, {
													"$Position":	{
														"$x":	1799,
														"$y":	-4593
													},
													"In":	10,
													"Out":	0
												}]
										},
										"WeightedProps":	[{
												"$Position":	{
													"$x":	1217,
													"$y":	-4399
												},
												"Weight":	1,
												"ColumnProp":	{
													"$Position":	{
														"$x":	1776,
														"$y":	-4402
													},
													"Type":	"Column",
													"Skip":	false,
													"ColumnBlocks":	[{
															"$Position":	{
																"$x":	2491,
																"$y":	-4390
															},
															"Y":	0,
															"Material":	{
																"$Position":	{
																	"$x":	3001,
																	"$y":	-4414
																},
																"Solid":	"Wood_Sticks"
															}
														}],
													"Directionality":	{
														"$Position":	{
															"$x":	2490,
															"$y":	-4242
														},
														"Type":	"Static",
														"Rotation":	0,
														"Pattern":	{
															"$Position":	{
																"$x":	3122,
																"$y":	-4237
															},
															"Type":	"Imported",
															"Skip":	false,
															"Name":	"Plains1_OakPattern_Floor"
														}
													},
													"Scanner":	{
														"$Position":	{
															"$x":	2494,
															"$y":	-4100
														},
														"Type":	"ColumnLinear",
														"Skip":	false,
														"MaxY":	5,
														"MinY":	-5,
														"RelativeToPosition":	true,
														"BaseHeightName":	"Base",
														"TopDownOrder":	true,
														"ResultCap":	1
													}
												}
											}],
										"Pattern":	{
											"$Position":	{
												"$x":	1194,
												"$y":	-4201
											},
											"Type":	"Imported",
											"Skip":	false,
											"Name":	"Plains1_OakPattern_Floor"
										},
										"Scanner":	{
											"$Position":	{
												"$x":	1196,
												"$y":	-3959
											},
											"Type":	"ColumnLinear",
											"Skip":	false,
											"MaxY":	30,
											"MinY":	0,
											"RelativeToPosition":	false,
											"BaseHeightName":	"Base",
											"TopDownOrder":	true,
											"ResultCap":	1
										}
									}]
							}
						}
					}, {
						"$Position":	{
							"$x":	-1185,
							"$y":	-2911
						},
						"Max":	1,
						"Min":	0,
						"Assignments":	{
							"$Position":	{
								"$x":	-706,
								"$y":	-2893
							},
							"Type":	"Constant",
							"Prop":	{
								"$Position":	{
									"$x":	-10,
									"$y":	-2845
								},
								"Type":	"Union",
								"Skip":	false,
								"Props":	[{
										"$Position":	{
											"$x":	589,
											"$y":	-2955
										},
										"Type":	"Prefab",
										"Skip":	false,
										"WeightedPrefabPaths":	[{
												"$Position":	{
													"$x":	1371,
													"$y":	-3347
												},
												"Path":	"Trees/Birch/Stage_0",
												"Weight":	10
											}, {
												"$Position":	{
													"$x":	1368,
													"$y":	-3178
												},
												"Path":	"Trees/Beech/Stage_1",
												"Weight":	15
											}, {
												"$Position":	{
													"$x":	1360,
													"$y":	-2993
												},
												"Path":	"Trees/Beech/Stage_0",
												"Weight":	75
											}],
										"LegacyPath":	false,
										"LoadEntities":	true,
										"Directionality":	{
											"$Position":	{
												"$x":	1349,
												"$y":	-2785
											},
											"Type":	"Random",
											"Seed":	"A",
											"Pattern":	{
												"$Position":	{
													"$x":	1965,
													"$y":	-2782
												},
												"Type":	"Imported",
												"Skip":	false,
												"Name":	"Plains1_OakPattern_Floor"
											}
										},
										"Scanner":	{
											"$Position":	{
												"$x":	1345,
												"$y":	-2616
											},
											"Type":	"ColumnLinear",
											"Skip":	false,
											"MaxY":	30,
											"MinY":	0,
											"RelativeToPosition":	false,
											"BaseHeightName":	"Base",
											"TopDownOrder":	true,
											"ResultCap":	1
										},
										"MoldingDirection":	"None",
										"MoldingChildren":	false
									}, {
										"$Position":	{
											"$x":	598,
											"$y":	-2037
										},
										"Type":	"Cluster",
										"Skip":	false,
										"Range":	10,
										"Seed":	"A",
										"DistanceCurve":	{
											"$Position":	{
												"$x":	1295,
												"$y":	-2063
											},
											"Type":	"Manual",
											"Points":	[{
													"$Position":	{
														"$x":	1940,
														"$y":	-2204
													},
													"In":	9,
													"Out":	0.0025
												}, {
													"$Position":	{
														"$x":	1923,
														"$y":	-2054
													},
													"In":	10,
													"Out":	0
												}]
										},
										"WeightedProps":	[{
												"$Position":	{
													"$x":	1341,
													"$y":	-1860
												},
												"Weight":	1,
												"ColumnProp":	{
													"$Position":	{
														"$x":	1900,
														"$y":	-1863
													},
													"Type":	"Column",
													"Skip":	false,
													"ColumnBlocks":	[{
															"$Position":	{
																"$x":	2615,
																"$y":	-1851
															},
															"Y":	0,
															"Material":	{
																"$Position":	{
																	"$x":	3019,
																	"$y":	-1893
																},
																"Solid":	"Wood_Sticks"
															}
														}],
													"Directionality":	{
														"$Position":	{
															"$x":	2614,
															"$y":	-1703
														},
														"Type":	"Static",
														"Rotation":	0,
														"Pattern":	{
															"$Position":	{
																"$x":	3229,
																"$y":	-1684
															},
															"Type":	"Imported",
															"Skip":	false,
															"Name":	"Plains1_OakPattern_Floor"
														}
													},
													"Scanner":	{
														"$Position":	{
															"$x":	2618,
															"$y":	-1561
														},
														"Type":	"ColumnLinear",
														"Skip":	false,
														"MaxY":	5,
														"MinY":	-5,
														"RelativeToPosition":	true,
														"BaseHeightName":	"Base",
														"TopDownOrder":	true,
														"ResultCap":	1
													}
												}
											}],
										"Pattern":	{
											"$Position":	{
												"$x":	1340,
												"$y":	-1667
											},
											"Type":	"Imported",
											"Skip":	false,
											"Name":	"Plains1_OakPattern_Floor"
										},
										"Scanner":	{
											"$Position":	{
												"$x":	1320,
												"$y":	-1420
											},
											"Type":	"ColumnLinear",
											"Skip":	false,
											"MaxY":	30,
											"MinY":	0,
											"RelativeToPosition":	false,
											"BaseHeightName":	"Base",
											"TopDownOrder":	true,
											"ResultCap":	1
										}
									}]
							}
						}
					}]
			}
		}, {
			"$Position":	{
				"$x":	-2335,
				"$y":	285
			},
			"Weight":	15,
			"Assignments":	{
				"$Position":	{
					"$x":	-1848,
					"$y":	297
				},
				"Type":	"Constant",
				"Prop":	{
					"$Position":	{
						"$x":	-1227,
						"$y":	277
					},
					"Type":	"Prefab",
					"Skip":	false,
					"WeightedPrefabPaths":	[{
							"$Position":	{
								"$x":	-420,
								"$y":	-108
							},
							"Path":	"Rock_Formations/Rocks/Chalk/Medium/",
							"Weight":	80
						}, {
							"$Position":	{
								"$x":	-428,
								"$y":	75
							},
							"Path":	"Rock_Formations/Rocks/Chalk/Large/",
							"Weight":	20
						}],
					"LegacyPath":	false,
					"LoadEntities":	true,
					"Directionality":	{
						"$Position":	{
							"$x":	-441,
							"$y":	402
						},
						"Type":	"Random",
						"Seed":	"A",
						"Pattern":	{
							"$Position":	{
								"$x":	174,
								"$y":	404
							},
							"Type":	"Imported",
							"Skip":	false,
							"Name":	"Plains1_OakPattern_Floor"
						}
					},
					"Scanner":	{
						"$Position":	{
							"$x":	-461,
							"$y":	659
						},
						"Type":	"ColumnLinear",
						"Skip":	false,
						"MaxY":	30,
						"MinY":	0,
						"RelativeToPosition":	false,
						"BaseHeightName":	"Base",
						"TopDownOrder":	true,
						"ResultCap":	1
					},
					"MoldingDirection":	"None",
					"MoldingChildren":	false
				}
			}
		}, {
			"$Position":	{
				"$x":	-2375,
				"$y":	1526
			},
			"Weight":	35,
			"Assignments":	{
				"$Position":	{
					"$x":	-1920,
					"$y":	1538
				},
				"Type":	"Constant",
				"Prop":	{
					"$Position":	{
						"$x":	-1328,
						"$y":	1546
					},
					"Type":	"Cluster",
					"Skip":	false,
					"Range":	10,
					"Seed":	"A",
					"DistanceCurve":	{
						"$Position":	{
							"$x":	-631,
							"$y":	1468
						},
						"Type":	"Manual",
						"Points":	[{
								"$Position":	{
									"$x":	11,
									"$y":	1474
								},
								"In":	0,
								"Out":	0.8
							}, {
								"$Position":	{
									"$x":	16,
									"$y":	1630
								},
								"In":	3,
								"Out":	0.8
							}, {
								"$Position":	{
									"$x":	30,
									"$y":	1774
								},
								"In":	4,
								"Out":	0
							}]
					},
					"WeightedProps":	[{
							"$Position":	{
								"$x":	-640,
								"$y":	1664
							},
							"Weight":	1,
							"ColumnProp":	{
								"$Position":	{
									"$x":	-132,
									"$y":	1988
								},
								"Type":	"Column",
								"Skip":	false,
								"ColumnBlocks":	[{
										"$Position":	{
											"$x":	568,
											"$y":	1982
										},
										"Y":	0,
										"Material":	{
											"$Position":	{
												"$x":	998,
												"$y":	1954
											},
											"Solid":	"Plant_Bush_Green"
										}
									}],
								"Directionality":	{
									"$Position":	{
										"$x":	555,
										"$y":	2141
									},
									"Type":	"Static",
									"Rotation":	0,
									"Pattern":	{
										"$Position":	{
											"$x":	1170,
											"$y":	2140
										},
										"Type":	"Imported",
										"Skip":	false,
										"Name":	"Plains1_OakPattern_Floor"
									}
								},
								"Scanner":	{
									"$Position":	{
										"$x":	573,
										"$y":	2333
									},
									"Type":	"ColumnLinear",
									"Skip":	false,
									"MaxY":	5,
									"MinY":	-5,
									"RelativeToPosition":	true,
									"BaseHeightName":	"Base",
									"TopDownOrder":	true,
									"ResultCap":	1
								}
							}
						}],
					"Pattern":	{
						"$Position":	{
							"$x":	-571,
							"$y":	2297
						},
						"Type":	"Imported",
						"Skip":	false,
						"Name":	"Plains1_OakPattern_Floor"
					},
					"Scanner":	{
						"$Position":	{
							"$x":	-615,
							"$y":	2729
						},
						"Type":	"ColumnLinear",
						"Skip":	false,
						"MaxY":	30,
						"MinY":	0,
						"RelativeToPosition":	false,
						"BaseHeightName":	"Base",
						"TopDownOrder":	true,
						"ResultCap":	1
					}
				}
			}
		}],
	"$WorkspaceID":	"HytaleGenerator - Assignments",
	"$Groups":	[{
			"$Position":	{
				"$x":	-3896,
				"$y":	-6129.125
			},
			"$width":	10005.0625,
			"$height":	10027.0625,
			"$name":	"Tree rings"
		}]
}