{
	"$Title":	"[ROOT] Constant Assignments",
	"$Position":	{
		"$x":	-377,
		"$y":	-103
	},
	"Type":	"Constant",
	"ExportAs":	"Plains1_Deeproot_Trees",
	"Prop":	{
		"$Position":	{
			"$x":	320,
			"$y":	-123
		},
		"Type":	"Union",
		"Skip":	false,
		"Props":	[{
				"$Position":	{
					"$x":	1692,
					"$y":	-2688
				},
				"Type":	"Prefab",
				"Skip":	false,
				"WeightedPrefabPaths":	[{
						"$Position":	{
							"$x":	2515,
							"$y":	-3071
						},
						"Path":	"Trees/Mushroom",
						"Weight":	30
					}, {
						"$Position":	{
							"$x":	2514,
							"$y":	-2887
						},
						"Path":	"Trees/Ash/Deeproot_Boulders",
						"Weight":	70
					}],
				"LegacyPath":	false,
				"LoadEntities":	true,
				"Directionality":	{
					"$Position":	{
						"$x":	2483,
						"$y":	-2667
					},
					"Type":	"Random",
					"Seed":	"A",
					"Pattern":	{
						"$Position":	{
							"$x":	3121,
							"$y":	-2648
						},
						"Type":	"And",
						"Skip":	false,
						"Patterns":	[{
								"$Position":	{
									"$x":	3786,
									"$y":	-2695
								},
								"Type":	"BlockType",
								"Skip":	false,
								"Material":	{
									"$Position":	{
										"$x":	4616,
										"$y":	-2748
									},
									"Solid":	"Empty"
								}
							}, {
								"$Position":	{
									"$x":	3781,
									"$y":	-2486
								},
								"Type":	"Offset",
								"Skip":	false,
								"Pattern":	{
									"$Position":	{
										"$x":	4595,
										"$y":	-2504
									},
									"Type":	"Floor",
									"Skip":	false,
									"Origin":	{
										"$Position":	{
											"$x":	5273,
											"$y":	-2714
										},
										"Type":	"BlockType",
										"Skip":	false,
										"Material":	{
											"$Position":	{
												"$x":	5942,
												"$y":	-2873
											},
											"Solid":	"Empty"
										}
									},
									"Floor":	{
										"$Position":	{
											"$x":	5269,
											"$y":	-2487
										},
										"Type":	"BlockSet",
										"Skip":	false,
										"BlockSet":	{
											"$Position":	{
												"$x":	5900,
												"$y":	-2489
											},
											"Inclusive":	true,
											"Materials":	[{
													"$Position":	{
														"$x":	6429,
														"$y":	-2657
													},
													"Solid":	"Soil_Leaves"
												}, {
													"$Position":	{
														"$x":	6461,
														"$y":	-2493
													},
													"Solid":	"Soil_Grass_Deep"
												}, {
													"$Position":	{
														"$x":	6441,
														"$y":	-2319
													},
													"Solid":	"Soil_Grass"
												}]
										}
									}
								},
								"Offset":	{
									"$Position":	{
										"$x":	4468,
										"$y":	-2287
									},
									"X":	0,
									"Y":	28,
									"Z":	0
								}
							}]
					}
				},
				"Scanner":	{
					"$Position":	{
						"$x":	2481,
						"$y":	-2496
					},
					"Type":	"ColumnLinear",
					"Skip":	false,
					"MaxY":	-10,
					"MinY":	-40,
					"RelativeToPosition":	false,
					"BaseHeightName":	"Base",
					"TopDownOrder":	true,
					"ResultCap":	1
				},
				"BlockMask":	{
					"$Position":	{
						"$x":	3017,
						"$y":	-2402
					}
				},
				"MoldingDirection":	"None",
				"MoldingChildren":	false
			}, {
				"$Position":	{
					"$x":	1641,
					"$y":	-1267
				},
				"Type":	"Prefab",
				"Skip":	false,
				"WeightedPrefabPaths":	[{
						"$Position":	{
							"$x":	2411,
							"$y":	-1605
						},
						"Path":	"Trees/Mushroom",
						"Weight":	30
					}, {
						"$Position":	{
							"$x":	2413,
							"$y":	-1401
						},
						"Path":	"Trees/Ash/Deeproot_Boulders",
						"Weight":	70
					}],
				"LegacyPath":	false,
				"LoadEntities":	true,
				"Directionality":	{
					"$Position":	{
						"$x":	2432,
						"$y":	-1246
					},
					"Type":	"Random",
					"Seed":	"A",
					"Pattern":	{
						"$Position":	{
							"$x":	3114,
							"$y":	-1212
						},
						"Type":	"And",
						"Skip":	false,
						"Patterns":	[{
								"$Position":	{
									"$x":	3853,
									"$y":	-1301
								},
								"Type":	"BlockType",
								"Skip":	false,
								"Material":	{
									"$Position":	{
										"$x":	4553,
										"$y":	-1442
									},
									"Solid":	"Empty"
								}
							}, {
								"$Position":	{
									"$x":	3775,
									"$y":	-1050
								},
								"Type":	"Offset",
								"Skip":	false,
								"Pattern":	{
									"$Position":	{
										"$x":	4589,
										"$y":	-1068
									},
									"Type":	"Floor",
									"Skip":	false,
									"Origin":	{
										"$Position":	{
											"$x":	5267,
											"$y":	-1278
										},
										"Type":	"BlockType",
										"Skip":	false,
										"Material":	{
											"$Position":	{
												"$x":	5924,
												"$y":	-1244
											},
											"Solid":	"Empty"
										}
									},
									"Floor":	{
										"$Position":	{
											"$x":	5263,
											"$y":	-1051
										},
										"Type":	"BlockSet",
										"Skip":	false,
										"BlockSet":	{
											"$Position":	{
												"$x":	5894,
												"$y":	-1053
											},
											"Inclusive":	true,
											"Materials":	[{
													"$Position":	{
														"$x":	6392,
														"$y":	-1039
													},
													"Solid":	"Soil_Grass_Deep"
												}, {
													"$Position":	{
														"$x":	6405,
														"$y":	-893
													},
													"Solid":	"Soil_Leaves"
												}, {
													"$Position":	{
														"$x":	6433,
														"$y":	-721
													},
													"Solid":	"Soil_Grass"
												}]
										}
									}
								},
								"Offset":	{
									"$Position":	{
										"$x":	4462,
										"$y":	-851
									},
									"X":	0,
									"Y":	16,
									"Z":	0
								}
							}]
					}
				},
				"Scanner":	{
					"$Position":	{
						"$x":	2430,
						"$y":	-1075
					},
					"Type":	"ColumnLinear",
					"Skip":	false,
					"MaxY":	-10,
					"MinY":	-30,
					"RelativeToPosition":	false,
					"BaseHeightName":	"Base",
					"TopDownOrder":	true,
					"ResultCap":	1
				},
				"BlockMask":	{
					"$Position":	{
						"$x":	3030,
						"$y":	-964
					}
				},
				"MoldingDirection":	"None",
				"MoldingChildren":	false
			}, {
				"$Position":	{
					"$x":	1749,
					"$y":	348
				},
				"Type":	"Prefab",
				"Skip":	false,
				"WeightedPrefabPaths":	[{
						"$Position":	{
							"$x":	2514,
							"$y":	305
						},
						"Path":	"Trees/Ash/Deeproot_Roots",
						"Weight":	100
					}],
				"LegacyPath":	false,
				"LoadEntities":	true,
				"Directionality":	{
					"$Position":	{
						"$x":	2509,
						"$y":	515
					},
					"Type":	"Random",
					"Seed":	"A",
					"Pattern":	{
						"$Position":	{
							"$x":	3145,
							"$y":	622
						},
						"Type":	"And",
						"Skip":	false,
						"Patterns":	[{
								"$Position":	{
									"$x":	3824,
									"$y":	167
								},
								"Type":	"Offset",
								"Skip":	false,
								"Pattern":	{
									"$Position":	{
										"$x":	4531,
										"$y":	40
									},
									"Type":	"BlockType",
									"Skip":	false,
									"Material":	{
										"$Position":	{
											"$x":	5198,
											"$y":	5
										},
										"Solid":	"Empty"
									}
								},
								"Offset":	{
									"$Position":	{
										"$x":	4519,
										"$y":	245
									},
									"X":	0,
									"Y":	-15,
									"Z":	0
								}
							}, {
								"$Position":	{
									"$x":	3841,
									"$y":	648
								},
								"Type":	"Floor",
								"Skip":	false,
								"Origin":	{
									"$Position":	{
										"$x":	4519,
										"$y":	438
									},
									"Type":	"BlockType",
									"Skip":	false,
									"Material":	{
										"$Position":	{
											"$x":	5198,
											"$y":	247
										},
										"Solid":	"Empty"
									}
								},
								"Floor":	{
									"$Position":	{
										"$x":	4515,
										"$y":	665
									},
									"Type":	"BlockSet",
									"Skip":	false,
									"BlockSet":	{
										"$Position":	{
											"$x":	5146,
											"$y":	663
										},
										"Inclusive":	true,
										"Materials":	[{
												"$Position":	{
													"$x":	5740,
													"$y":	396
												},
												"Solid":	"Soil_Grass"
											}, {
												"$Position":	{
													"$x":	5737,
													"$y":	572
												},
												"Solid":	"Soil_Leaves"
											}, {
												"$Position":	{
													"$x":	5704,
													"$y":	749
												},
												"Solid":	"Soil_Grass_Deep"
											}]
									}
								}
							}]
					}
				},
				"Scanner":	{
					"$Position":	{
						"$x":	2505,
						"$y":	687
					},
					"Type":	"ColumnLinear",
					"Skip":	false,
					"MaxY":	20,
					"MinY":	-10,
					"RelativeToPosition":	false,
					"BaseHeightName":	"Base",
					"TopDownOrder":	true,
					"ResultCap":	1
				},
				"BlockMask":	{
					"$Position":	{
						"$x":	3074,
						"$y":	815
					},
					"Advanced":	[{
							"$Position":	{
								"$x":	3294,
								"$y":	958
							},
							"Source":	{
								"$Position":	{
									"$x":	3571,
									"$y":	873
								},
								"Inclusive":	true,
								"Materials":	[{
										"$Position":	{
											"$x":	4089,
											"$y":	846
										},
										"Solid":	"Wood_Ash_Roots"
									}]
							},
							"CanReplace":	{
								"$Position":	{
									"$x":	4086,
									"$y":	1035
								},
								"Inclusive":	true,
								"Materials":	[{
										"$Position":	{
											"$x":	4579,
											"$y":	1019
										},
										"Solid":	"Empty"
									}]
							}
						}]
				},
				"MoldingDirection":	"None",
				"MoldingChildren":	false
			}, {
				"$Position":	{
					"$x":	1827,
					"$y":	1813
				},
				"Type":	"Prefab",
				"Skip":	false,
				"WeightedPrefabPaths":	[{
						"$Position":	{
							"$x":	2598,
							"$y":	1643
						},
						"Path":	"Trees/Ash/Stage_2",
						"Weight":	20
					}, {
						"$Position":	{
							"$x":	2591,
							"$y":	1823
						},
						"Path":	"Trees/Ash/Stage_3",
						"Weight":	80
					}],
				"LegacyPath":	false,
				"LoadEntities":	true,
				"Directionality":	{
					"$Position":	{
						"$x":	2587,
						"$y":	1980
					},
					"Type":	"Random",
					"Seed":	"A",
					"Pattern":	{
						"$Position":	{
							"$x":	3223,
							"$y":	2090
						},
						"Type":	"And",
						"Skip":	false,
						"Patterns":	[{
								"$Position":	{
									"$x":	3902,
									"$y":	1635
								},
								"Type":	"Offset",
								"Skip":	false,
								"Pattern":	{
									"$Position":	{
										"$x":	4609,
										"$y":	1508
									},
									"Type":	"BlockType",
									"Skip":	false,
									"Material":	{
										"$Position":	{
											"$x":	5348,
											"$y":	1521
										},
										"Solid":	"Empty"
									}
								},
								"Offset":	{
									"$Position":	{
										"$x":	4597,
										"$y":	1713
									},
									"X":	0,
									"Y":	-15,
									"Z":	0
								}
							}, {
								"$Position":	{
									"$x":	3919,
									"$y":	2116
								},
								"Type":	"Floor",
								"Skip":	false,
								"Origin":	{
									"$Position":	{
										"$x":	4597,
										"$y":	1906
									},
									"Type":	"BlockType",
									"Skip":	false,
									"Material":	{
										"$Position":	{
											"$x":	5256,
											"$y":	1732
										},
										"Solid":	"Empty"
									}
								},
								"Floor":	{
									"$Position":	{
										"$x":	4593,
										"$y":	2133
									},
									"Type":	"BlockSet",
									"Skip":	false,
									"BlockSet":	{
										"$Position":	{
											"$x":	5233,
											"$y":	1917
										},
										"Inclusive":	true,
										"Materials":	[{
												"$Position":	{
													"$x":	5821,
													"$y":	1907
												},
												"Solid":	"Soil_Grass_Deep"
											}, {
												"$Position":	{
													"$x":	5813,
													"$y":	2054
												},
												"Solid":	"Soil_Leaves"
											}, {
												"$Position":	{
													"$x":	5805,
													"$y":	2208
												},
												"Solid":	"Soil_Grass"
											}]
									}
								}
							}]
					}
				},
				"Scanner":	{
					"$Position":	{
						"$x":	2583,
						"$y":	2155
					},
					"Type":	"ColumnLinear",
					"Skip":	false,
					"MaxY":	20,
					"MinY":	-20,
					"RelativeToPosition":	false,
					"BaseHeightName":	"Base",
					"TopDownOrder":	true,
					"ResultCap":	1
				},
				"MoldingDirection":	"None",
				"MoldingChildren":	false
			}, {
				"$Position":	{
					"$x":	1846,
					"$y":	3382
				},
				"Type":	"Prefab",
				"Skip":	false,
				"WeightedPrefabPaths":	[{
						"$Position":	{
							"$x":	2619,
							"$y":	2886
						},
						"Path":	"Trees/Beech/Stage_3",
						"Weight":	10
					}, {
						"$Position":	{
							"$x":	2622,
							"$y":	3053
						},
						"Path":	"Trees/Beech/Stage_4",
						"Weight":	40
					}, {
						"$Position":	{
							"$x":	2617,
							"$y":	3212
						},
						"Path":	"Trees/Oak/Stage_4",
						"Weight":	10
					}, {
						"$Position":	{
							"$x":	2620,
							"$y":	3379
						},
						"Path":	"Trees/Oak/Stage_5",
						"Weight":	40
					}],
				"LegacyPath":	false,
				"LoadEntities":	true,
				"Directionality":	{
					"$Position":	{
						"$x":	2606,
						"$y":	3552
					},
					"Type":	"Random",
					"Seed":	"A",
					"Pattern":	{
						"$Position":	{
							"$x":	3242,
							"$y":	3659
						},
						"Type":	"And",
						"Skip":	false,
						"Patterns":	[{
								"$Position":	{
									"$x":	3921,
									"$y":	3204
								},
								"Type":	"Offset",
								"Skip":	false,
								"Pattern":	{
									"$Position":	{
										"$x":	4603,
										"$y":	3109
									},
									"Type":	"Not",
									"Skip":	false,
									"Pattern":	{
										"$Position":	{
											"$x":	5233,
											"$y":	3113
										},
										"Type":	"BlockType",
										"Skip":	false,
										"Material":	{
											"$Position":	{
												"$x":	5869,
												"$y":	3113
											},
											"Solid":	"Empty"
										}
									}
								},
								"Offset":	{
									"$Position":	{
										"$x":	4616,
										"$y":	3282
									},
									"X":	0,
									"Y":	-15,
									"Z":	0
								}
							}, {
								"$Position":	{
									"$x":	3938,
									"$y":	3685
								},
								"Type":	"Floor",
								"Skip":	false,
								"Origin":	{
									"$Position":	{
										"$x":	4616,
										"$y":	3475
									},
									"Type":	"BlockType",
									"Skip":	false,
									"Material":	{
										"$Position":	{
											"$x":	5261,
											"$y":	3360
										},
										"Solid":	"Empty"
									}
								},
								"Floor":	{
									"$Position":	{
										"$x":	4612,
										"$y":	3705
									},
									"Type":	"BlockSet",
									"Skip":	false,
									"BlockSet":	{
										"$Position":	{
											"$x":	5252,
											"$y":	3735
										},
										"Inclusive":	true,
										"Materials":	[{
												"$Position":	{
													"$x":	5820,
													"$y":	3519
												},
												"Solid":	"Soil_Grass_Deep"
											}, {
												"$Position":	{
													"$x":	5818,
													"$y":	3678
												},
												"Solid":	"Soil_Leaves"
											}, {
												"$Position":	{
													"$x":	5818,
													"$y":	3839
												},
												"Solid":	"Soil_Grass"
											}]
									}
								}
							}]
					}
				},
				"Scanner":	{
					"$Position":	{
						"$x":	2602,
						"$y":	3724
					},
					"Type":	"ColumnLinear",
					"Skip":	false,
					"MaxY":	20,
					"MinY":	-20,
					"RelativeToPosition":	false,
					"BaseHeightName":	"Base",
					"TopDownOrder":	true,
					"ResultCap":	1
				},
				"MoldingDirection":	"None",
				"MoldingChildren":	false
			}, {
				"$Position":	{
					"$x":	1852,
					"$y":	4517
				},
				"Type":	"Cluster",
				"Skip":	false,
				"Range":	10,
				"Seed":	"B",
				"DistanceCurve":	{
					"$Position":	{
						"$x":	2549,
						"$y":	4491
					},
					"Type":	"Manual",
					"Points":	[{
							"$Position":	{
								"$x":	3187,
								"$y":	4343
							},
							"In":	9,
							"Out":	0.025
						}, {
							"$Position":	{
								"$x":	3177,
								"$y":	4500
							},
							"In":	10,
							"Out":	0
						}]
				},
				"WeightedProps":	[{
						"$Position":	{
							"$x":	2595,
							"$y":	4694
						},
						"Weight":	1,
						"ColumnProp":	{
							"$Position":	{
								"$x":	3165,
								"$y":	4661
							},
							"Type":	"Column",
							"Skip":	false,
							"ColumnBlocks":	[{
									"$Position":	{
										"$x":	3880,
										"$y":	4673
									},
									"Y":	0,
									"Material":	{
										"$Position":	{
											"$x":	4334,
											"$y":	4614
										},
										"Solid":	"Wood_Sticks"
									}
								}],
							"Directionality":	{
								"$Position":	{
									"$x":	3879,
									"$y":	4821
								},
								"Type":	"Static",
								"Rotation":	0,
								"Pattern":	{
									"$Position":	{
										"$x":	4507,
										"$y":	4821
									},
									"Type":	"Floor",
									"Skip":	false,
									"Origin":	{
										"$Position":	{
											"$x":	5116,
											"$y":	4723
										},
										"Type":	"BlockType",
										"Skip":	false,
										"Material":	{
											"$Position":	{
												"$x":	5723,
												"$y":	4526
											},
											"Solid":	"Empty"
										}
									},
									"Floor":	{
										"$Position":	{
											"$x":	5113,
											"$y":	4933
										},
										"Type":	"BlockSet",
										"Skip":	false,
										"BlockSet":	{
											"$Position":	{
												"$x":	5726,
												"$y":	4933
											},
											"Inclusive":	true,
											"Materials":	[{
													"$Position":	{
														"$x":	6191,
														"$y":	4707
													},
													"Solid":	"Soil_Grass"
												}, {
													"$Position":	{
														"$x":	6221,
														"$y":	4891
													},
													"Solid":	"Soil_Grass_Deep"
												}, {
													"$Position":	{
														"$x":	6211,
														"$y":	5117
													},
													"Solid":	"Soil_Leaves"
												}]
										}
									}
								}
							},
							"Scanner":	{
								"$Position":	{
									"$x":	3883,
									"$y":	4963
								},
								"Type":	"ColumnLinear",
								"Skip":	false,
								"MaxY":	5,
								"MinY":	-1,
								"RelativeToPosition":	true,
								"BaseHeightName":	"Base",
								"TopDownOrder":	true,
								"ResultCap":	1
							}
						}
					}],
				"Pattern":	{
					"$Position":	{
						"$x":	2569,
						"$y":	4934
					},
					"Type":	"Imported",
					"Skip":	false,
					"Name":	"Plains1_OakPattern_Floor"
				},
				"Scanner":	{
					"$Position":	{
						"$x":	2574,
						"$y":	5134
					},
					"Type":	"ColumnLinear",
					"Skip":	false,
					"MaxY":	20,
					"MinY":	-10,
					"RelativeToPosition":	false,
					"BaseHeightName":	"Base",
					"TopDownOrder":	true,
					"ResultCap":	1
				}
			}, {
				"$Position":	{
					"$x":	1811,
					"$y":	6122
				},
				"Type":	"Cluster",
				"Skip":	false,
				"Range":	10,
				"Seed":	"A",
				"DistanceCurve":	{
					"$Position":	{
						"$x":	2508,
						"$y":	6096
					},
					"Type":	"Manual",
					"Points":	[{
							"$Position":	{
								"$x":	3153,
								"$y":	5955
							},
							"In":	9,
							"Out":	0.0125
						}, {
							"$Position":	{
								"$x":	3136,
								"$y":	6105
							},
							"In":	10,
							"Out":	0
						}]
				},
				"WeightedProps":	[{
						"$Position":	{
							"$x":	2554,
							"$y":	6299
						},
						"Weight":	1,
						"ColumnProp":	{
							"$Position":	{
								"$x":	3124,
								"$y":	6266
							},
							"Type":	"Column",
							"Skip":	false,
							"ColumnBlocks":	[{
									"$Position":	{
										"$x":	3839,
										"$y":	6278
									},
									"Y":	0,
									"Material":	{
										"$Position":	{
											"$x":	4356,
											"$y":	6237
										},
										"Solid":	"Plant_Crop_Mushroom_Cap_Red"
									}
								}],
							"Directionality":	{
								"$Position":	{
									"$x":	3838,
									"$y":	6426
								},
								"Type":	"Static",
								"Rotation":	0,
								"Pattern":	{
									"$Position":	{
										"$x":	4449,
										"$y":	6444
									},
									"Type":	"Floor",
									"Skip":	false,
									"Origin":	{
										"$Position":	{
											"$x":	5033,
											"$y":	6280
										},
										"Type":	"BlockType",
										"Skip":	false,
										"Material":	{
											"$Position":	{
												"$x":	5665,
												"$y":	6046
											},
											"Solid":	"Empty"
										}
									},
									"Floor":	{
										"$Position":	{
											"$x":	5055,
											"$y":	6556
										},
										"Type":	"BlockSet",
										"Skip":	false,
										"BlockSet":	{
											"$Position":	{
												"$x":	5668,
												"$y":	6556
											},
											"Inclusive":	true,
											"Materials":	[{
													"$Position":	{
														"$x":	6204,
														"$y":	6268
													},
													"Solid":	"Soil_Grass"
												}, {
													"$Position":	{
														"$x":	6225,
														"$y":	6504
													},
													"Solid":	"Soil_Leaves"
												}, {
													"$Position":	{
														"$x":	6215,
														"$y":	6668
													},
													"Solid":	"Soil_Grass_Deep"
												}]
										}
									}
								}
							},
							"Scanner":	{
								"$Position":	{
									"$x":	3842,
									"$y":	6568
								},
								"Type":	"ColumnLinear",
								"Skip":	false,
								"MaxY":	5,
								"MinY":	-1,
								"RelativeToPosition":	true,
								"BaseHeightName":	"Base",
								"TopDownOrder":	true,
								"ResultCap":	1
							}
						}
					}],
				"Pattern":	{
					"$Position":	{
						"$x":	2528,
						"$y":	6539
					},
					"Type":	"Imported",
					"Skip":	false,
					"Name":	"Plains1_OakPattern_Floor"
				},
				"Scanner":	{
					"$Position":	{
						"$x":	2533,
						"$y":	6739
					},
					"Type":	"ColumnLinear",
					"Skip":	false,
					"MaxY":	20,
					"MinY":	-10,
					"RelativeToPosition":	false,
					"BaseHeightName":	"Base",
					"TopDownOrder":	true,
					"ResultCap":	1
				}
			}]
	},
	"$WorkspaceID":	"HytaleGenerator - Assignments",
	"$Groups":	[{
			"$Position":	{
				"$x":	1734.375,
				"$y":	2783.1875
			},
			"$width":	4818.1875,
			"$height":	1407.75,
			"$name":	"Oak Trees"
		}, {
			"$Position":	{
				"$x":	1740.75,
				"$y":	4288.125
			},
			"$width":	5262.3125,
			"$height":	1283.4375,
			"$name":	"Sticks"
		}, {
			"$Position":	{
				"$x":	1766.5,
				"$y":	5879.375
			},
			"$width":	5224.4375,
			"$height":	1332.875,
			"$name":	"Mushrooms"
		}, {
			"$Position":	{
				"$x":	1716.0625,
				"$y":	1362.875
			},
			"$width":	4869.625,
			"$height":	1258.8125,
			"$name":	"Ash Trees"
		}, {
			"$Position":	{
				"$x":	1622.8125,
				"$y":	-143.4375
			},
			"$width":	4849.75,
			"$height":	1353.5625,
			"$name":	"Roots"
		}, {
			"$Position":	{
				"$x":	1592.4375,
				"$y":	-1682.375
			},
			"$width":	5549.6875,
			"$height":	1314,
			"$name":	"High Platforms"
		}, {
			"$Position":	{
				"$x":	1562.9375,
				"$y":	-3162.875
			},
			"$width":	5608.8125,
			"$height":	1196.8125,
			"$name":	"High Platforms"
		}]
}