{
	"$Title":	"[ROOT] Weighted Assignments",
	"$Position":	{
		"$x":	-3242,
		"$y":	-5862
	},
	"Type":	"Weighted",
	"ExportAs":	"Plains1_Oak_Hedges",
	"SkipChance":	0,
	"Seed":	"A",
	"WeightedAssignments":	[{
			"$Position":	{
				"$x":	-2457,
				"$y":	-6790
			},
			"Weight":	10,
			"Assignments":	{
				"$Position":	{
					"$x":	-1926,
					"$y":	-6810
				},
				"Type":	"Constant",
				"Prop":	{
					"$Position":	{
						"$x":	-1248,
						"$y":	-6840
					},
					"Type":	"Prefab",
					"Skip":	false,
					"WeightedPrefabPaths":	[{
							"$Position":	{
								"$x":	-457,
								"$y":	-6860
							},
							"Path":	"Rock_Formations/Rocks/Chalk/Small/",
							"Weight":	10
						}],
					"LegacyPath":	false,
					"LoadEntities":	true,
					"Directionality":	{
						"$Position":	{
							"$x":	-444,
							"$y":	-6665
						},
						"Type":	"Random",
						"Seed":	"A",
						"Pattern":	{
							"$Position":	{
								"$x":	200,
								"$y":	-6662
							},
							"Type":	"Imported",
							"Skip":	false,
							"Name":	"Plains1_OakPattern_Floor"
						}
					},
					"Scanner":	{
						"$Position":	{
							"$x":	-448,
							"$y":	-6496
						},
						"Type":	"ColumnLinear",
						"Skip":	false,
						"MaxY":	30,
						"MinY":	0,
						"RelativeToPosition":	false,
						"BaseHeightName":	"Base",
						"TopDownOrder":	true,
						"ResultCap":	1
					},
					"MoldingDirection":	"None",
					"MoldingChildren":	false
				}
			}
		}, {
			"$Position":	{
				"$x":	-2529,
				"$y":	-5843
			},
			"Weight":	10,
			"Assignments":	{
				"$Position":	{
					"$x":	-1980,
					"$y":	-5806
				},
				"Type":	"Constant",
				"Prop":	{
					"$Position":	{
						"$x":	-1293,
						"$y":	-5817
					},
					"Type":	"Union",
					"Skip":	false,
					"Props":	[{
							"$Position":	{
								"$x":	-651,
								"$y":	-5828
							},
							"Type":	"Prefab",
							"Skip":	false,
							"WeightedPrefabPaths":	[{
									"$Position":	{
										"$x":	140,
										"$y":	-5848
									},
									"Path":	"Trees/Oak/Stage_0",
									"Weight":	10
								}],
							"LegacyPath":	false,
							"LoadEntities":	true,
							"Directionality":	{
								"$Position":	{
									"$x":	149,
									"$y":	-5521
								},
								"Type":	"Random",
								"Seed":	"A",
								"Pattern":	{
									"$Position":	{
										"$x":	794,
										"$y":	-5518
									},
									"Type":	"Imported",
									"Skip":	false,
									"Name":	"Plains1_OakPattern_Floor"
								}
							},
							"Scanner":	{
								"$Position":	{
									"$x":	145,
									"$y":	-5352
								},
								"Type":	"ColumnLinear",
								"Skip":	false,
								"MaxY":	30,
								"MinY":	0,
								"RelativeToPosition":	false,
								"BaseHeightName":	"Base",
								"TopDownOrder":	true,
								"ResultCap":	1
							},
							"MoldingDirection":	"None",
							"MoldingChildren":	false
						}, {
							"$Position":	{
								"$x":	-618,
								"$y":	-4596
							},
							"Type":	"Cluster",
							"Skip":	false,
							"Range":	10,
							"Seed":	"A",
							"DistanceCurve":	{
								"$Position":	{
									"$x":	95,
									"$y":	-4799
								},
								"Type":	"Manual",
								"Points":	[{
										"$Position":	{
											"$x":	740,
											"$y":	-4940
										},
										"In":	9,
										"Out":	0.0025
									}, {
										"$Position":	{
											"$x":	723,
											"$y":	-4790
										},
										"In":	10,
										"Out":	0
									}]
							},
							"WeightedProps":	[{
									"$Position":	{
										"$x":	141,
										"$y":	-4596
									},
									"Weight":	1,
									"ColumnProp":	{
										"$Position":	{
											"$x":	700,
											"$y":	-4599
										},
										"Type":	"Column",
										"Skip":	false,
										"ColumnBlocks":	[{
												"$Position":	{
													"$x":	1415,
													"$y":	-4587
												},
												"Y":	0,
												"Material":	{
													"$Position":	{
														"$x":	1860,
														"$y":	-4622
													},
													"Solid":	"Wood_Sticks"
												}
											}],
										"Directionality":	{
											"$Position":	{
												"$x":	1414,
												"$y":	-4439
											},
											"Type":	"Static",
											"Rotation":	0,
											"Pattern":	{
												"$Position":	{
													"$x":	2046,
													"$y":	-4434
												},
												"Type":	"Imported",
												"Skip":	false,
												"Name":	"Plains1_OakPattern_Floor"
											}
										},
										"Scanner":	{
											"$Position":	{
												"$x":	1418,
												"$y":	-4297
											},
											"Type":	"ColumnLinear",
											"Skip":	false,
											"MaxY":	5,
											"MinY":	-5,
											"RelativeToPosition":	true,
											"BaseHeightName":	"Base",
											"TopDownOrder":	true,
											"ResultCap":	1
										}
									}
								}],
							"Pattern":	{
								"$Position":	{
									"$x":	118,
									"$y":	-4398
								},
								"Type":	"Imported",
								"Skip":	false,
								"Name":	"Plains1_OakPattern_Floor"
							},
							"Scanner":	{
								"$Position":	{
									"$x":	120,
									"$y":	-4156
								},
								"Type":	"ColumnLinear",
								"Skip":	false,
								"MaxY":	30,
								"MinY":	0,
								"RelativeToPosition":	false,
								"BaseHeightName":	"Base",
								"TopDownOrder":	true,
								"ResultCap":	1
							}
						}]
				}
			}
		}, {
			"$Position":	{
				"$x":	-2508,
				"$y":	-3202
			},
			"Weight":	40,
			"Assignments":	{
				"$Position":	{
					"$x":	-2053,
					"$y":	-3190
				},
				"Type":	"Constant",
				"Prop":	{
					"$Position":	{
						"$x":	-1461,
						"$y":	-3182
					},
					"Type":	"Cluster",
					"Skip":	false,
					"Range":	10,
					"Seed":	"A",
					"DistanceCurve":	{
						"$Position":	{
							"$x":	-764,
							"$y":	-3260
						},
						"Type":	"Manual",
						"Points":	[{
								"$Position":	{
									"$x":	-121,
									"$y":	-3254
								},
								"In":	0,
								"Out":	0.8
							}, {
								"$Position":	{
									"$x":	-116,
									"$y":	-3098
								},
								"In":	1,
								"Out":	0.8
							}, {
								"$Position":	{
									"$x":	-102,
									"$y":	-2954
								},
								"In":	2,
								"Out":	0
							}]
					},
					"WeightedProps":	[{
							"$Position":	{
								"$x":	-773,
								"$y":	-3064
							},
							"Weight":	1,
							"ColumnProp":	{
								"$Position":	{
									"$x":	-265,
									"$y":	-2740
								},
								"Type":	"Column",
								"Skip":	false,
								"ColumnBlocks":	[{
										"$Position":	{
											"$x":	435,
											"$y":	-2746
										},
										"Y":	0,
										"Material":	{
											"$Position":	{
												"$x":	932,
												"$y":	-2775
											},
											"Solid":	"Plant_Bush_Green"
										}
									}],
								"Directionality":	{
									"$Position":	{
										"$x":	422,
										"$y":	-2587
									},
									"Type":	"Static",
									"Rotation":	0,
									"Pattern":	{
										"$Position":	{
											"$x":	1037,
											"$y":	-2588
										},
										"Type":	"Imported",
										"Skip":	false,
										"Name":	"Plains1_OakPattern_Floor"
									}
								},
								"Scanner":	{
									"$Position":	{
										"$x":	440,
										"$y":	-2395
									},
									"Type":	"ColumnLinear",
									"Skip":	false,
									"MaxY":	5,
									"MinY":	-5,
									"RelativeToPosition":	true,
									"BaseHeightName":	"Base",
									"TopDownOrder":	true,
									"ResultCap":	1
								}
							}
						}],
					"Pattern":	{
						"$Position":	{
							"$x":	-704,
							"$y":	-2431
						},
						"Type":	"Imported",
						"Skip":	false,
						"Name":	"Plains1_OakPattern_Floor"
					},
					"Scanner":	{
						"$Position":	{
							"$x":	-748,
							"$y":	-1999
						},
						"Type":	"ColumnLinear",
						"Skip":	false,
						"MaxY":	30,
						"MinY":	0,
						"RelativeToPosition":	false,
						"BaseHeightName":	"Base",
						"TopDownOrder":	true,
						"ResultCap":	1
					}
				}
			}
		}, {
			"$Position":	{
				"$x":	-2425,
				"$y":	-1050
			},
			"Weight":	40,
			"Assignments":	{
				"$Position":	{
					"$x":	-1947,
					"$y":	-1054
				},
				"Type":	"Constant",
				"Prop":	{
					"$Position":	{
						"$x":	-1355,
						"$y":	-1046
					},
					"Type":	"Cluster",
					"Skip":	false,
					"Range":	10,
					"Seed":	"A",
					"DistanceCurve":	{
						"$Position":	{
							"$x":	-658,
							"$y":	-1124
						},
						"Type":	"Manual",
						"Points":	[{
								"$Position":	{
									"$x":	-15,
									"$y":	-1118
								},
								"In":	0,
								"Out":	0.8
							}, {
								"$Position":	{
									"$x":	-10,
									"$y":	-962
								},
								"In":	1,
								"Out":	0.8
							}, {
								"$Position":	{
									"$x":	4,
									"$y":	-818
								},
								"In":	2,
								"Out":	0
							}]
					},
					"WeightedProps":	[{
							"$Position":	{
								"$x":	-667,
								"$y":	-928
							},
							"Weight":	1,
							"ColumnProp":	{
								"$Position":	{
									"$x":	-159,
									"$y":	-604
								},
								"Type":	"Column",
								"Skip":	false,
								"ColumnBlocks":	[{
										"$Position":	{
											"$x":	541,
											"$y":	-610
										},
										"Y":	0,
										"Material":	{
											"$Position":	{
												"$x":	1049,
												"$y":	-666
											},
											"Solid":	"Plant_Flower_Bushy_Green"
										}
									}],
								"Directionality":	{
									"$Position":	{
										"$x":	528,
										"$y":	-451
									},
									"Type":	"Static",
									"Rotation":	0,
									"Pattern":	{
										"$Position":	{
											"$x":	1143,
											"$y":	-452
										},
										"Type":	"Imported",
										"Skip":	false,
										"Name":	"Plains1_OakPattern_Floor"
									}
								},
								"Scanner":	{
									"$Position":	{
										"$x":	546,
										"$y":	-259
									},
									"Type":	"ColumnLinear",
									"Skip":	false,
									"MaxY":	5,
									"MinY":	-5,
									"RelativeToPosition":	true,
									"BaseHeightName":	"Base",
									"TopDownOrder":	true,
									"ResultCap":	1
								}
							}
						}],
					"Pattern":	{
						"$Position":	{
							"$x":	-598,
							"$y":	-295
						},
						"Type":	"Imported",
						"Skip":	false,
						"Name":	"Plains1_OakPattern_Floor"
					},
					"Scanner":	{
						"$Position":	{
							"$x":	-642,
							"$y":	136
						},
						"Type":	"ColumnLinear",
						"Skip":	false,
						"MaxY":	30,
						"MinY":	0,
						"RelativeToPosition":	false,
						"BaseHeightName":	"Base",
						"TopDownOrder":	true,
						"ResultCap":	1
					}
				}
			}
		}],
	"$WorkspaceID":	"HytaleGenerator - Assignments",
	"$Groups":	[{
			"$Position":	{
				"$x":	-3885.625,
				"$y":	-6939.9375
			},
			"$width":	6874,
			"$height":	7660.0625,
			"$name":	"Tree rings"
		}]
}