{
	"$Title":	"[ROOT] Weighted Assignments",
	"$Position":	{
		"$x":	4280,
		"$y":	3840
	},
	"Type":	"Weighted",
	"ExportAs":	"Plains1_Oak_Flower_Pink_Cyan",
	"SkipChance":	0,
	"Seed":	"A",
	"WeightedAssignments":	[{
			"$Position":	{
				"$x":	5011,
				"$y":	3917
			},
			"Weight":	30,
			"Assignments":	{
				"$Position":	{
					"$x":	5509,
					"$y":	3912
				},
				"Type":	"Constant",
				"Prop":	{
					"$Position":	{
						"$x":	6096,
						"$y":	3857
					},
					"Type":	"Column",
					"Skip":	false,
					"ColumnBlocks":	[{
							"$Position":	{
								"$x":	6777,
								"$y":	3899
							},
							"Y":	0,
							"Material":	{
								"$Position":	{
									"$x":	7276,
									"$y":	3837
								},
								"Solid":	"Plant_Flower_Common_Cyan2"
							}
						}],
					"Directionality":	{
						"$Position":	{
							"$x":	6792,
							"$y":	4053
						},
						"Type":	"Static",
						"Rotation":	0,
						"Pattern":	{
							"$Position":	{
								"$x":	7411,
								"$y":	4065
							},
							"Type":	"Imported",
							"Skip":	false,
							"Name":	"Plains1_OakPattern_Floor"
						}
					},
					"Scanner":	{
						"$Position":	{
							"$x":	6791,
							"$y":	4217
						},
						"Type":	"ColumnLinear",
						"Skip":	false,
						"MaxY":	30,
						"MinY":	0,
						"RelativeToPosition":	false,
						"BaseHeightName":	"Base",
						"TopDownOrder":	true,
						"ResultCap":	1
					}
				}
			}
		}, {
			"$Position":	{
				"$x":	5025,
				"$y":	4705
			},
			"Weight":	70,
			"Assignments":	{
				"$Position":	{
					"$x":	5517,
					"$y":	4720
				},
				"Type":	"Constant",
				"Prop":	{
					"$Position":	{
						"$x":	6105,
						"$y":	4665
					},
					"Type":	"Column",
					"Skip":	false,
					"ColumnBlocks":	[{
							"$Position":	{
								"$x":	6785,
								"$y":	4707
							},
							"Y":	0,
							"Material":	{
								"$Position":	{
									"$x":	7402,
									"$y":	4674
								},
								"Solid":	"Plant_Flower_Common_Violet"
							}
						}],
					"Directionality":	{
						"$Position":	{
							"$x":	6800,
							"$y":	4860
						},
						"Type":	"Static",
						"Rotation":	0,
						"Pattern":	{
							"$Position":	{
								"$x":	7411,
								"$y":	4866
							},
							"Type":	"Imported",
							"Skip":	false,
							"Name":	"Plains1_OakPattern_Floor"
						}
					},
					"Scanner":	{
						"$Position":	{
							"$x":	6800,
							"$y":	5025
						},
						"Type":	"ColumnLinear",
						"Skip":	false,
						"MaxY":	30,
						"MinY":	0,
						"RelativeToPosition":	false,
						"BaseHeightName":	"Base",
						"TopDownOrder":	true,
						"ResultCap":	1
					}
				}
			}
		}],
	"$WorkspaceID":	"HytaleGenerator - Assignments",
	"$Groups":	[]
}