{
	"$NodeId":	"Constant.Assignments",
	"$Title":	"[ROOT] Constant Assignments",
	"$Position":	{
		"$x":	462,
		"$y":	1738
	},
	"Type":	"Constant",
	"ExportAs":	"Desert1_Oasis_Trees_Dry",
	"Prop":	{
		"$NodeId":	"Union.Prop",
		"$Position":	{
			"$x":	1272,
			"$y":	1732
		},
		"Type":	"Union",
		"Skip":	false,
		"Props":	[{
				"$NodeId":	"Prefab.Prop",
				"$Position":	{
					"$x":	2177,
					"$y":	1735
				},
				"Type":	"Prefab",
				"Skip":	false,
				"WeightedPrefabPaths":	[{
						"$NodeId":	"WeightedPath.Prefab.Prop",
						"$Position":	{
							"$x":	3054,
							"$y":	1548
						},
						"Path":	"Trees/Gum/",
						"Weight":	1
					}],
				"LegacyPath":	false,
				"LoadEntities":	false,
				"Directionality":	{
					"$NodeId":	"Random.Directionality",
					"$Position":	{
						"$x":	3057,
						"$y":	1808
					},
					"Type":	"Random",
					"Seed":	"A",
					"Pattern":	{
						"$NodeId":	"Floor.Pattern",
						"$Position":	{
							"$x":	3747,
							"$y":	1831
						},
						"Type":	"Floor",
						"ExportAs":	"Desert1_Oasis_Pattern_Dry",
						"Skip":	false,
						"Origin":	{
							"$NodeId":	"BlockType.Pattern",
							"$Position":	{
								"$x":	4457,
								"$y":	1665
							},
							"Type":	"BlockType",
							"Skip":	false,
							"Material":	{
								"$NodeId":	"Material",
								"$Position":	{
									"$x":	5136,
									"$y":	1663
								},
								"Solid":	"Empty"
							}
						},
						"Floor":	{
							"$NodeId":	"BlockSet.Pattern",
							"$Position":	{
								"$x":	4472,
								"$y":	1957
							},
							"Type":	"BlockSet",
							"Skip":	false,
							"BlockSet":	{
								"$NodeId":	"BlockSet.BlockMask",
								"$Position":	{
									"$x":	5176,
									"$y":	1963
								},
								"Inclusive":	true,
								"Materials":	[{
										"$NodeId":	"Material",
										"$Position":	{
											"$x":	5719,
											"$y":	1957
										},
										"Solid":	"Soil_Grass"
									}, {
										"$NodeId":	"Material",
										"$Position":	{
											"$x":	5717,
											"$y":	2132
										},
										"Solid":	"Soil_Grass_Dry"
									}]
							}
						}
					}
				},
				"Scanner":	{
					"$NodeId":	"ColumnLinear.Scanner",
					"$Position":	{
						"$x":	3060,
						"$y":	2097
					},
					"Type":	"ColumnLinear",
					"ExportAs":	"Desert1_Dry_Scanner",
					"Skip":	false,
					"MaxY":	-25,
					"MinY":	-66,
					"RelativeToPosition":	false,
					"BaseHeightName":	"Base",
					"TopDownOrder":	true,
					"ResultCap":	1
				},
				"BlockMask":	{
					"$NodeId":	"BlockMask",
					"$Position":	{
						"$x":	3051,
						"$y":	2526
					}
				},
				"MoldingDirection":	"None",
				"MoldingChildren":	false
			}, {
				"$NodeId":	"Cluster.Prop",
				"$Position":	{
					"$x":	2272,
					"$y":	3224
				},
				"Type":	"Cluster",
				"Skip":	false,
				"Range":	10,
				"Seed":	"A",
				"DistanceCurve":	{
					"$NodeId":	"ManualCurve",
					"$Position":	{
						"$x":	2969,
						"$y":	3198
					},
					"Type":	"Manual",
					"Points":	[{
							"$NodeId":	"CurvePoint",
							"$Position":	{
								"$x":	3614,
								"$y":	3057
							},
							"In":	9,
							"Out":	0.005
						}, {
							"$NodeId":	"CurvePoint",
							"$Position":	{
								"$x":	3597,
								"$y":	3207
							},
							"In":	10,
							"Out":	0
						}]
				},
				"WeightedProps":	[{
						"$NodeId":	"Weighted.Cluster.Prop",
						"$Position":	{
							"$x":	3015,
							"$y":	3401
						},
						"Weight":	1,
						"ColumnProp":	{
							"$NodeId":	"Column.Prop",
							"$Position":	{
								"$x":	4263,
								"$y":	3370
							},
							"Type":	"Column",
							"Skip":	false,
							"ColumnBlocks":	[{
									"$NodeId":	"Block.Column.Prop",
									"$Position":	{
										"$x":	4978,
										"$y":	3382
									},
									"Y":	0,
									"Material":	{
										"$NodeId":	"Material",
										"$Position":	{
											"$x":	5464,
											"$y":	3338
										},
										"Solid":	"Wood_Sticks"
									}
								}],
							"Directionality":	{
								"$NodeId":	"Static.Directionality",
								"$Position":	{
									"$x":	4977,
									"$y":	3530
								},
								"Type":	"Static",
								"Rotation":	0,
								"Pattern":	{
									"$NodeId":	"Floor.Pattern",
									"$Position":	{
										"$x":	5646,
										"$y":	3538
									},
									"Type":	"Floor",
									"Skip":	false,
									"Origin":	{
										"$NodeId":	"BlockSet.Pattern",
										"$Position":	{
											"$x":	6294,
											"$y":	3370
										},
										"Type":	"BlockSet",
										"Skip":	false,
										"BlockSet":	{
											"$NodeId":	"BlockSet.BlockMask",
											"$Position":	{
												"$x":	6926,
												"$y":	3375
											},
											"Inclusive":	true,
											"Materials":	[{
													"$NodeId":	"Material",
													"$Position":	{
														"$x":	7461,
														"$y":	3374
													},
													"Solid":	"Empty"
												}]
										}
									},
									"Floor":	{
										"$NodeId":	"BlockSet.Pattern",
										"$Position":	{
											"$x":	6239,
											"$y":	3723
										},
										"Type":	"BlockSet",
										"Skip":	false,
										"BlockSet":	{
											"$NodeId":	"BlockSet.BlockMask",
											"$Position":	{
												"$x":	6871,
												"$y":	3728
											},
											"Inclusive":	true,
											"Materials":	[{
													"$NodeId":	"Material",
													"$Position":	{
														"$x":	7400,
														"$y":	3723
													},
													"Solid":	"Soil_Grass"
												}, {
													"$NodeId":	"Material",
													"$Position":	{
														"$x":	7402,
														"$y":	3879
													},
													"Solid":	"Soil_Grass_Dry"
												}]
										}
									}
								}
							},
							"Scanner":	{
								"$NodeId":	"ColumnLinear.Scanner",
								"$Position":	{
									"$x":	4981,
									"$y":	3672
								},
								"Type":	"ColumnLinear",
								"Skip":	false,
								"MaxY":	3,
								"MinY":	-3,
								"RelativeToPosition":	true,
								"BaseHeightName":	"Base",
								"TopDownOrder":	true,
								"ResultCap":	1
							}
						}
					}],
				"Pattern":	{
					"$NodeId":	"Imported.Pattern",
					"$Position":	{
						"$x":	2975,
						"$y":	3548
					},
					"Type":	"Imported",
					"Skip":	false,
					"Name":	"Desert1_Oasis_Pattern_Dry"
				},
				"Scanner":	{
					"$NodeId":	"Imported.Scanner",
					"$Position":	{
						"$x":	2995,
						"$y":	3785
					},
					"Type":	"Imported",
					"Skip":	false,
					"Name":	"Desert1_Dry_Scanner"
				}
			}]
	},
	"$WorkspaceID":	"HytaleGenerator - Assignments",
	"$Groups":	[{
			"$Position":	{
				"$x":	2075.75,
				"$y":	2985.8125
			},
			"$width":	6128.3125,
			"$height":	1178.4375,
			"$name":	"Sticks"
		}, {
			"$Position":	{
				"$x":	384.9375,
				"$y":	1252.5
			},
			"$width":	6166.0625,
			"$height":	1555.375,
			"$name":	"Dry Trees"
		}],
	"$Comments":	[]
}