{
	"$NodeId":	"FieldFunction.Assignments",
	"$Title":	"[ROOT] Weighted Assignments",
	"$Position":	{
		"$x":	7744,
		"$y":	-746
	},
	"Type":	"FieldFunction",
	"ExportAs":	"Desert1_Oasis_Grasses",
	"FieldFunction":	{
		"$NodeId":	"AbsDensityNode",
		"$Position":	{
			"$x":	8500,
			"$y":	-752
		},
		"Type":	"Abs",
		"Skip":	false,
		"Inputs":	[{
				"$NodeId":	"SimplexNoise2DDensityNode",
				"$Position":	{
					"$x":	9208,
					"$y":	-737
				},
				"Type":	"SimplexNoise2D",
				"ExportAs":	"Desert1_Grass",
				"Skip":	false,
				"Lacunarity":	2,
				"Persistence":	0.5,
				"Octaves":	1,
				"Scale":	30,
				"Seed":	"Desert1_Grass"
			}]
	},
	"Delimiters":	[{
			"$NodeId":	"Delimiter.FieldFunction.Assignments",
			"$Position":	{
				"$x":	8430,
				"$y":	182
			},
			"Max":	0.3,
			"Min":	-1,
			"Assignments":	{
				"$NodeId":	"Weighted.Assignments",
				"$Position":	{
					"$x":	8921,
					"$y":	181
				},
				"Type":	"Weighted",
				"SkipChance":	0.9,
				"Seed":	"A",
				"WeightedAssignments":	[{
						"$NodeId":	"Weight.Weighted.Assignments",
						"$Position":	{
							"$x":	9672,
							"$y":	184
						},
						"Weight":	1,
						"Assignments":	{
							"$NodeId":	"Constant.Assignments",
							"$Position":	{
								"$x":	10219,
								"$y":	170
							},
							"Type":	"Constant",
							"Prop":	{
								"$NodeId":	"Column.Prop",
								"$Position":	{
									"$x":	10870,
									"$y":	152
								},
								"Type":	"Column",
								"Skip":	false,
								"ColumnBlocks":	[{
										"$NodeId":	"Block.Column.Prop",
										"$Position":	{
											"$x":	11572,
											"$y":	151
										},
										"Y":	0,
										"Material":	{
											"$NodeId":	"Material",
											"$Position":	{
												"$x":	12060,
												"$y":	108
											},
											"Solid":	"Plant_Grass_Arid_Short"
										}
									}],
								"Directionality":	{
									"$NodeId":	"Static.Directionality",
									"$Position":	{
										"$x":	11559,
										"$y":	310
									},
									"Type":	"Static",
									"Rotation":	0,
									"Pattern":	{
										"$NodeId":	"Floor.Pattern",
										"$Position":	{
											"$x":	12194,
											"$y":	342
										},
										"Type":	"Floor",
										"ExportAs":	"Desert1_Oasis_Pattern_Floor_Grass",
										"Skip":	false,
										"Origin":	{
											"$NodeId":	"BlockSet.Pattern",
											"$Position":	{
												"$x":	12842,
												"$y":	174
											},
											"Type":	"BlockSet",
											"Skip":	false,
											"BlockSet":	{
												"$NodeId":	"BlockSet.BlockMask",
												"$Position":	{
													"$x":	13474,
													"$y":	179
												},
												"Inclusive":	true,
												"Materials":	[{
														"$NodeId":	"Material",
														"$Position":	{
															"$x":	13989,
															"$y":	174
														},
														"Solid":	"Empty"
													}]
											}
										},
										"Floor":	{
											"$NodeId":	"BlockSet.Pattern",
											"$Position":	{
												"$x":	12787,
												"$y":	527
											},
											"Type":	"BlockSet",
											"Skip":	false,
											"BlockSet":	{
												"$NodeId":	"BlockSet.BlockMask",
												"$Position":	{
													"$x":	13446,
													"$y":	537
												},
												"Inclusive":	true,
												"Materials":	[{
														"$NodeId":	"Material",
														"$Position":	{
															"$x":	14000,
															"$y":	556
														},
														"Solid":	"Soil_Grass"
													}, {
														"$NodeId":	"Material",
														"$Position":	{
															"$x":	14006,
															"$y":	752
														},
														"Solid":	"Soil_Grass_Full"
													}, {
														"$NodeId":	"Material",
														"$Position":	{
															"$x":	14013,
															"$y":	946
														},
														"Solid":	"Soil_Grass_Sunny"
													}, {
														"$NodeId":	"Material",
														"$Position":	{
															"$x":	14016,
															"$y":	1160
														},
														"Solid":	"Soil_Grass_Deep"
													}, {
														"$NodeId":	"Material",
														"$Position":	{
															"$x":	14015,
															"$y":	1352
														},
														"Solid":	"Soil_Grass_Dry"
													}]
											}
										}
									}
								},
								"Scanner":	{
									"$NodeId":	"ColumnLinear.Scanner",
									"$Position":	{
										"$x":	11577,
										"$y":	502
									},
									"Type":	"ColumnLinear",
									"ExportAs":	"Desert1_Oasis_Grasses_Scanner",
									"Skip":	false,
									"MaxY":	25,
									"MinY":	-60,
									"RelativeToPosition":	false,
									"BaseHeightName":	"Base",
									"TopDownOrder":	true,
									"ResultCap":	1
								}
							}
						}
					}]
			}
		}, {
			"$NodeId":	"Delimiter.FieldFunction.Assignments",
			"$Position":	{
				"$x":	8465,
				"$y":	1157
			},
			"Max":	0.6,
			"Min":	0.3,
			"Assignments":	{
				"$NodeId":	"Weighted.Assignments",
				"$Position":	{
					"$x":	8960,
					"$y":	1155
				},
				"Type":	"Weighted",
				"SkipChance":	0.5,
				"Seed":	"A",
				"WeightedAssignments":	[{
						"$NodeId":	"Weight.Weighted.Assignments",
						"$Position":	{
							"$x":	9712,
							"$y":	1159
						},
						"Weight":	1,
						"Assignments":	{
							"$NodeId":	"Constant.Assignments",
							"$Position":	{
								"$x":	10195,
								"$y":	1160
							},
							"Type":	"Constant",
							"Prop":	{
								"$NodeId":	"Column.Prop",
								"$Position":	{
									"$x":	10846,
									"$y":	1142
								},
								"Type":	"Column",
								"Skip":	false,
								"ColumnBlocks":	[{
										"$NodeId":	"Block.Column.Prop",
										"$Position":	{
											"$x":	11548,
											"$y":	1136
										},
										"Y":	0,
										"Material":	{
											"$NodeId":	"Material",
											"$Position":	{
												"$x":	12050,
												"$y":	1124
											},
											"Solid":	"Plant_Grass_Arid"
										}
									}],
								"Directionality":	{
									"$NodeId":	"Static.Directionality",
									"$Position":	{
										"$x":	11552,
										"$y":	1316
									},
									"Type":	"Static",
									"Rotation":	0,
									"Pattern":	{
										"$NodeId":	"Imported.Pattern",
										"$Position":	{
											"$x":	12224,
											"$y":	1329
										},
										"Type":	"Imported",
										"Skip":	false,
										"Name":	"Desert1_Oasis_Pattern_Floor_Grass"
									}
								},
								"Scanner":	{
									"$NodeId":	"Imported.Scanner",
									"$Position":	{
										"$x":	11545,
										"$y":	1511
									},
									"Type":	"Imported",
									"Skip":	false,
									"Name":	"Desert1_Oasis_Grasses_Scanner"
								}
							}
						}
					}]
			}
		}, {
			"$NodeId":	"Delimiter.FieldFunction.Assignments",
			"$Position":	{
				"$x":	8515,
				"$y":	2195
			},
			"Max":	1,
			"Min":	0.6,
			"Assignments":	{
				"$NodeId":	"Weighted.Assignments",
				"$Position":	{
					"$x":	9007,
					"$y":	2197
				},
				"Type":	"Weighted",
				"SkipChance":	0.5,
				"Seed":	"A",
				"WeightedAssignments":	[{
						"$NodeId":	"Weight.Weighted.Assignments",
						"$Position":	{
							"$x":	9726,
							"$y":	2189
						},
						"Weight":	60,
						"Assignments":	{
							"$NodeId":	"Constant.Assignments",
							"$Position":	{
								"$x":	10237,
								"$y":	2172
							},
							"Type":	"Constant",
							"Prop":	{
								"$NodeId":	"Column.Prop",
								"$Position":	{
									"$x":	10888,
									"$y":	2154
								},
								"Type":	"Column",
								"Skip":	false,
								"ColumnBlocks":	[{
										"$NodeId":	"Block.Column.Prop",
										"$Position":	{
											"$x":	11590,
											"$y":	2148
										},
										"Y":	0,
										"Material":	{
											"$NodeId":	"Material",
											"$Position":	{
												"$x":	12078,
												"$y":	2073
											},
											"Solid":	"Plant_Grass_Dry_Tall"
										}
									}],
								"Directionality":	{
									"$NodeId":	"Static.Directionality",
									"$Position":	{
										"$x":	11577,
										"$y":	2307
									},
									"Type":	"Static",
									"Rotation":	0,
									"Pattern":	{
										"$NodeId":	"Imported.Pattern",
										"$Position":	{
											"$x":	12207,
											"$y":	2289
										},
										"Type":	"Imported",
										"Skip":	false,
										"Name":	"Desert1_Oasis_Pattern_Floor_Grass"
									}
								},
								"Scanner":	{
									"$NodeId":	"Imported.Scanner",
									"$Position":	{
										"$x":	11589,
										"$y":	2475
									},
									"Type":	"Imported",
									"Skip":	false,
									"Name":	"Desert1_Oasis_Grasses_Scanner"
								}
							}
						}
					}, {
						"$NodeId":	"Weight.Weighted.Assignments",
						"$Position":	{
							"$x":	9776,
							"$y":	2994
						},
						"Weight":	40,
						"Assignments":	{
							"$NodeId":	"Constant.Assignments",
							"$Position":	{
								"$x":	10287,
								"$y":	2977
							},
							"Type":	"Constant",
							"Prop":	{
								"$NodeId":	"Column.Prop",
								"$Position":	{
									"$x":	10938,
									"$y":	2959
								},
								"Type":	"Column",
								"Skip":	false,
								"ColumnBlocks":	[{
										"$NodeId":	"Block.Column.Prop",
										"$Position":	{
											"$x":	11640,
											"$y":	2953
										},
										"Y":	0,
										"Material":	{
											"$NodeId":	"Material",
											"$Position":	{
												"$x":	12165,
												"$y":	2884
											},
											"Solid":	"Plant_Grass_Dry"
										}
									}],
								"Directionality":	{
									"$NodeId":	"Static.Directionality",
									"$Position":	{
										"$x":	11627,
										"$y":	3112
									},
									"Type":	"Static",
									"Rotation":	0,
									"Pattern":	{
										"$NodeId":	"Imported.Pattern",
										"$Position":	{
											"$x":	12257,
											"$y":	3094
										},
										"Type":	"Imported",
										"Skip":	false,
										"Name":	"Desert1_Oasis_Pattern_Floor_Grass"
									}
								},
								"Scanner":	{
									"$NodeId":	"Imported.Scanner",
									"$Position":	{
										"$x":	11617,
										"$y":	3307
									},
									"Type":	"Imported",
									"Skip":	false,
									"Name":	"Desert1_Oasis_Grasses_Scanner"
								}
							}
						}
					}]
			}
		}],
	"$WorkspaceID":	"HytaleGenerator - Assignments",
	"$Groups":	[],
	"$Comments":	[]
}