{
	"$NodeId":	"Constant.Assignments-77428acd-a969-4915-a3b7-b4cadf2d6df0",
	"Type":	"Constant",
	"ExportAs":	"Desert1_River_Trees",
	"Prop":	{
		"$NodeId":	"Union.Prop-82d40572-428e-4cb8-aa22-487c7796b824",
		"Type":	"Union",
		"Skip":	false,
		"Props":	[{
				"$NodeId":	"Prefab.Prop-d1c6cf5e-915d-4a99-93b4-3637505508aa",
				"Type":	"Prefab",
				"Skip":	false,
				"WeightedPrefabPaths":	[{
						"$NodeId":	"WeightedPath.Prefab.Prop-364e244a-7387-4fab-965a-227bc4be2b35",
						"Path":	"Trees/Palo/Stage_2",
						"Weight":	20
					}],
				"LegacyPath":	false,
				"LoadEntities":	true,
				"Directionality":	{
					"$NodeId":	"Random.Directionality-4fdf2ed9-a1e9-4026-b451-8e5ac073fb00",
					"Type":	"Random",
					"Seed":	"A",
					"Pattern":	{
						"$NodeId":	"And.Pattern-6662f474-4898-4a27-8b63-8cf9fc0f0fa2",
						"Type":	"And",
						"Skip":	false,
						"Patterns":	[{
								"$NodeId":	"Floor.Pattern-e113b6af-4d00-4b5a-82bf-3c6a30bd209f",
								"Type":	"Floor",
								"Skip":	false,
								"Origin":	{
									"$NodeId":	"BlockType.Pattern-aae0fd76-adbd-4868-8e61-6782a64ba006",
									"Type":	"BlockType",
									"Skip":	false,
									"Material":	{
										"$NodeId":	"Material-eb43df7b-a5d4-4ca0-a59b-cae9e7d8063d",
										"Solid":	"Empty"
									}
								},
								"Floor":	{
									"$NodeId":	"BlockSet.Pattern-5c261e73-d548-4105-a7ac-7d52276424e6",
									"Type":	"BlockSet",
									"Skip":	false,
									"BlockSet":	{
										"$NodeId":	"BlockSet.BlockMask-0c11662e-91db-4a26-afb3-d959b5eec2c5",
										"Inclusive":	true,
										"Materials":	[{
												"$NodeId":	"Material-02d936c0-23f8-401a-bef3-a46f2e7c9158",
												"Solid":	"Soil_Gravel_Sand"
											}]
									}
								}
							}]
					}
				},
				"Scanner":	{
					"$NodeId":	"ColumnLinear.Scanner-ad7f4021-d7f7-4b97-821d-ca405d0a6951",
					"Type":	"ColumnLinear",
					"Skip":	false,
					"MaxY":	5,
					"MinY":	0,
					"RelativeToPosition":	false,
					"BaseHeightName":	"Water",
					"TopDownOrder":	true,
					"ResultCap":	1
				},
				"MoldingDirection":	"None",
				"MoldingChildren":	false
			}, {
				"$NodeId":	"Cluster.Prop-82f54ad6-d758-4aa6-963d-ebf847ca4564",
				"Type":	"Cluster",
				"Skip":	false,
				"Range":	10,
				"Seed":	"A",
				"DistanceCurve":	{
					"$NodeId":	"ManualCurve-94f94e96-2b76-4a12-a5fe-899cf6d13c8a",
					"Type":	"Manual",
					"Points":	[{
							"$NodeId":	"CurvePoint-8bb6a321-9e29-49e9-85ab-523519c5a906",
							"In":	2,
							"Out":	0.1
						}, {
							"$NodeId":	"CurvePoint-3e8ef9b5-a4df-4453-a50d-25a232269f68",
							"In":	7,
							"Out":	0
						}]
				},
				"WeightedProps":	[{
						"$NodeId":	"Weighted.Cluster.Prop-e3fbeef5-98f6-4564-b308-354256499a07",
						"Weight":	1,
						"ColumnProp":	{
							"$NodeId":	"Column.Prop-943607a4-e615-423e-a45d-47544d3f6344",
							"Type":	"Column",
							"Skip":	false,
							"ColumnBlocks":	[{
									"$NodeId":	"Block.Column.Prop-0a9d9b40-0cb3-4f42-a8df-b21ce4501978",
									"Y":	0,
									"Material":	{
										"$NodeId":	"Material-28f83bac-5aa6-4a1a-ab81-352d2127cc67",
										"Solid":	"Wood_Sticks"
									}
								}],
							"Directionality":	{
								"$NodeId":	"Static.Directionality-df8f1bf5-0503-4c03-a831-171221bb88c9",
								"Type":	"Static",
								"Rotation":	0,
								"Pattern":	{
									"$NodeId":	"Floor.Pattern-50bf363e-79eb-46a5-b20d-ebfcbe22e346",
									"Type":	"Floor",
									"Skip":	false,
									"Origin":	{
										"$NodeId":	"BlockType.Pattern-6f14d11c-a8ea-4100-b919-ff6742b68d20",
										"Type":	"BlockType",
										"Skip":	false,
										"Material":	{
											"$NodeId":	"Material-b1eb37cf-7728-4265-8795-e93d4e566da0",
											"Solid":	"Empty"
										}
									},
									"Floor":	{
										"$NodeId":	"BlockSet.Pattern-f4d551d8-d7e5-4de4-95ce-3172c7674aad",
										"Type":	"BlockSet",
										"Skip":	false,
										"BlockSet":	{
											"$NodeId":	"BlockSet.BlockMask-e9ebd843-05af-4e54-bd44-4f5d2d4c5bfb",
											"Inclusive":	true,
											"Materials":	[{
													"$NodeId":	"Material-5d2308ba-f538-4c05-809a-44339596e1fa",
													"Solid":	"Soil_Gravel_Sand"
												}]
										}
									}
								}
							},
							"Scanner":	{
								"$NodeId":	"ColumnLinear.Scanner-0bd6cac8-70a9-4545-bb09-293da690bece",
								"Type":	"ColumnLinear",
								"Skip":	false,
								"MaxY":	5,
								"MinY":	-5,
								"RelativeToPosition":	true,
								"BaseHeightName":	"Base",
								"TopDownOrder":	true,
								"ResultCap":	1
							}
						}
					}],
				"Pattern":	{
					"$NodeId":	"Floor.Pattern-39122811-3b5c-49e7-9336-d5d614903cc6",
					"Type":	"Floor",
					"Skip":	false,
					"Origin":	{
						"$NodeId":	"BlockType.Pattern-bef41de2-7647-4882-ade0-684c6e928cbc",
						"Type":	"BlockType",
						"Skip":	false,
						"Material":	{
							"$NodeId":	"Material-2d9842ca-2a2f-4aa3-ae12-1839c18774d8",
							"Solid":	"Empty"
						}
					},
					"Floor":	{
						"$NodeId":	"BlockSet.Pattern-4b864bea-f7d3-4de6-a204-187d8bfef328",
						"Type":	"BlockSet",
						"Skip":	false,
						"BlockSet":	{
							"$NodeId":	"BlockSet.BlockMask-89d9ffa8-8e5b-4edc-a89e-f61bc289f6dc",
							"Inclusive":	true,
							"Materials":	[{
									"$NodeId":	"Material-2a229ce7-2b5a-4d08-b6ee-06c653782aaf",
									"Solid":	"Soil_Gravel_Sand"
								}]
						}
					}
				},
				"Scanner":	{
					"$NodeId":	"ColumnLinear.Scanner-535a94ef-321c-4855-b947-9cf75bb0c90c",
					"Type":	"ColumnLinear",
					"Skip":	false,
					"MaxY":	5,
					"MinY":	0,
					"RelativeToPosition":	false,
					"BaseHeightName":	"Water",
					"TopDownOrder":	true,
					"ResultCap":	1
				}
			}, {
				"$NodeId":	"Cluster.Prop-fb634058-0b80-4cb1-a903-0d8e7b506f57",
				"Type":	"Cluster",
				"Skip":	false,
				"Range":	10,
				"Seed":	"A",
				"DistanceCurve":	{
					"$NodeId":	"ManualCurve-de1979b3-b362-48f8-9406-accb95e81952",
					"Type":	"Manual",
					"Points":	[{
							"$NodeId":	"CurvePoint-ae23f028-4ecb-4efc-ad0c-27ed08cc40b6",
							"In":	3,
							"Out":	0.02
						}, {
							"$NodeId":	"CurvePoint-b170fa88-d64d-42fa-9296-d9605428fb2f",
							"In":	5,
							"Out":	0
						}]
				},
				"WeightedProps":	[{
						"$NodeId":	"Weighted.Cluster.Prop-220dd44e-4ed1-4945-ad9d-b8fa24e2ce20",
						"Weight":	1,
						"ColumnProp":	{
							"$NodeId":	"Column.Prop-2b4871c9-3448-485a-9bdc-d3bd64f7e94b",
							"Type":	"Column",
							"Skip":	false,
							"ColumnBlocks":	[{
									"$NodeId":	"Block.Column.Prop-b2bd5e6d-d238-4f2c-8b4e-42d90c62a27f",
									"Y":	0,
									"Material":	{
										"$NodeId":	"Material-70a32811-67ec-4fc4-8db0-12a7b38324bc",
										"Solid":	"Plant_Crop_Health2"
									}
								}],
							"Directionality":	{
								"$NodeId":	"Static.Directionality-8462ca16-21b9-43c0-81aa-1cfd12869bb5",
								"Type":	"Static",
								"Rotation":	0,
								"Pattern":	{
									"$NodeId":	"Floor.Pattern-2dbd3489-bce8-4fd1-8a32-d2fe0726f438",
									"Type":	"Floor",
									"Skip":	false,
									"Origin":	{
										"$NodeId":	"BlockType.Pattern-72820fe1-900b-4746-aa42-cf5d5108b3dc",
										"Type":	"BlockType",
										"Skip":	false,
										"Material":	{
											"$NodeId":	"Material-e09338b4-db9e-499e-94bf-85b2d2254baa",
											"Solid":	"Empty"
										}
									},
									"Floor":	{
										"$NodeId":	"BlockSet.Pattern-c8ccbbb7-ddf0-4428-b60d-424811049e93",
										"Type":	"BlockSet",
										"Skip":	false,
										"BlockSet":	{
											"$NodeId":	"BlockSet.BlockMask-b017c16f-2d30-4d2c-85f3-c330f3b081f0",
											"Inclusive":	true,
											"Materials":	[{
													"$NodeId":	"Material-208a26be-2bb3-4a17-8afb-64c24d4412f2",
													"Solid":	"Soil_Gravel_Sand"
												}]
										}
									}
								}
							},
							"Scanner":	{
								"$NodeId":	"ColumnLinear.Scanner-550514ab-4c0d-4745-a2e6-bc22510ee6c4",
								"Type":	"ColumnLinear",
								"Skip":	false,
								"MaxY":	5,
								"MinY":	-5,
								"RelativeToPosition":	true,
								"BaseHeightName":	"Base",
								"TopDownOrder":	true,
								"ResultCap":	1
							}
						}
					}],
				"Pattern":	{
					"$NodeId":	"Floor.Pattern-8b040a5e-5967-43c4-aadd-c834d4efd7fa",
					"Type":	"Floor",
					"Skip":	false,
					"Origin":	{
						"$NodeId":	"BlockType.Pattern-6fe5216d-030c-4a82-b66e-9eb587ce7075",
						"Type":	"BlockType",
						"Skip":	false,
						"Material":	{
							"$NodeId":	"Material-a8fe3ed8-da44-4285-b295-9ebc48128600",
							"Solid":	"Empty"
						}
					},
					"Floor":	{
						"$NodeId":	"BlockSet.Pattern-bac26291-3cc5-4826-8530-306739339561",
						"Type":	"BlockSet",
						"Skip":	false,
						"BlockSet":	{
							"$NodeId":	"BlockSet.BlockMask-494d6588-0550-4b92-aa02-5214d374ab9e",
							"Inclusive":	true,
							"Materials":	[{
									"$NodeId":	"Material-7fb6e6e9-15b0-4fa9-83ce-d79fccd05b99",
									"Solid":	"Soil_Gravel_Sand"
								}]
						}
					}
				},
				"Scanner":	{
					"$NodeId":	"ColumnLinear.Scanner-3ca610ad-59c5-4833-8dd7-62618a6d224d",
					"Type":	"ColumnLinear",
					"Skip":	false,
					"MaxY":	5,
					"MinY":	0,
					"RelativeToPosition":	false,
					"BaseHeightName":	"Water",
					"TopDownOrder":	true,
					"ResultCap":	1
				}
			}]
	},
	"$NodeEditorMetadata":	{
		"$Nodes":	{
			"Constant.Assignments-77428acd-a969-4915-a3b7-b4cadf2d6df0":	{
				"$Position":	{
					"$x":	2136,
					"$y":	13264
				},
				"$Title":	"[ROOT] Constant Assignments"
			},
			"Union.Prop-82d40572-428e-4cb8-aa22-487c7796b824":	{
				"$Position":	{
					"$x":	2731,
					"$y":	13263
				}
			},
			"Prefab.Prop-d1c6cf5e-915d-4a99-93b4-3637505508aa":	{
				"$Position":	{
					"$x":	3544,
					"$y":	12421
				}
			},
			"WeightedPath.Prefab.Prop-364e244a-7387-4fab-965a-227bc4be2b35":	{
				"$Position":	{
					"$x":	4330,
					"$y":	12320
				}
			},
			"Random.Directionality-4fdf2ed9-a1e9-4026-b451-8e5ac073fb00":	{
				"$Position":	{
					"$x":	4336,
					"$y":	12694
				}
			},
			"And.Pattern-6662f474-4898-4a27-8b63-8cf9fc0f0fa2":	{
				"$Position":	{
					"$x":	5052,
					"$y":	12713
				}
			},
			"Floor.Pattern-e113b6af-4d00-4b5a-82bf-3c6a30bd209f":	{
				"$Position":	{
					"$x":	5787,
					"$y":	12732
				}
			},
			"BlockType.Pattern-aae0fd76-adbd-4868-8e61-6782a64ba006":	{
				"$Position":	{
					"$x":	6422,
					"$y":	12640
				}
			},
			"Material-eb43df7b-a5d4-4ca0-a59b-cae9e7d8063d":	{
				"$Position":	{
					"$x":	7124,
					"$y":	12639
				}
			},
			"BlockSet.Pattern-5c261e73-d548-4105-a7ac-7d52276424e6":	{
				"$Position":	{
					"$x":	6410,
					"$y":	12850
				}
			},
			"BlockSet.BlockMask-0c11662e-91db-4a26-afb3-d959b5eec2c5":	{
				"$Position":	{
					"$x":	7059,
					"$y":	12866
				}
			},
			"Material-02d936c0-23f8-401a-bef3-a46f2e7c9158":	{
				"$Position":	{
					"$x":	7537,
					"$y":	12865
				}
			},
			"ColumnLinear.Scanner-ad7f4021-d7f7-4b97-821d-ca405d0a6951":	{
				"$Position":	{
					"$x":	4331,
					"$y":	12879
				}
			},
			"Cluster.Prop-82f54ad6-d758-4aa6-963d-ebf847ca4564":	{
				"$Position":	{
					"$x":	3518,
					"$y":	14055
				}
			},
			"ManualCurve-94f94e96-2b76-4a12-a5fe-899cf6d13c8a":	{
				"$Position":	{
					"$x":	4215,
					"$y":	14029
				}
			},
			"CurvePoint-8bb6a321-9e29-49e9-85ab-523519c5a906":	{
				"$Position":	{
					"$x":	4860,
					"$y":	13888
				}
			},
			"CurvePoint-3e8ef9b5-a4df-4453-a50d-25a232269f68":	{
				"$Position":	{
					"$x":	4843,
					"$y":	14038
				}
			},
			"Weighted.Cluster.Prop-e3fbeef5-98f6-4564-b308-354256499a07":	{
				"$Position":	{
					"$x":	4261,
					"$y":	14232
				}
			},
			"Column.Prop-943607a4-e615-423e-a45d-47544d3f6344":	{
				"$Position":	{
					"$x":	4831,
					"$y":	14199
				}
			},
			"Block.Column.Prop-0a9d9b40-0cb3-4f42-a8df-b21ce4501978":	{
				"$Position":	{
					"$x":	5546,
					"$y":	14211
				}
			},
			"Material-28f83bac-5aa6-4a1a-ab81-352d2127cc67":	{
				"$Position":	{
					"$x":	5966,
					"$y":	14182
				}
			},
			"Static.Directionality-df8f1bf5-0503-4c03-a831-171221bb88c9":	{
				"$Position":	{
					"$x":	5545,
					"$y":	14359
				}
			},
			"Floor.Pattern-50bf363e-79eb-46a5-b20d-ebfcbe22e346":	{
				"$Position":	{
					"$x":	6185,
					"$y":	14356
				}
			},
			"BlockType.Pattern-6f14d11c-a8ea-4100-b919-ff6742b68d20":	{
				"$Position":	{
					"$x":	6820,
					"$y":	14264
				}
			},
			"Material-b1eb37cf-7728-4265-8795-e93d4e566da0":	{
				"$Position":	{
					"$x":	7522,
					"$y":	14263
				}
			},
			"BlockSet.Pattern-f4d551d8-d7e5-4de4-95ce-3172c7674aad":	{
				"$Position":	{
					"$x":	6808,
					"$y":	14474
				}
			},
			"BlockSet.BlockMask-e9ebd843-05af-4e54-bd44-4f5d2d4c5bfb":	{
				"$Position":	{
					"$x":	7481,
					"$y":	14487
				}
			},
			"Material-5d2308ba-f538-4c05-809a-44339596e1fa":	{
				"$Position":	{
					"$x":	7966,
					"$y":	14478
				}
			},
			"ColumnLinear.Scanner-0bd6cac8-70a9-4545-bb09-293da690bece":	{
				"$Position":	{
					"$x":	5549,
					"$y":	14501
				}
			},
			"Floor.Pattern-39122811-3b5c-49e7-9336-d5d614903cc6":	{
				"$Position":	{
					"$x":	4856,
					"$y":	15018
				}
			},
			"BlockType.Pattern-bef41de2-7647-4882-ade0-684c6e928cbc":	{
				"$Position":	{
					"$x":	5491,
					"$y":	14926
				}
			},
			"Material-2d9842ca-2a2f-4aa3-ae12-1839c18774d8":	{
				"$Position":	{
					"$x":	6193,
					"$y":	14925
				}
			},
			"BlockSet.Pattern-4b864bea-f7d3-4de6-a204-187d8bfef328":	{
				"$Position":	{
					"$x":	5479,
					"$y":	15136
				}
			},
			"BlockSet.BlockMask-89d9ffa8-8e5b-4edc-a89e-f61bc289f6dc":	{
				"$Position":	{
					"$x":	6152,
					"$y":	15149
				}
			},
			"Material-2a229ce7-2b5a-4d08-b6ee-06c653782aaf":	{
				"$Position":	{
					"$x":	6637,
					"$y":	15140
				}
			},
			"ColumnLinear.Scanner-535a94ef-321c-4855-b947-9cf75bb0c90c":	{
				"$Position":	{
					"$x":	4240,
					"$y":	14672
				}
			},
			"Cluster.Prop-fb634058-0b80-4cb1-a903-0d8e7b506f57":	{
				"$Position":	{
					"$x":	3547,
					"$y":	16096
				}
			},
			"ManualCurve-de1979b3-b362-48f8-9406-accb95e81952":	{
				"$Position":	{
					"$x":	4244,
					"$y":	16070
				}
			},
			"CurvePoint-ae23f028-4ecb-4efc-ad0c-27ed08cc40b6":	{
				"$Position":	{
					"$x":	4889,
					"$y":	15929
				}
			},
			"CurvePoint-b170fa88-d64d-42fa-9296-d9605428fb2f":	{
				"$Position":	{
					"$x":	4872,
					"$y":	16079
				}
			},
			"Weighted.Cluster.Prop-220dd44e-4ed1-4945-ad9d-b8fa24e2ce20":	{
				"$Position":	{
					"$x":	4290,
					"$y":	16273
				}
			},
			"Column.Prop-2b4871c9-3448-485a-9bdc-d3bd64f7e94b":	{
				"$Position":	{
					"$x":	4860,
					"$y":	16240
				}
			},
			"Block.Column.Prop-b2bd5e6d-d238-4f2c-8b4e-42d90c62a27f":	{
				"$Position":	{
					"$x":	5575,
					"$y":	16252
				}
			},
			"Material-70a32811-67ec-4fc4-8db0-12a7b38324bc":	{
				"$Position":	{
					"$x":	5995,
					"$y":	16224
				}
			},
			"Static.Directionality-8462ca16-21b9-43c0-81aa-1cfd12869bb5":	{
				"$Position":	{
					"$x":	5574,
					"$y":	16400
				}
			},
			"Floor.Pattern-2dbd3489-bce8-4fd1-8a32-d2fe0726f438":	{
				"$Position":	{
					"$x":	6195,
					"$y":	16413
				}
			},
			"BlockType.Pattern-72820fe1-900b-4746-aa42-cf5d5108b3dc":	{
				"$Position":	{
					"$x":	6830,
					"$y":	16321
				}
			},
			"Material-e09338b4-db9e-499e-94bf-85b2d2254baa":	{
				"$Position":	{
					"$x":	7532,
					"$y":	16320
				}
			},
			"BlockSet.Pattern-c8ccbbb7-ddf0-4428-b60d-424811049e93":	{
				"$Position":	{
					"$x":	6818,
					"$y":	16531
				}
			},
			"BlockSet.BlockMask-b017c16f-2d30-4d2c-85f3-c330f3b081f0":	{
				"$Position":	{
					"$x":	7491,
					"$y":	16544
				}
			},
			"Material-208a26be-2bb3-4a17-8afb-64c24d4412f2":	{
				"$Position":	{
					"$x":	7976,
					"$y":	16535
				}
			},
			"ColumnLinear.Scanner-550514ab-4c0d-4745-a2e6-bc22510ee6c4":	{
				"$Position":	{
					"$x":	5578,
					"$y":	16542
				}
			},
			"Floor.Pattern-8b040a5e-5967-43c4-aadd-c834d4efd7fa":	{
				"$Position":	{
					"$x":	4896,
					"$y":	17090
				}
			},
			"BlockType.Pattern-6fe5216d-030c-4a82-b66e-9eb587ce7075":	{
				"$Position":	{
					"$x":	5531,
					"$y":	16998
				}
			},
			"Material-a8fe3ed8-da44-4285-b295-9ebc48128600":	{
				"$Position":	{
					"$x":	6233,
					"$y":	16997
				}
			},
			"BlockSet.Pattern-bac26291-3cc5-4826-8530-306739339561":	{
				"$Position":	{
					"$x":	5519,
					"$y":	17208
				}
			},
			"BlockSet.BlockMask-494d6588-0550-4b92-aa02-5214d374ab9e":	{
				"$Position":	{
					"$x":	6192,
					"$y":	17221
				}
			},
			"Material-7fb6e6e9-15b0-4fa9-83ce-d79fccd05b99":	{
				"$Position":	{
					"$x":	6677,
					"$y":	17212
				}
			},
			"ColumnLinear.Scanner-3ca610ad-59c5-4833-8dd7-62618a6d224d":	{
				"$Position":	{
					"$x":	4269,
					"$y":	16713
				}
			},
			"WeightedPath.Prefab.Prop-96d3cb68-4259-4212-aa29-c8fde0ec3328":	{
				"$Position":	{
					"$x":	752178,
					"$y":	752767
				}
			},
			"Prefab.Prop-5c4c4f1a-8edc-42d9-8cc9-7ced41e2569a":	{
				"$Position":	{
					"$x":	751427,
					"$y":	752872
				}
			},
			"Material-89fb910d-70c2-45ae-92a4-5fb2455b347b":	{
				"$Position":	{
					"$x":	754534,
					"$y":	752957
				}
			},
			"BlockSet.BlockMask-86353bbc-c111-4e57-a4cd-7ccf202549e7":	{
				"$Position":	{
					"$x":	754070,
					"$y":	753105
				}
			},
			"BlockSet.Pattern-27003ea0-dbef-483a-b4ec-970fb7a3d05e":	{
				"$Position":	{
					"$x":	753426,
					"$y":	752934
				}
			},
			"BlockSet.BlockMask-536b961f-4f58-44d0-95a5-baac913eebb5":	{
				"$Position":	{
					"$x":	754055,
					"$y":	752946
				}
			},
			"BlockSet.Pattern-c97d2532-1fbb-485e-9a4d-7f1e5b60f41d":	{
				"$Position":	{
					"$x":	753442,
					"$y":	753093
				}
			},
			"Material-ffc8429e-afbb-45f8-af5e-59eee6b32b2e":	{
				"$Position":	{
					"$x":	754550,
					"$y":	753115
				}
			},
			"ColumnLinear.Scanner-91ff3860-ee22-4619-a99c-eb2b337fcd77":	{
				"$Position":	{
					"$x":	752168,
					"$y":	753089
				}
			},
			"Floor.Pattern-ed9e40b5-88e9-42c5-89cf-3d8d6f2b1e9a":	{
				"$Position":	{
					"$x":	752789,
					"$y":	752933
				}
			},
			"Random.Directionality-e1b40160-5519-45a5-8064-91271a3f1777":	{
				"$Position":	{
					"$x":	752177,
					"$y":	752935
				}
			}
		},
		"$FloatingNodes":	[{
				"$NodeId":	"WeightedPath.Prefab.Prop-96d3cb68-4259-4212-aa29-c8fde0ec3328",
				"Path":	"Trees/Petrified_Dead/Stage_5",
				"Weight":	1
			}, {
				"$NodeId":	"Prefab.Prop-5c4c4f1a-8edc-42d9-8cc9-7ced41e2569a",
				"Type":	"Prefab",
				"Skip":	false,
				"LegacyPath":	false,
				"LoadEntities":	true,
				"MoldingDirection":	"NONE",
				"MoldingChildren":	false
			}, {
				"$NodeId":	"Material-89fb910d-70c2-45ae-92a4-5fb2455b347b",
				"Solid":	"Empty"
			}, {
				"$NodeId":	"BlockSet.BlockMask-86353bbc-c111-4e57-a4cd-7ccf202549e7",
				"Inclusive":	false
			}, {
				"$NodeId":	"BlockSet.Pattern-27003ea0-dbef-483a-b4ec-970fb7a3d05e",
				"Type":	"BlockSet",
				"Skip":	false
			}, {
				"$NodeId":	"BlockSet.BlockMask-536b961f-4f58-44d0-95a5-baac913eebb5",
				"Inclusive":	true
			}, {
				"$NodeId":	"BlockSet.Pattern-c97d2532-1fbb-485e-9a4d-7f1e5b60f41d",
				"Type":	"BlockSet",
				"Skip":	false
			}, {
				"$NodeId":	"Material-ffc8429e-afbb-45f8-af5e-59eee6b32b2e",
				"Solid":	"Empty"
			}, {
				"$NodeId":	"ColumnLinear.Scanner-91ff3860-ee22-4619-a99c-eb2b337fcd77",
				"Type":	"ColumnLinear",
				"Skip":	false,
				"MaxY":	10,
				"MinY":	-5,
				"RelativeToPosition":	false,
				"BaseHeightName":	"Base",
				"TopDownOrder":	true,
				"ResultCap":	1
			}, {
				"$NodeId":	"Floor.Pattern-ed9e40b5-88e9-42c5-89cf-3d8d6f2b1e9a",
				"Type":	"Floor",
				"Skip":	false
			}, {
				"$NodeId":	"Random.Directionality-e1b40160-5519-45a5-8064-91271a3f1777",
				"Type":	"Random",
				"Seed":	"A"
			}],
		"$Links":	{
		},
		"$Groups":	[{
				"$Position":	{
					"$x":	3408.4375,
					"$y":	11979.125
				},
				"$width":	4865.1875,
				"$height":	1684.875,
				"$name":	"Redwood"
			}, {
				"$Position":	{
					"$x":	3418.3125,
					"$y":	13718
				},
				"$width":	5319.5625,
				"$height":	2108.625,
				"$name":	"Sticks"
			}, {
				"$Position":	{
					"$x":	3437.5,
					"$y":	15855
				},
				"$width":	5295.4375,
				"$height":	2101.875,
				"$name":	"Mushrooms"
			}],
		"$Comments":	[],
		"$WorkspaceID":	"HytaleGenerator - Assignments"
	}
}