{
	"$Title":	"[ROOT] Constant Assignments",
	"$Position":	{
		"$x":	10252,
		"$y":	-364
	},
	"Type":	"Constant",
	"ExportAs":	"Desert1_Oasis_Rubble",
	"Prop":	{
		"$Position":	{
			"$x":	10854,
			"$y":	-374
		},
		"Type":	"Column",
		"Skip":	false,
		"ColumnBlocks":	[{
				"$Position":	{
					"$x":	11595,
					"$y":	-541
				},
				"Y":	0,
				"Material":	{
					"$Position":	{
						"$x":	12051,
						"$y":	-541
					},
					"Solid":	"Rubble_Sandstone"
				}
			}],
		"Directionality":	{
			"$Position":	{
				"$x":	11590,
				"$y":	-335
			},
			"Type":	"Random",
			"Seed":	"A",
			"Pattern":	{
				"$Position":	{
					"$x":	12266,
					"$y":	-332
				},
				"Type":	"Floor",
				"Skip":	false,
				"Origin":	{
					"$Position":	{
						"$x":	12934,
						"$y":	-334
					},
					"Type":	"BlockSet",
					"Skip":	false,
					"BlockSet":	{
						"$Position":	{
							"$x":	13568,
							"$y":	-336
						},
						"Inclusive":	true,
						"Materials":	[{
								"$Position":	{
									"$x":	14122,
									"$y":	-337
								},
								"Solid":	"Empty"
							}]
					}
				},
				"Floor":	{
					"$Position":	{
						"$x":	12937,
						"$y":	-23
					},
					"Type":	"BlockSet",
					"Skip":	false,
					"BlockSet":	{
						"$Position":	{
							"$x":	13564,
							"$y":	-21
						},
						"Inclusive":	true,
						"Materials":	[{
								"$Position":	{
									"$x":	14124,
									"$y":	-28
								},
								"Solid":	"Soil_Gravel_Sand_White"
							}, {
								"$Position":	{
									"$x":	14126,
									"$y":	133
								},
								"Solid":	"Soil_Gravel_Sand"
							}]
					}
				}
			}
		},
		"Scanner":	{
			"$Position":	{
				"$x":	11571,
				"$y":	-165
			},
			"Type":	"ColumnLinear",
			"Skip":	false,
			"MaxY":	-35,
			"MinY":	-60,
			"RelativeToPosition":	false,
			"BaseHeightName":	"Base",
			"TopDownOrder":	true,
			"ResultCap":	1
		}
	},
	"$WorkspaceID":	"HytaleGenerator - Assignments",
	"$Groups":	[]
}