{
	"$NodeId":	"FieldFunction.Assignments",
	"$Title":	"[ROOT] FieldFunction Assignments",
	"$Position":	{
		"$x":	1546,
		"$y":	12449
	},
	"Type":	"FieldFunction",
	"ExportAs":	"Desert1_Oasis_Boulders",
	"FieldFunction":	{
		"$NodeId":	"Exported.Density",
		"$Position":	{
			"$x":	2428,
			"$y":	12091
		},
		"Type":	"Exported",
		"ExportAs":	"Desert1_Boulders_Oasis_Noise",
		"SingleInstance":	true,
		"Skip":	false,
		"Inputs":	[{
				"$NodeId":	"InverterDensityNode",
				"$Position":	{
					"$x":	3108,
					"$y":	12091
				},
				"Type":	"Inverter",
				"Skip":	false,
				"Inputs":	[{
						"$NodeId":	"CellNoise2DDensityNode",
						"$Position":	{
							"$x":	3744,
							"$y":	12087
						},
						"Type":	"CellNoise2D",
						"Skip":	false,
						"ScaleX":	60,
						"ScaleZ":	60,
						"Jitter":	0.3,
						"CellType":	"Distance",
						"Octaves":	1,
						"Seed":	"Boulders_Oasis"
					}]
			}]
	},
	"Delimiters":	[{
			"$NodeId":	"Delimiter.FieldFunction.Assignments",
			"$Position":	{
				"$x":	2467,
				"$y":	12736
			},
			"Max":	1,
			"Min":	0.83,
			"Assignments":	{
				"$NodeId":	"Weighted.Assignments",
				"$Position":	{
					"$x":	3059,
					"$y":	12734
				},
				"Type":	"Weighted",
				"SkipChance":	0.5,
				"Seed":	"A",
				"WeightedAssignments":	[{
						"$NodeId":	"Weight.Weighted.Assignments",
						"$Position":	{
							"$x":	3790,
							"$y":	12734
						},
						"Weight":	100,
						"Assignments":	{
							"$NodeId":	"Constant.Assignments",
							"$Position":	{
								"$x":	4284,
								"$y":	12734
							},
							"Type":	"Constant",
							"Prop":	{
								"$NodeId":	"Union.Prop",
								"$Position":	{
									"$x":	4914,
									"$y":	12733
								},
								"Type":	"Union",
								"Skip":	false,
								"Props":	[{
										"$NodeId":	"Prefab.Prop",
										"$Position":	{
											"$x":	5815,
											"$y":	12671
										},
										"Type":	"Prefab",
										"Skip":	false,
										"WeightedPrefabPaths":	[{
												"$NodeId":	"WeightedPath.Prefab.Prop",
												"$Position":	{
													"$x":	6609,
													"$y":	12633
												},
												"Path":	"Rock_Formations/Rocks/Sandstone/Oasis/",
												"Weight":	100
											}],
										"LegacyPath":	false,
										"LoadEntities":	true,
										"Directionality":	{
											"$NodeId":	"Random.Directionality",
											"$Position":	{
												"$x":	6601,
												"$y":	12796
											},
											"Type":	"Random",
											"Seed":	"A",
											"Pattern":	{
												"$NodeId":	"Floor.Pattern",
												"$Position":	{
													"$x":	7206,
													"$y":	12789
												},
												"Type":	"Floor",
												"ExportAs":	"Desert1_Boulders_Pattern_Floor",
												"Skip":	false,
												"Origin":	{
													"$NodeId":	"BlockType.Pattern",
													"$Position":	{
														"$x":	7825,
														"$y":	12719
													},
													"Type":	"BlockType",
													"Skip":	false,
													"Material":	{
														"$NodeId":	"Material",
														"$Position":	{
															"$x":	8504,
															"$y":	12722
														},
														"Solid":	"Empty"
													}
												},
												"Floor":	{
													"$NodeId":	"BlockSet.Pattern",
													"$Position":	{
														"$x":	7811,
														"$y":	12917
													},
													"Type":	"BlockSet",
													"Skip":	false,
													"BlockSet":	{
														"$NodeId":	"BlockSet.BlockMask",
														"$Position":	{
															"$x":	8435,
															"$y":	12917
														},
														"Inclusive":	true,
														"Materials":	[{
																"$NodeId":	"Material",
																"$Position":	{
																	"$x":	8943,
																	"$y":	12931
																},
																"Solid":	"Soil_Pathway"
															}, {
																"$NodeId":	"Material",
																"$Position":	{
																	"$x":	9651,
																	"$y":	12934
																},
																"Solid":	"Soil_Gravel"
															}, {
																"$NodeId":	"Material",
																"$Position":	{
																	"$x":	8947,
																	"$y":	13082
																},
																"Solid":	"Soil_Mud"
															}, {
																"$NodeId":	"Material",
																"$Position":	{
																	"$x":	9660,
																	"$y":	13087
																},
																"Solid":	"Soil_Gravel_Sand"
															}, {
																"$NodeId":	"Material",
																"$Position":	{
																	"$x":	8955,
																	"$y":	13238
																},
																"Solid":	"Soil_Mud_Dry"
															}, {
																"$NodeId":	"Material",
																"$Position":	{
																	"$x":	9657,
																	"$y":	13250
																},
																"Solid":	"Soil_Gravel_Sand_White"
															}, {
																"$NodeId":	"Material",
																"$Position":	{
																	"$x":	8941,
																	"$y":	13397
																},
																"Solid":	"Soil_Grass"
															}]
													}
												}
											}
										},
										"Scanner":	{
											"$NodeId":	"ColumnLinear.Scanner",
											"$Position":	{
												"$x":	6581,
												"$y":	13053
											},
											"Type":	"ColumnLinear",
											"ExportAs":	"Desert1_Boulders_Scanner",
											"Skip":	false,
											"MaxY":	-50,
											"MinY":	-60,
											"RelativeToPosition":	false,
											"BaseHeightName":	"Base",
											"TopDownOrder":	false,
											"ResultCap":	1
										},
										"MoldingDirection":	"None",
										"MoldingChildren":	false
									}, {
										"$NodeId":	"Imported.Prop",
										"$Position":	{
											"$x":	5843,
											"$y":	13629
										},
										"Type":	"Imported",
										"Name":	"Desert1_Oasis_ClusterProp_Flowers",
										"Skip":	false
									}]
							}
						}
					}]
			}
		}, {
			"$NodeId":	"Delimiter.FieldFunction.Assignments",
			"$Position":	{
				"$x":	2572,
				"$y":	16583
			},
			"Max":	2,
			"Min":	0.8,
			"Assignments":	{
				"$NodeId":	"Weighted.Assignments",
				"$Position":	{
					"$x":	3160,
					"$y":	16545
				},
				"Type":	"Weighted",
				"SkipChance":	0.5,
				"Seed":	"A",
				"WeightedAssignments":	[{
						"$NodeId":	"Weight.Weighted.Assignments",
						"$Position":	{
							"$x":	3979,
							"$y":	16542
						},
						"Weight":	100,
						"Assignments":	{
							"$NodeId":	"Constant.Assignments",
							"$Position":	{
								"$x":	4514,
								"$y":	16533
							},
							"Type":	"Constant",
							"Prop":	{
								"$NodeId":	"Union.Prop",
								"$Position":	{
									"$x":	5353,
									"$y":	16530
								},
								"Type":	"Union",
								"Skip":	false,
								"Props":	[{
										"$NodeId":	"Prefab.Prop",
										"$Position":	{
											"$x":	6388,
											"$y":	16555
										},
										"Type":	"Prefab",
										"Skip":	false,
										"WeightedPrefabPaths":	[{
												"$NodeId":	"WeightedPath.Prefab.Prop",
												"$Position":	{
													"$x":	7189,
													"$y":	16251
												},
												"Path":	"Rock_Formations/Rocks/Sandstone/Large/",
												"Weight":	100
											}, {
												"$NodeId":	"WeightedPath.Prefab.Prop",
												"$Position":	{
													"$x":	7192,
													"$y":	16409
												},
												"Path":	"Rock_Formations/Rocks/Sandstone/Large_Tall/",
												"Weight":	100
											}],
										"LegacyPath":	false,
										"LoadEntities":	true,
										"Directionality":	{
											"$NodeId":	"Random.Directionality",
											"$Position":	{
												"$x":	7174,
												"$y":	16680
											},
											"Type":	"Random",
											"Seed":	"A",
											"Pattern":	{
												"$NodeId":	"Imported.Pattern",
												"$Position":	{
													"$x":	7832,
													"$y":	16678
												},
												"Type":	"Imported",
												"Skip":	false,
												"Name":	"Desert1_Boulders_Pattern_Floor"
											}
										},
										"Scanner":	{
											"$NodeId":	"Imported.Scanner",
											"$Position":	{
												"$x":	7176,
												"$y":	16947
											},
											"Type":	"Imported",
											"Skip":	false,
											"Name":	"Desert1_Boulders_Scanner"
										},
										"MoldingDirection":	"None",
										"MoldingChildren":	false
									}, {
										"$NodeId":	"Cluster.Prop",
										"$Position":	{
											"$x":	6463,
											"$y":	18399
										},
										"Type":	"Cluster",
										"ExportAs":	"Desert1_Oasis_ClusterProp_Flowers",
										"Skip":	false,
										"Range":	10,
										"Seed":	"A",
										"DistanceCurve":	{
											"$NodeId":	"ManualCurve",
											"$Position":	{
												"$x":	7174,
												"$y":	17600
											},
											"Type":	"Manual",
											"Points":	[{
													"$NodeId":	"CurvePoint",
													"$Position":	{
														"$x":	7834,
														"$y":	17451
													},
													"In":	10,
													"Out":	0.03
												}, {
													"$NodeId":	"CurvePoint",
													"$Position":	{
														"$x":	7831,
														"$y":	17599
													},
													"In":	11,
													"Out":	0
												}]
										},
										"WeightedProps":	[{
												"$NodeId":	"Weighted.Cluster.Prop",
												"$Position":	{
													"$x":	7222,
													"$y":	17891
												},
												"Weight":	0.7,
												"ColumnProp":	{
													"$NodeId":	"Column.Prop",
													"$Position":	{
														"$x":	7679,
														"$y":	17855
													},
													"Type":	"Column",
													"Skip":	false,
													"ColumnBlocks":	[{
															"$NodeId":	"Block.Column.Prop",
															"$Position":	{
																"$x":	8371,
																"$y":	17824
															},
															"Y":	0,
															"Material":	{
																"$NodeId":	"Material",
																"$Position":	{
																	"$x":	8844,
																	"$y":	17791
																},
																"Solid":	"Plant_Flower_Bushy_Green"
															}
														}],
													"Directionality":	{
														"$NodeId":	"Static.Directionality",
														"$Position":	{
															"$x":	8360,
															"$y":	17969
														},
														"Type":	"Static",
														"Rotation":	0,
														"Pattern":	{
															"$NodeId":	"Imported.Pattern",
															"$Position":	{
																"$x":	9008,
																"$y":	17965
															},
															"Type":	"Imported",
															"Skip":	false,
															"Name":	"Desert1_Boulders_Pattern_Floor"
														}
													},
													"Scanner":	{
														"$NodeId":	"ColumnLinear.Scanner",
														"$Position":	{
															"$x":	8359,
															"$y":	18122
														},
														"Type":	"ColumnLinear",
														"Skip":	false,
														"MaxY":	3,
														"MinY":	-3,
														"RelativeToPosition":	true,
														"BaseHeightName":	"Base",
														"TopDownOrder":	true,
														"ResultCap":	1
													}
												}
											}, {
												"$NodeId":	"Weighted.Cluster.Prop",
												"$Position":	{
													"$x":	7275,
													"$y":	18669
												},
												"Weight":	0.3,
												"ColumnProp":	{
													"$NodeId":	"Column.Prop",
													"$Position":	{
														"$x":	7732,
														"$y":	18633
													},
													"Type":	"Column",
													"Skip":	false,
													"ColumnBlocks":	[{
															"$NodeId":	"Block.Column.Prop",
															"$Position":	{
																"$x":	8424,
																"$y":	18602
															},
															"Y":	0,
															"Material":	{
																"$NodeId":	"Material",
																"$Position":	{
																	"$x":	8897,
																	"$y":	18569
																},
																"Solid":	"Plant_Fern_Wet_Big"
															}
														}],
													"Directionality":	{
														"$NodeId":	"Static.Directionality",
														"$Position":	{
															"$x":	8413,
															"$y":	18747
														},
														"Type":	"Static",
														"Rotation":	0,
														"Pattern":	{
															"$NodeId":	"Imported.Pattern",
															"$Position":	{
																"$x":	9061,
																"$y":	18743
															},
															"Type":	"Imported",
															"Skip":	false,
															"Name":	"Desert1_Boulders_Pattern_Floor"
														}
													},
													"Scanner":	{
														"$NodeId":	"ColumnLinear.Scanner",
														"$Position":	{
															"$x":	8412,
															"$y":	18900
														},
														"Type":	"ColumnLinear",
														"Skip":	false,
														"MaxY":	3,
														"MinY":	-3,
														"RelativeToPosition":	true,
														"BaseHeightName":	"Base",
														"TopDownOrder":	true,
														"ResultCap":	1
													}
												}
											}],
										"Pattern":	{
											"$NodeId":	"And.Pattern",
											"$Position":	{
												"$x":	7237,
												"$y":	19603
											},
											"Type":	"And",
											"Skip":	false,
											"Patterns":	[{
													"$NodeId":	"Offset.Pattern",
													"$Position":	{
														"$x":	7976,
														"$y":	19536
													},
													"Type":	"Offset",
													"Skip":	false,
													"Pattern":	{
														"$NodeId":	"BlockType.Pattern",
														"$Position":	{
															"$x":	8616,
															"$y":	19440
														},
														"Type":	"BlockType",
														"Skip":	false,
														"Material":	{
															"$NodeId":	"Material",
															"$Position":	{
																"$x":	9298,
																"$y":	19439
															},
															"Solid":	"Empty"
														}
													},
													"Offset":	{
														"$NodeId":	"Point3D",
														"$Position":	{
															"$x":	8604,
															"$y":	19634
														},
														"X":	0,
														"Y":	8,
														"Z":	0
													}
												}, {
													"$NodeId":	"Imported.Pattern",
													"$Position":	{
														"$x":	7955,
														"$y":	19830
													},
													"Type":	"Imported",
													"Skip":	false,
													"Name":	"Desert1_Boulders_Pattern_Floor"
												}]
										},
										"Scanner":	{
											"$NodeId":	"Imported.Scanner",
											"$Position":	{
												"$x":	7220,
												"$y":	19831
											},
											"Type":	"Imported",
											"Skip":	false,
											"Name":	"Desert1_Boulders_Scanner"
										}
									}]
							}
						}
					}]
			}
		}],
	"$WorkspaceID":	"HytaleGenerator - Assignments",
	"$Groups":	[{
			"$Position":	{
				"$x":	5746.375,
				"$y":	12538.4375
			},
			"$width":	3908.625,
			"$height":	1027,
			"$name":	"Small Boulders"
		}, {
			"$Position":	{
				"$x":	5191.4375,
				"$y":	16151.5625
			},
			"$width":	3233.9375,
			"$height":	1037.1875,
			"$name":	"Large Boulders"
		}, {
			"$Position":	{
				"$x":	6352.4375,
				"$y":	17285.5
			},
			"$width":	4276.4375,
			"$height":	3047.25,
			"$name":	"Flowers"
		}],
	"$Comments":	[]
}