{
	"$NodeId":	"Weighted.Assignments",
	"$Title":	"[ROOT] Weighted Assignments",
	"$Position":	{
		"$x":	8921,
		"$y":	181
	},
	"Type":	"Weighted",
	"ExportAs":	"Desert1_Oasis_Flowers",
	"SkipChance":	0.3,
	"Seed":	"A",
	"WeightedAssignments":	[{
			"$NodeId":	"Weight.Weighted.Assignments",
			"$Position":	{
				"$x":	9672,
				"$y":	184
			},
			"Weight":	0.3,
			"Assignments":	{
				"$NodeId":	"Constant.Assignments",
				"$Position":	{
					"$x":	10219,
					"$y":	170
				},
				"Type":	"Constant",
				"Prop":	{
					"$NodeId":	"Column.Prop",
					"$Position":	{
						"$x":	10870,
						"$y":	152
					},
					"Type":	"Column",
					"Skip":	false,
					"ColumnBlocks":	[{
							"$NodeId":	"Block.Column.Prop",
							"$Position":	{
								"$x":	11572,
								"$y":	151
							},
							"Y":	0,
							"Material":	{
								"$NodeId":	"Material",
								"$Position":	{
									"$x":	12060,
									"$y":	108
								},
								"Solid":	"Plant_Flower_Orchid_Purple"
							}
						}],
					"Directionality":	{
						"$NodeId":	"Static.Directionality",
						"$Position":	{
							"$x":	11559,
							"$y":	310
						},
						"Type":	"Static",
						"Rotation":	0,
						"Pattern":	{
							"$NodeId":	"Floor.Pattern",
							"$Position":	{
								"$x":	12194,
								"$y":	342
							},
							"Type":	"Floor",
							"Skip":	false,
							"Origin":	{
								"$NodeId":	"BlockSet.Pattern",
								"$Position":	{
									"$x":	12842,
									"$y":	174
								},
								"Type":	"BlockSet",
								"Skip":	false,
								"BlockSet":	{
									"$NodeId":	"BlockSet.BlockMask",
									"$Position":	{
										"$x":	13474,
										"$y":	179
									},
									"Inclusive":	true,
									"Materials":	[{
											"$NodeId":	"Material",
											"$Position":	{
												"$x":	13989,
												"$y":	174
											},
											"Solid":	"Empty"
										}]
								}
							},
							"Floor":	{
								"$NodeId":	"BlockSet.Pattern",
								"$Position":	{
									"$x":	12787,
									"$y":	527
								},
								"Type":	"BlockSet",
								"Skip":	false,
								"BlockSet":	{
									"$NodeId":	"BlockSet.BlockMask",
									"$Position":	{
										"$x":	13446,
										"$y":	537
									},
									"Inclusive":	true,
									"Materials":	[{
											"$NodeId":	"Material",
											"$Position":	{
												"$x":	14000,
												"$y":	556
											},
											"Solid":	"Soil_Dirt_Poisoned"
										}]
								}
							}
						}
					},
					"Scanner":	{
						"$NodeId":	"ColumnLinear.Scanner",
						"$Position":	{
							"$x":	11577,
							"$y":	502
						},
						"Type":	"ColumnLinear",
						"Skip":	false,
						"MaxY":	-25,
						"MinY":	-60,
						"RelativeToPosition":	false,
						"BaseHeightName":	"Base",
						"TopDownOrder":	true,
						"ResultCap":	1
					}
				}
			}
		}, {
			"$NodeId":	"Weight.Weighted.Assignments",
			"$Position":	{
				"$x":	9736,
				"$y":	1642
			},
			"Weight":	0.7,
			"Assignments":	{
				"$NodeId":	"Constant.Assignments",
				"$Position":	{
					"$x":	10234,
					"$y":	1641
				},
				"Type":	"Constant",
				"Prop":	{
					"$NodeId":	"Column.Prop",
					"$Position":	{
						"$x":	10873,
						"$y":	1638
					},
					"Type":	"Column",
					"Skip":	false,
					"ColumnBlocks":	[{
							"$NodeId":	"Block.Column.Prop",
							"$Position":	{
								"$x":	11629,
								"$y":	1593
							},
							"Y":	0,
							"Material":	{
								"$NodeId":	"Material",
								"$Position":	{
									"$x":	12058,
									"$y":	1592
								},
								"Solid":	"Plant_Flower_Bushy_Poisoned"
							}
						}],
					"Directionality":	{
						"$NodeId":	"Static.Directionality",
						"$Position":	{
							"$x":	11562,
							"$y":	1796
						},
						"Type":	"Static",
						"Rotation":	0,
						"Pattern":	{
							"$NodeId":	"Floor.Pattern",
							"$Position":	{
								"$x":	12197,
								"$y":	1802
							},
							"Type":	"Floor",
							"Skip":	false,
							"Origin":	{
								"$NodeId":	"BlockSet.Pattern",
								"$Position":	{
									"$x":	12845,
									"$y":	1634
								},
								"Type":	"BlockSet",
								"Skip":	false,
								"BlockSet":	{
									"$NodeId":	"BlockSet.BlockMask",
									"$Position":	{
										"$x":	13477,
										"$y":	1639
									},
									"Inclusive":	true,
									"Materials":	[{
											"$NodeId":	"Material",
											"$Position":	{
												"$x":	13992,
												"$y":	1634
											},
											"Solid":	"Empty"
										}]
								}
							},
							"Floor":	{
								"$NodeId":	"BlockSet.Pattern",
								"$Position":	{
									"$x":	12790,
									"$y":	1987
								},
								"Type":	"BlockSet",
								"Skip":	false,
								"BlockSet":	{
									"$NodeId":	"BlockSet.BlockMask",
									"$Position":	{
										"$x":	13449,
										"$y":	1997
									},
									"Inclusive":	true,
									"Materials":	[{
											"$NodeId":	"Material",
											"$Position":	{
												"$x":	14003,
												"$y":	2016
											},
											"Solid":	"Soil_Dirt_Poisoned"
										}]
								}
							}
						}
					},
					"Scanner":	{
						"$NodeId":	"ColumnLinear.Scanner",
						"$Position":	{
							"$x":	11580,
							"$y":	1988
						},
						"Type":	"ColumnLinear",
						"Skip":	false,
						"MaxY":	-25,
						"MinY":	-60,
						"RelativeToPosition":	false,
						"BaseHeightName":	"Base",
						"TopDownOrder":	true,
						"ResultCap":	1
					}
				}
			}
		}],
	"$WorkspaceID":	"HytaleGenerator - Assignments",
	"$Groups":	[],
	"$Comments":	[]
}