{
	"$NodeId":	"Constant.Assignments-813913b5-7f4a-4579-85ff-671b18164f43",
	"Type":	"Constant",
	"ExportAs":	"Desert1_Oasis_Feran_Huts",
	"Prop":	{
		"$NodeId":	"Union.Prop-5a6ae0cf-c81e-481a-b20d-b17ff23babe8",
		"Type":	"Union",
		"Skip":	false,
		"Props":	[{
				"$NodeId":	"Prefab.Prop-abad669d-06ca-4fff-8c22-d1e33408e003",
				"Type":	"Prefab",
				"Skip":	false,
				"WeightedPrefabPaths":	[{
						"$NodeId":	"WeightedPath.Prefab.Prop-e8b18c6b-d31c-4116-a97f-1fc9efb205b7",
						"Path":	"Npc/Feran/Portals_Oasis/Pillar_Hut/",
						"Weight":	1
					}],
				"LegacyPath":	false,
				"LoadEntities":	true,
				"Directionality":	{
					"$NodeId":	"Random.Directionality-52132dbb-2bab-45aa-828e-bbbe18e920c3",
					"Type":	"Random",
					"Seed":	"A",
					"Pattern":	{
						"$NodeId":	"Floor.Pattern-3a335994-c1fc-4504-9866-4143713922c1",
						"Type":	"Floor",
						"ExportAs":	"Desert1_Oasis_Feran_Hut_Pattern",
						"Skip":	false,
						"Origin":	{
							"$NodeId":	"BlockSet.Pattern-35af7db4-0fc8-4f54-8768-ab97bd9fe531",
							"Type":	"BlockSet",
							"Skip":	false,
							"BlockSet":	{
								"$NodeId":	"BlockSet.BlockMask-d0dc3f49-b936-400c-a12a-b7bbdd22bb38",
								"Inclusive":	true,
								"Materials":	[{
										"$NodeId":	"Material-66104be6-b9fe-4115-bf31-acad73542243",
										"Solid":	"Empty"
									}]
							}
						},
						"Floor":	{
							"$NodeId":	"BlockSet.Pattern-dbde17c9-99c7-43c6-b6ac-825bf17a839d",
							"Type":	"BlockSet",
							"Skip":	false,
							"BlockSet":	{
								"$NodeId":	"BlockSet.BlockMask-e2f16196-2e9d-49fc-ac9b-3a671bce485f",
								"Inclusive":	false,
								"Materials":	[{
										"$NodeId":	"Material-c316619c-9253-46c6-b97e-9434fbe359d3",
										"Solid":	"Empty"
									}]
							}
						}
					}
				},
				"Scanner":	{
					"$NodeId":	"ColumnLinear.Scanner-9ff3a1eb-0b5d-4e5d-b74f-00bd20919a14",
					"Type":	"ColumnLinear",
					"Skip":	false,
					"MaxY":	30,
					"MinY":	-30,
					"RelativeToPosition":	false,
					"BaseHeightName":	"Base",
					"TopDownOrder":	true,
					"ResultCap":	1
				},
				"BlockMask":	{
					"$NodeId":	"BlockMask-0ae2de6e-6b39-418b-9b0b-e020124d1413",
					"Advanced":	[{
							"$NodeId":	"Rule.BlockMask-b18c1636-8c06-4dfe-b52c-4d1de4165176",
							"Source":	{
								"$NodeId":	"BlockSet.BlockMask-c790a17e-eaed-4893-8d9e-d0b220dc825e",
								"Inclusive":	true,
								"Materials":	[{
										"$NodeId":	"Material-00b191e1-1429-4331-af77-5be350c05a94",
										"Solid":	"Wood_Drywood_Planks_Half"
									}, {
										"$NodeId":	"Material-39ecd574-c443-46f3-b04a-e9f415827741",
										"Solid":	"Wood_Drywood_Stairs"
									}, {
										"$NodeId":	"Material-de96aaf7-f852-483c-bf20-957985f4699c",
										"Solid":	"Rock_Sandstone_Cobble_Half"
									}]
							},
							"CanReplace":	{
								"$NodeId":	"BlockSet.BlockMask-acc1d135-051f-4863-9a4b-244de6012f84",
								"Inclusive":	true,
								"Materials":	[{
										"$NodeId":	"Material-fbba9471-68ad-4834-b26b-053d57d20a7c",
										"Solid":	"Empty"
									}]
							}
						}]
				},
				"MoldingDirection":	"NONE",
				"MoldingChildren":	false
			}, {
				"$NodeId":	"Prefab.Prop-855ffd7d-e1a6-48ba-a0df-b2ee92856463",
				"Type":	"Prefab",
				"Skip":	false,
				"WeightedPrefabPaths":	[{
						"$NodeId":	"WeightedPath.Prefab.Prop-a3061603-ccfd-4233-bc91-035c849349ca",
						"Path":	"Npc/Feran/Portals_Oasis/Pillar_Hut_Platform/",
						"Weight":	1
					}],
				"LegacyPath":	false,
				"LoadEntities":	false,
				"Directionality":	{
					"$NodeId":	"Pattern.Directionality-967dbe8a-9b1f-4efc-ba08-a3b752cabe69",
					"Type":	"Pattern",
					"Seed":	"A",
					"InitialDirection":	"N",
					"NorthPattern":	{
						"$NodeId":	"And.Pattern-04ecff5e-1c54-4695-9e14-c8a79ee5e755",
						"Type":	"And",
						"Skip":	false,
						"Patterns":	[{
								"$NodeId":	"Offset.Pattern-06d44b82-e073-475c-9a5f-b503137a9341",
								"Type":	"Offset",
								"Skip":	false,
								"Pattern":	{
									"$NodeId":	"BlockType.Pattern-ed6410ce-f351-486a-943a-730a39e4a79a",
									"Type":	"BlockType",
									"Skip":	false,
									"Material":	{
										"$NodeId":	"Material-9d9c5841-5c17-4b72-ab4e-db07fc766cfe",
										"Solid":	"Empty"
									}
								},
								"Offset":	{
									"$NodeId":	"Point3D-8067f95c-080d-4237-b42c-9e49ae48af62",
									"X":	0,
									"Y":	-2,
									"Z":	8
								}
							}, {
								"$NodeId":	"Imported.Pattern-f0504a22-c9fb-480b-b7a1-29319915418b",
								"Type":	"Imported",
								"Skip":	false,
								"Name":	"Desert1_Oasis_Feran_Hut_Pattern"
							}]
					}
				},
				"Scanner":	{
					"$NodeId":	"ColumnLinear.Scanner-2cf00cf3-10e4-41ab-bcf0-ecf84dd80771",
					"Type":	"ColumnLinear",
					"Skip":	false,
					"MaxY":	30,
					"MinY":	-30,
					"RelativeToPosition":	false,
					"BaseHeightName":	"Base",
					"TopDownOrder":	true,
					"ResultCap":	1
				},
				"BlockMask":	{
					"$NodeId":	"BlockMask-d3395aba-6fe1-46f4-8933-a94cade59b25",
					"Advanced":	[{
							"$NodeId":	"Rule.BlockMask-5c617446-11a1-4147-b301-1c98e87a36c7",
							"Source":	{
								"$NodeId":	"BlockSet.BlockMask-877e831a-59a3-4eaf-87be-3af9dbf85285",
								"Inclusive":	true,
								"Materials":	[{
										"$NodeId":	"Material-1eaee72b-f9ed-49c7-9e41-dc95cf08d018",
										"Solid":	"Wood_Drywood_Planks_Half"
									}, {
										"$NodeId":	"Material-37db5fd9-e87c-47bd-80f8-16073c7f72ae",
										"Solid":	"Wood_Drywood_Stairs"
									}]
							},
							"CanReplace":	{
								"$NodeId":	"BlockSet.BlockMask-0a4ae77e-dedc-4fac-8034-e22c68fb0dc7",
								"Inclusive":	true,
								"Materials":	[{
										"$NodeId":	"Material-9254f705-a811-4560-ac07-b33cd04eec4c",
										"Solid":	"Empty"
									}]
							}
						}]
				},
				"MoldingDirection":	"NONE",
				"MoldingChildren":	false
			}, {
				"$NodeId":	"Prefab.Prop-efcda2d9-51d3-47b9-9dc5-5c9e52f5347b",
				"Type":	"Prefab",
				"Skip":	false,
				"WeightedPrefabPaths":	[{
						"$NodeId":	"WeightedPath.Prefab.Prop-e1f457f4-c784-47c3-8a1b-4c0b1d1bb7f8",
						"Path":	"Npc/Feran/Portals_Oasis/Pillar_Hut_Platform/",
						"Weight":	1
					}],
				"LegacyPath":	false,
				"LoadEntities":	false,
				"Directionality":	{
					"$NodeId":	"Pattern.Directionality-ab6a689b-4dbd-4570-8b66-a8cd5529e4fc",
					"Type":	"Pattern",
					"Seed":	"A",
					"InitialDirection":	"N",
					"SouthPattern":	{
						"$NodeId":	"And.Pattern-23665cfd-d923-45a4-bbee-98de2581c771",
						"Type":	"And",
						"Skip":	false,
						"Patterns":	[{
								"$NodeId":	"Offset.Pattern-c9bc2e28-3f97-4920-bdc7-01d3e536dbcb",
								"Type":	"Offset",
								"Skip":	false,
								"Pattern":	{
									"$NodeId":	"BlockType.Pattern-f7d6533b-457d-400e-abc7-3c1063ff1205",
									"Type":	"BlockType",
									"Skip":	false,
									"Material":	{
										"$NodeId":	"Material-70e1f7d0-0072-4591-88c4-9406453a2710",
										"Solid":	"Empty"
									}
								},
								"Offset":	{
									"$NodeId":	"Point3D-7c4e236b-9e43-4cb3-b9cc-1550100e71b5",
									"X":	0,
									"Y":	-2,
									"Z":	-8
								}
							}, {
								"$NodeId":	"Imported.Pattern-f44722e3-f0db-41b0-9ecd-00bac3b92072",
								"Type":	"Imported",
								"Skip":	false,
								"Name":	"Desert1_Oasis_Feran_Hut_Pattern"
							}]
					}
				},
				"Scanner":	{
					"$NodeId":	"ColumnLinear.Scanner-4aa682ba-5d98-4494-bac6-238a40516d74",
					"Type":	"ColumnLinear",
					"Skip":	false,
					"MaxY":	30,
					"MinY":	-30,
					"RelativeToPosition":	false,
					"BaseHeightName":	"Base",
					"TopDownOrder":	true,
					"ResultCap":	1
				},
				"BlockMask":	{
					"$NodeId":	"BlockMask-7c35db9c-0607-4b01-a18d-c27c647f8358",
					"Advanced":	[{
							"$NodeId":	"Rule.BlockMask-84665674-6602-4ae6-a8b0-f13584c1e55b",
							"Source":	{
								"$NodeId":	"BlockSet.BlockMask-49354775-188c-425f-9639-d7cdd758281c",
								"Inclusive":	true,
								"Materials":	[{
										"$NodeId":	"Material-b89effc4-239e-4b35-b050-138457bd7b47",
										"Solid":	"Wood_Drywood_Planks_Half"
									}, {
										"$NodeId":	"Material-f940785d-d13f-4cbd-bc1e-3e760211b5f5",
										"Solid":	"Wood_Drywood_Stairs"
									}]
							},
							"CanReplace":	{
								"$NodeId":	"BlockSet.BlockMask-b9988a7d-cab3-4492-8053-da02af1fc8bb",
								"Inclusive":	true,
								"Materials":	[{
										"$NodeId":	"Material-c71b397b-1bdb-470e-be91-92972444b0c7",
										"Solid":	"Empty"
									}]
							}
						}]
				},
				"MoldingDirection":	"NONE",
				"MoldingChildren":	false
			}, {
				"$NodeId":	"Prefab.Prop-603767ac-72f8-437d-a635-d322a1bea3b8",
				"Type":	"Prefab",
				"Skip":	false,
				"WeightedPrefabPaths":	[{
						"$NodeId":	"WeightedPath.Prefab.Prop-87a01f52-44ba-401d-873f-1651552de151",
						"Path":	"Npc/Feran/Portals_Oasis/Pillar_Hut_Platform/",
						"Weight":	1
					}],
				"LegacyPath":	false,
				"LoadEntities":	false,
				"Directionality":	{
					"$NodeId":	"Pattern.Directionality-9eb19e2f-a416-4e89-be25-4d3aaba66675",
					"Type":	"Pattern",
					"Seed":	"A",
					"InitialDirection":	"N",
					"EastPattern":	{
						"$NodeId":	"And.Pattern-8391e103-bccd-4b05-b8f4-d5cefd083987",
						"Type":	"And",
						"Skip":	false,
						"Patterns":	[{
								"$NodeId":	"Offset.Pattern-eec560ac-4863-4409-8be7-27eb271ee835",
								"Type":	"Offset",
								"Skip":	false,
								"Pattern":	{
									"$NodeId":	"BlockType.Pattern-8daf4871-9443-4521-ae99-87456f79fab2",
									"Type":	"BlockType",
									"Skip":	false,
									"Material":	{
										"$NodeId":	"Material-772dcc1a-5880-44c5-9760-69d1c347f6e8",
										"Solid":	"Empty"
									}
								},
								"Offset":	{
									"$NodeId":	"Point3D-c628cdcf-47a6-4804-aa9b-96fea6caa55f",
									"X":	-8,
									"Y":	-2,
									"Z":	0
								}
							}, {
								"$NodeId":	"Imported.Pattern-71c7f573-4fec-4e3b-a860-52144dd06ceb",
								"Type":	"Imported",
								"Skip":	false,
								"Name":	"Desert1_Oasis_Feran_Hut_Pattern"
							}]
					}
				},
				"Scanner":	{
					"$NodeId":	"ColumnLinear.Scanner-0b7a8768-8f23-4357-a0aa-bdbd3c34b56e",
					"Type":	"ColumnLinear",
					"Skip":	false,
					"MaxY":	30,
					"MinY":	-30,
					"RelativeToPosition":	false,
					"BaseHeightName":	"Base",
					"TopDownOrder":	true,
					"ResultCap":	1
				},
				"BlockMask":	{
					"$NodeId":	"BlockMask-945df3a6-8a3b-4743-84e0-95af0258a442",
					"Advanced":	[{
							"$NodeId":	"Rule.BlockMask-84bc60d8-0763-4fc8-b1fc-1dc45fd91564",
							"Source":	{
								"$NodeId":	"BlockSet.BlockMask-ca5627c6-3794-4771-9753-f2e1c006e33f",
								"Inclusive":	true,
								"Materials":	[{
										"$NodeId":	"Material-60b39669-3f66-4a8e-8a20-73fa57dae99f",
										"Solid":	"Wood_Drywood_Planks_Half"
									}, {
										"$NodeId":	"Material-8302982b-b082-4787-bfac-4f35f25df5d5",
										"Solid":	"Wood_Drywood_Stairs"
									}]
							},
							"CanReplace":	{
								"$NodeId":	"BlockSet.BlockMask-b0f71234-1da9-4ee5-ac05-9e4c7e575702",
								"Inclusive":	true,
								"Materials":	[{
										"$NodeId":	"Material-31a3732d-ada5-498e-b5e6-87462bf7a9ba",
										"Solid":	"Empty"
									}]
							}
						}]
				},
				"MoldingDirection":	"NONE",
				"MoldingChildren":	false
			}, {
				"$NodeId":	"Prefab.Prop-bc015139-223b-4192-8de6-5089ad31fe28",
				"Type":	"Prefab",
				"Skip":	false,
				"WeightedPrefabPaths":	[{
						"$NodeId":	"WeightedPath.Prefab.Prop-cb1657e5-0b61-4dc2-9bb2-721f8193d531",
						"Path":	"Npc/Feran/Portals_Oasis/Pillar_Hut_Platform/",
						"Weight":	1
					}],
				"LegacyPath":	false,
				"LoadEntities":	false,
				"Directionality":	{
					"$NodeId":	"Pattern.Directionality-450d7aad-4048-4daa-9471-c750e4633b3e",
					"Type":	"Pattern",
					"Seed":	"A",
					"InitialDirection":	"N",
					"WestPattern":	{
						"$NodeId":	"And.Pattern-64bdc1cf-431d-4e0a-8053-3440ca406e63",
						"Type":	"And",
						"Skip":	false,
						"Patterns":	[{
								"$NodeId":	"Offset.Pattern-dfd7df3d-93dc-4e90-9fb2-3d645bbbf7e5",
								"Type":	"Offset",
								"Skip":	false,
								"Pattern":	{
									"$NodeId":	"BlockType.Pattern-59bd458b-dc49-4449-9bb4-453beaf73176",
									"Type":	"BlockType",
									"Skip":	false,
									"Material":	{
										"$NodeId":	"Material-fb175463-e9d1-47d0-b356-c305762e8953",
										"Solid":	"Empty"
									}
								},
								"Offset":	{
									"$NodeId":	"Point3D-307048ee-333e-40ec-9bc1-85257907cea4",
									"X":	8,
									"Y":	-2,
									"Z":	0
								}
							}, {
								"$NodeId":	"Imported.Pattern-6744706c-6a25-4679-9039-04d252fb04a2",
								"Type":	"Imported",
								"Skip":	false,
								"Name":	"Desert1_Oasis_Feran_Hut_Pattern"
							}]
					}
				},
				"Scanner":	{
					"$NodeId":	"ColumnLinear.Scanner-e6c46369-c920-4c0f-845c-ef675bba468c",
					"Type":	"ColumnLinear",
					"Skip":	false,
					"MaxY":	30,
					"MinY":	-30,
					"RelativeToPosition":	false,
					"BaseHeightName":	"Base",
					"TopDownOrder":	true,
					"ResultCap":	1
				},
				"BlockMask":	{
					"$NodeId":	"BlockMask-a0788546-8902-43ab-ac53-d22bceb79ec0",
					"Advanced":	[{
							"$NodeId":	"Rule.BlockMask-bfdc68eb-3650-46f8-989b-dfdc1d9aafdd",
							"Source":	{
								"$NodeId":	"BlockSet.BlockMask-f52592a6-40db-47cf-bdc0-3af0adf7860c",
								"Inclusive":	true,
								"Materials":	[{
										"$NodeId":	"Material-7faa063b-c5b5-43e7-b3b8-c939fd0941d1",
										"Solid":	"Wood_Drywood_Planks_Half"
									}, {
										"$NodeId":	"Material-869d6176-468c-4aff-9771-de8578d0c537",
										"Solid":	"Wood_Drywood_Stairs"
									}]
							},
							"CanReplace":	{
								"$NodeId":	"BlockSet.BlockMask-dc70d58a-3ad4-462f-82e9-e6070e56c996",
								"Inclusive":	true,
								"Materials":	[{
										"$NodeId":	"Material-54677bd8-5660-4e65-8a0b-01e7000526ae",
										"Solid":	"Empty"
									}]
							}
						}]
				},
				"MoldingDirection":	"NONE",
				"MoldingChildren":	false
			}]
	},
	"$NodeEditorMetadata":	{
		"$Nodes":	{
			"Constant.Assignments-813913b5-7f4a-4579-85ff-671b18164f43":	{
				"$Position":	{
					"$x":	12654,
					"$y":	227
				},
				"$Title":	"[ROOT] Constant Assignments"
			},
			"Union.Prop-5a6ae0cf-c81e-481a-b20d-b17ff23babe8":	{
				"$Position":	{
					"$x":	13265,
					"$y":	235
				}
			},
			"Prefab.Prop-abad669d-06ca-4fff-8c22-d1e33408e003":	{
				"$Position":	{
					"$x":	14141,
					"$y":	-42
				}
			},
			"WeightedPath.Prefab.Prop-e8b18c6b-d31c-4116-a97f-1fc9efb205b7":	{
				"$Position":	{
					"$x":	14976,
					"$y":	-275
				}
			},
			"Random.Directionality-52132dbb-2bab-45aa-828e-bbbe18e920c3":	{
				"$Position":	{
					"$x":	14974,
					"$y":	-107
				}
			},
			"Floor.Pattern-3a335994-c1fc-4504-9866-4143713922c1":	{
				"$Position":	{
					"$x":	15705,
					"$y":	-110
				}
			},
			"BlockSet.Pattern-35af7db4-0fc8-4f54-8768-ab97bd9fe531":	{
				"$Position":	{
					"$x":	16419,
					"$y":	-251
				}
			},
			"BlockSet.BlockMask-d0dc3f49-b936-400c-a12a-b7bbdd22bb38":	{
				"$Position":	{
					"$x":	17090,
					"$y":	-259
				}
			},
			"Material-66104be6-b9fe-4115-bf31-acad73542243":	{
				"$Position":	{
					"$x":	17656,
					"$y":	-261
				}
			},
			"BlockSet.Pattern-dbde17c9-99c7-43c6-b6ac-825bf17a839d":	{
				"$Position":	{
					"$x":	16432,
					"$y":	-28
				}
			},
			"BlockSet.BlockMask-e2f16196-2e9d-49fc-ac9b-3a671bce485f":	{
				"$Position":	{
					"$x":	17103,
					"$y":	-35
				}
			},
			"Material-c316619c-9253-46c6-b97e-9434fbe359d3":	{
				"$Position":	{
					"$x":	17669,
					"$y":	-37
				}
			},
			"ColumnLinear.Scanner-9ff3a1eb-0b5d-4e5d-b74f-00bd20919a14":	{
				"$Position":	{
					"$x":	14976,
					"$y":	77
				}
			},
			"BlockMask-0ae2de6e-6b39-418b-9b0b-e020124d1413":	{
				"$Position":	{
					"$x":	14967,
					"$y":	719
				}
			},
			"Rule.BlockMask-b18c1636-8c06-4dfe-b52c-4d1de4165176":	{
				"$Position":	{
					"$x":	15227,
					"$y":	962
				}
			},
			"BlockSet.BlockMask-c790a17e-eaed-4893-8d9e-d0b220dc825e":	{
				"$Position":	{
					"$x":	15583,
					"$y":	912
				}
			},
			"Material-00b191e1-1429-4331-af77-5be350c05a94":	{
				"$Position":	{
					"$x":	16156,
					"$y":	562
				}
			},
			"Material-39ecd574-c443-46f3-b04a-e9f415827741":	{
				"$Position":	{
					"$x":	16162,
					"$y":	710
				}
			},
			"BlockSet.BlockMask-acc1d135-051f-4863-9a4b-244de6012f84":	{
				"$Position":	{
					"$x":	15590,
					"$y":	1152
				}
			},
			"Material-fbba9471-68ad-4834-b26b-053d57d20a7c":	{
				"$Position":	{
					"$x":	16168,
					"$y":	1171
				}
			},
			"Prefab.Prop-855ffd7d-e1a6-48ba-a0df-b2ee92856463":	{
				"$Position":	{
					"$x":	14171,
					"$y":	2686
				}
			},
			"WeightedPath.Prefab.Prop-a3061603-ccfd-4233-bc91-035c849349ca":	{
				"$Position":	{
					"$x":	15006,
					"$y":	2453
				}
			},
			"Pattern.Directionality-967dbe8a-9b1f-4efc-ba08-a3b752cabe69":	{
				"$Position":	{
					"$x":	14983,
					"$y":	2815
				}
			},
			"And.Pattern-04ecff5e-1c54-4695-9e14-c8a79ee5e755":	{
				"$Position":	{
					"$x":	15803,
					"$y":	2822
				}
			},
			"Offset.Pattern-06d44b82-e073-475c-9a5f-b503137a9341":	{
				"$Position":	{
					"$x":	16494,
					"$y":	2739
				}
			},
			"BlockType.Pattern-ed6410ce-f351-486a-943a-730a39e4a79a":	{
				"$Position":	{
					"$x":	17232,
					"$y":	2694
				}
			},
			"Material-9d9c5841-5c17-4b72-ab4e-db07fc766cfe":	{
				"$Position":	{
					"$x":	17874,
					"$y":	2691
				}
			},
			"Point3D-8067f95c-080d-4237-b42c-9e49ae48af62":	{
				"$Position":	{
					"$x":	17227,
					"$y":	2857
				}
			},
			"Imported.Pattern-f0504a22-c9fb-480b-b7a1-29319915418b":	{
				"$Position":	{
					"$x":	16501,
					"$y":	3086
				}
			},
			"ColumnLinear.Scanner-2cf00cf3-10e4-41ab-bcf0-ecf84dd80771":	{
				"$Position":	{
					"$x":	15046,
					"$y":	3152
				}
			},
			"BlockMask-d3395aba-6fe1-46f4-8933-a94cade59b25":	{
				"$Position":	{
					"$x":	14984,
					"$y":	3620
				}
			},
			"Rule.BlockMask-5c617446-11a1-4147-b301-1c98e87a36c7":	{
				"$Position":	{
					"$x":	15215,
					"$y":	3696
				}
			},
			"BlockSet.BlockMask-877e831a-59a3-4eaf-87be-3af9dbf85285":	{
				"$Position":	{
					"$x":	15575,
					"$y":	3655
				}
			},
			"Material-1eaee72b-f9ed-49c7-9e41-dc95cf08d018":	{
				"$Position":	{
					"$x":	16130,
					"$y":	3534
				}
			},
			"Material-37db5fd9-e87c-47bd-80f8-16073c7f72ae":	{
				"$Position":	{
					"$x":	16136,
					"$y":	3682
				}
			},
			"BlockSet.BlockMask-0a4ae77e-dedc-4fac-8034-e22c68fb0dc7":	{
				"$Position":	{
					"$x":	15578,
					"$y":	3886
				}
			},
			"Material-9254f705-a811-4560-ac07-b33cd04eec4c":	{
				"$Position":	{
					"$x":	16156,
					"$y":	3905
				}
			},
			"Prefab.Prop-efcda2d9-51d3-47b9-9dc5-5c9e52f5347b":	{
				"$Position":	{
					"$x":	14234,
					"$y":	4670
				}
			},
			"WeightedPath.Prefab.Prop-e1f457f4-c784-47c3-8a1b-4c0b1d1bb7f8":	{
				"$Position":	{
					"$x":	15069,
					"$y":	4437
				}
			},
			"Pattern.Directionality-ab6a689b-4dbd-4570-8b66-a8cd5529e4fc":	{
				"$Position":	{
					"$x":	15045,
					"$y":	4799
				}
			},
			"And.Pattern-23665cfd-d923-45a4-bbee-98de2581c771":	{
				"$Position":	{
					"$x":	15937,
					"$y":	4847
				}
			},
			"Offset.Pattern-c9bc2e28-3f97-4920-bdc7-01d3e536dbcb":	{
				"$Position":	{
					"$x":	16604,
					"$y":	4739
				}
			},
			"BlockType.Pattern-f7d6533b-457d-400e-abc7-3c1063ff1205":	{
				"$Position":	{
					"$x":	17343,
					"$y":	4695
				}
			},
			"Material-70e1f7d0-0072-4591-88c4-9406453a2710":	{
				"$Position":	{
					"$x":	17984,
					"$y":	4692
				}
			},
			"Point3D-7c4e236b-9e43-4cb3-b9cc-1550100e71b5":	{
				"$Position":	{
					"$x":	17337,
					"$y":	4858
				}
			},
			"Imported.Pattern-f44722e3-f0db-41b0-9ecd-00bac3b92072":	{
				"$Position":	{
					"$x":	16647,
					"$y":	5048
				}
			},
			"ColumnLinear.Scanner-4aa682ba-5d98-4494-bac6-238a40516d74":	{
				"$Position":	{
					"$x":	15109,
					"$y":	5136
				}
			},
			"BlockMask-7c35db9c-0607-4b01-a18d-c27c647f8358":	{
				"$Position":	{
					"$x":	15036,
					"$y":	5589
				}
			},
			"Rule.BlockMask-84665674-6602-4ae6-a8b0-f13584c1e55b":	{
				"$Position":	{
					"$x":	15266,
					"$y":	5665
				}
			},
			"BlockSet.BlockMask-49354775-188c-425f-9639-d7cdd758281c":	{
				"$Position":	{
					"$x":	15626,
					"$y":	5624
				}
			},
			"Material-b89effc4-239e-4b35-b050-138457bd7b47":	{
				"$Position":	{
					"$x":	16181,
					"$y":	5503
				}
			},
			"Material-f940785d-d13f-4cbd-bc1e-3e760211b5f5":	{
				"$Position":	{
					"$x":	16187,
					"$y":	5651
				}
			},
			"BlockSet.BlockMask-b9988a7d-cab3-4492-8053-da02af1fc8bb":	{
				"$Position":	{
					"$x":	15629,
					"$y":	5855
				}
			},
			"Material-c71b397b-1bdb-470e-be91-92972444b0c7":	{
				"$Position":	{
					"$x":	16207,
					"$y":	5874
				}
			},
			"Prefab.Prop-603767ac-72f8-437d-a635-d322a1bea3b8":	{
				"$Position":	{
					"$x":	14262,
					"$y":	6610
				}
			},
			"WeightedPath.Prefab.Prop-87a01f52-44ba-401d-873f-1651552de151":	{
				"$Position":	{
					"$x":	15097,
					"$y":	6377
				}
			},
			"Pattern.Directionality-9eb19e2f-a416-4e89-be25-4d3aaba66675":	{
				"$Position":	{
					"$x":	15073,
					"$y":	6739
				}
			},
			"And.Pattern-8391e103-bccd-4b05-b8f4-d5cefd083987":	{
				"$Position":	{
					"$x":	15776,
					"$y":	6818
				}
			},
			"Offset.Pattern-eec560ac-4863-4409-8be7-27eb271ee835":	{
				"$Position":	{
					"$x":	16450,
					"$y":	6672
				}
			},
			"BlockType.Pattern-8daf4871-9443-4521-ae99-87456f79fab2":	{
				"$Position":	{
					"$x":	17188,
					"$y":	6628
				}
			},
			"Material-772dcc1a-5880-44c5-9760-69d1c347f6e8":	{
				"$Position":	{
					"$x":	17866,
					"$y":	6620
				}
			},
			"Point3D-c628cdcf-47a6-4804-aa9b-96fea6caa55f":	{
				"$Position":	{
					"$x":	17182,
					"$y":	6791
				}
			},
			"Imported.Pattern-71c7f573-4fec-4e3b-a860-52144dd06ceb":	{
				"$Position":	{
					"$x":	16481,
					"$y":	7054
				}
			},
			"ColumnLinear.Scanner-0b7a8768-8f23-4357-a0aa-bdbd3c34b56e":	{
				"$Position":	{
					"$x":	15137,
					"$y":	7076
				}
			},
			"BlockMask-945df3a6-8a3b-4743-84e0-95af0258a442":	{
				"$Position":	{
					"$x":	15112,
					"$y":	7545
				}
			},
			"Rule.BlockMask-84bc60d8-0763-4fc8-b1fc-1dc45fd91564":	{
				"$Position":	{
					"$x":	15342,
					"$y":	7621
				}
			},
			"BlockSet.BlockMask-ca5627c6-3794-4771-9753-f2e1c006e33f":	{
				"$Position":	{
					"$x":	15702,
					"$y":	7580
				}
			},
			"Material-60b39669-3f66-4a8e-8a20-73fa57dae99f":	{
				"$Position":	{
					"$x":	16257,
					"$y":	7459
				}
			},
			"Material-8302982b-b082-4787-bfac-4f35f25df5d5":	{
				"$Position":	{
					"$x":	16263,
					"$y":	7607
				}
			},
			"BlockSet.BlockMask-b0f71234-1da9-4ee5-ac05-9e4c7e575702":	{
				"$Position":	{
					"$x":	15705,
					"$y":	7811
				}
			},
			"Material-31a3732d-ada5-498e-b5e6-87462bf7a9ba":	{
				"$Position":	{
					"$x":	16283,
					"$y":	7830
				}
			},
			"Prefab.Prop-bc015139-223b-4192-8de6-5089ad31fe28":	{
				"$Position":	{
					"$x":	14307,
					"$y":	8593
				}
			},
			"WeightedPath.Prefab.Prop-cb1657e5-0b61-4dc2-9bb2-721f8193d531":	{
				"$Position":	{
					"$x":	15142,
					"$y":	8360
				}
			},
			"Pattern.Directionality-450d7aad-4048-4daa-9471-c750e4633b3e":	{
				"$Position":	{
					"$x":	15118,
					"$y":	8722
				}
			},
			"And.Pattern-64bdc1cf-431d-4e0a-8053-3440ca406e63":	{
				"$Position":	{
					"$x":	15825,
					"$y":	8837
				}
			},
			"Offset.Pattern-dfd7df3d-93dc-4e90-9fb2-3d645bbbf7e5":	{
				"$Position":	{
					"$x":	16582,
					"$y":	8720
				}
			},
			"BlockType.Pattern-59bd458b-dc49-4449-9bb4-453beaf73176":	{
				"$Position":	{
					"$x":	17321,
					"$y":	8676
				}
			},
			"Material-fb175463-e9d1-47d0-b356-c305762e8953":	{
				"$Position":	{
					"$x":	17957,
					"$y":	8676
				}
			},
			"Point3D-307048ee-333e-40ec-9bc1-85257907cea4":	{
				"$Position":	{
					"$x":	17315,
					"$y":	8839
				}
			},
			"Imported.Pattern-6744706c-6a25-4679-9039-04d252fb04a2":	{
				"$Position":	{
					"$x":	16577,
					"$y":	9144
				}
			},
			"ColumnLinear.Scanner-e6c46369-c920-4c0f-845c-ef675bba468c":	{
				"$Position":	{
					"$x":	15182,
					"$y":	9059
				}
			},
			"BlockMask-a0788546-8902-43ab-ac53-d22bceb79ec0":	{
				"$Position":	{
					"$x":	15146,
					"$y":	9461
				}
			},
			"Rule.BlockMask-bfdc68eb-3650-46f8-989b-dfdc1d9aafdd":	{
				"$Position":	{
					"$x":	15376,
					"$y":	9537
				}
			},
			"BlockSet.BlockMask-f52592a6-40db-47cf-bdc0-3af0adf7860c":	{
				"$Position":	{
					"$x":	15736,
					"$y":	9496
				}
			},
			"Material-7faa063b-c5b5-43e7-b3b8-c939fd0941d1":	{
				"$Position":	{
					"$x":	16291,
					"$y":	9375
				}
			},
			"Material-869d6176-468c-4aff-9771-de8578d0c537":	{
				"$Position":	{
					"$x":	16297,
					"$y":	9523
				}
			},
			"BlockSet.BlockMask-dc70d58a-3ad4-462f-82e9-e6070e56c996":	{
				"$Position":	{
					"$x":	15739,
					"$y":	9727
				}
			},
			"Material-54677bd8-5660-4e65-8a0b-01e7000526ae":	{
				"$Position":	{
					"$x":	16317,
					"$y":	9746
				}
			},
			"Material-de96aaf7-f852-483c-bf20-957985f4699c":	{
				"$Position":	{
					"$x":	16163,
					"$y":	858
				}
			}
		},
		"$FloatingNodes":	[],
		"$Links":	{
		},
		"$Groups":	[{
				"$Position":	{
					"$x":	12632.8125,
					"$y":	-1048.125
				},
				"$width":	6177.125,
				"$height":	11334.5625,
				"$name":	"Feran Huts"
			}, {
				"$Position":	{
					"$x":	13793,
					"$y":	2279.4375
				},
				"$width":	5009.8125,
				"$height":	1935.625,
				"$name":	"Feran hut platforms"
			}, {
				"$Position":	{
					"$x":	13855.1875,
					"$y":	4269.1875
				},
				"$width":	4919.875,
				"$height":	1861.5,
				"$name":	"Feran hut platforms"
			}, {
				"$Position":	{
					"$x":	13928.3125,
					"$y":	8196.625
				},
				"$width":	4743.4375,
				"$height":	1854.5625,
				"$name":	"Feran hut platforms"
			}, {
				"$Position":	{
					"$x":	13883.3125,
					"$y":	6265.6875
				},
				"$width":	4941.5,
				"$height":	1815.8125,
				"$name":	"Feran hut platforms"
			}],
		"$Comments":	[],
		"$WorkspaceID":	"HytaleGenerator - Assignments"
	}
}