{
	"$NodeId":	"Weighted.Assignments-d3e04906-b229-49d0-8c9d-4cc22737e107",
	"Type":	"Weighted",
	"ExportAs":	"Desert1_Oasis_Reeds_Water",
	"SkipChance":	0,
	"Seed":	"A",
	"WeightedAssignments":	[{
			"$NodeId":	"Weight.Weighted.Assignments-f7aa0242-b13e-47dc-8da9-dc1c7530a534",
			"Weight":	0.95,
			"Assignments":	{
				"$NodeId":	"Constant.Assignments-efcbe417-4766-45eb-8e33-ea6223fe9018",
				"Type":	"Constant",
				"Prop":	{
					"$NodeId":	"Column.Prop-2dacf450-2e22-4681-8f1a-11df4b2809ee",
					"Type":	"Column",
					"Skip":	false,
					"ColumnBlocks":	[{
							"$NodeId":	"Block.Column.Prop-9cf9b761-b665-4979-b41c-8e93373da85f",
							"Y":	0,
							"Material":	{
								"$NodeId":	"Material-b165f85f-718a-47f7-8972-f5319c7ba259",
								"Solid":	"Plant_Reeds_Wet",
								"Fluid":	"Water_Source"
							}
						}],
					"Directionality":	{
						"$NodeId":	"Static.Directionality-208b2e98-40e1-4f9c-a90c-e4a0620f0a8c",
						"Type":	"Static",
						"Rotation":	0,
						"Pattern":	{
							"$NodeId":	"Floor.Pattern-851ff52d-1fb2-4741-bb0d-17eb4523892f",
							"Type":	"Floor",
							"Skip":	false,
							"Origin":	{
								"$NodeId":	"BlockSet.Pattern-8ba2a669-3095-4e3f-900d-85be2680bd6f",
								"Type":	"BlockSet",
								"Skip":	false,
								"BlockSet":	{
									"$NodeId":	"BlockSet.BlockMask-8e9e4976-af8c-4fa4-8e56-fcfec3ae97b9",
									"Inclusive":	true,
									"Materials":	[{
											"$NodeId":	"Material-07fae71b-38f6-430d-958e-c4f6cf8a1a13",
											"Fluid":	"Water_Source"
										}]
								}
							},
							"Floor":	{
								"$NodeId":	"BlockSet.Pattern-206088b4-d2d5-40d8-84d1-d1e373e3e551",
								"Type":	"BlockSet",
								"Skip":	false,
								"BlockSet":	{
									"$NodeId":	"BlockSet.BlockMask-f7492ba5-ad3e-4d90-aace-6296391d70d5",
									"Inclusive":	true,
									"Materials":	[{
											"$NodeId":	"Material-cd38aac0-1382-4603-a9c7-06d9776385bd",
											"Solid":	"Soil_Grass"
										}, {
											"$NodeId":	"Material-8a793027-f54b-4d28-ae7a-7edfd461768c",
											"Solid":	"Soil_Grass_Dry"
										}, {
											"$NodeId":	"Material-755bedf1-e37f-430a-b6b4-db13e0fd2531",
											"Solid":	"Soil_Gravel_Sand"
										}, {
											"$NodeId":	"Material-0be0d0fd-155a-4a3b-a75a-48f3eaa975ba",
											"Solid":	"Soil_Dirt"
										}]
								}
							}
						}
					},
					"Scanner":	{
						"$NodeId":	"ColumnLinear.Scanner-5a58f6a4-ca93-443b-812b-81ad81c487d3",
						"Type":	"ColumnLinear",
						"Skip":	false,
						"MaxY":	-53,
						"MinY":	-54,
						"RelativeToPosition":	false,
						"BaseHeightName":	"Base",
						"TopDownOrder":	true,
						"ResultCap":	1
					}
				}
			}
		}, {
			"$NodeId":	"Weight.Weighted.Assignments-64e3a4ae-cda3-4b29-b3dd-3a7636a249f8",
			"Weight":	0.05,
			"Assignments":	{
				"$NodeId":	"Constant.Assignments-12e7b408-a249-465b-8fdc-2e8d6978fbdf",
				"Type":	"Constant",
				"Prop":	{
					"$NodeId":	"Column.Prop-43eb4efb-2c5d-4496-95b6-40ebccb7ecdf",
					"Type":	"Column",
					"Skip":	false,
					"ColumnBlocks":	[{
							"$NodeId":	"Block.Column.Prop-c49b0aff-4d03-4799-9528-e28396a626c2",
							"Y":	0,
							"Material":	{
								"$NodeId":	"Material-0512fd93-b924-43f7-b013-30b8c531d6f9",
								"Solid":	"Plant_Reeds_Arid",
								"Fluid":	"Water_Source"
							}
						}],
					"Directionality":	{
						"$NodeId":	"Static.Directionality-03df8100-6cdd-4f91-ad35-c318d7d28803",
						"Type":	"Static",
						"Rotation":	0,
						"Pattern":	{
							"$NodeId":	"Floor.Pattern-0cff16f6-faec-40ed-a25d-4799c58599dd",
							"Type":	"Floor",
							"Skip":	false,
							"Origin":	{
								"$NodeId":	"BlockSet.Pattern-b67e9527-6968-46bd-bd14-6dcd1026306c",
								"Type":	"BlockSet",
								"Skip":	false,
								"BlockSet":	{
									"$NodeId":	"BlockSet.BlockMask-fd17c238-9d68-495f-beb7-3e83406a6893",
									"Inclusive":	true,
									"Materials":	[{
											"$NodeId":	"Material-b8406dd2-b7de-44a2-95f5-3b0c16c52431",
											"Fluid":	"Water_Source"
										}]
								}
							},
							"Floor":	{
								"$NodeId":	"BlockSet.Pattern-0005907e-c2ba-4a23-ad74-8538fa25df7d",
								"Type":	"BlockSet",
								"Skip":	false,
								"BlockSet":	{
									"$NodeId":	"BlockSet.BlockMask-17e32b65-ce58-4c75-8bd9-d8e02c60561c",
									"Inclusive":	true,
									"Materials":	[{
											"$NodeId":	"Material-547a17de-982a-494b-a11b-9967faf76f6c",
											"Solid":	"Soil_Grass"
										}, {
											"$NodeId":	"Material-e7fd5b52-dab5-476e-a741-40f9f693fe56",
											"Solid":	"Soil_Grass_Dry"
										}, {
											"$NodeId":	"Material-ef3b2ad8-095e-44d2-a355-f67301c9350b",
											"Solid":	"Soil_Gravel_Sand"
										}, {
											"$NodeId":	"Material-df6970a2-48cf-42ee-a8e9-ef347d04f32e",
											"Solid":	"Soil_Dirt"
										}]
								}
							}
						}
					},
					"Scanner":	{
						"$NodeId":	"ColumnLinear.Scanner-1d893169-727f-4879-aed0-c16509d32eab",
						"Type":	"ColumnLinear",
						"Skip":	false,
						"MaxY":	-53,
						"MinY":	-54,
						"RelativeToPosition":	false,
						"BaseHeightName":	"Base",
						"TopDownOrder":	true,
						"ResultCap":	1
					}
				}
			}
		}],
	"$NodeEditorMetadata":	{
		"$Nodes":	{
			"Weighted.Assignments-d3e04906-b229-49d0-8c9d-4cc22737e107":	{
				"$Position":	{
					"$x":	10039,
					"$y":	1242
				},
				"$Title":	"[ROOT] Weighted Assignments"
			},
			"Weight.Weighted.Assignments-f7aa0242-b13e-47dc-8da9-dc1c7530a534":	{
				"$Position":	{
					"$x":	10931,
					"$y":	1244
				}
			},
			"Constant.Assignments-efcbe417-4766-45eb-8e33-ea6223fe9018":	{
				"$Position":	{
					"$x":	11443,
					"$y":	1247
				}
			},
			"Column.Prop-2dacf450-2e22-4681-8f1a-11df4b2809ee":	{
				"$Position":	{
					"$x":	12309,
					"$y":	1253
				}
			},
			"Block.Column.Prop-9cf9b761-b665-4979-b41c-8e93373da85f":	{
				"$Position":	{
					"$x":	13043,
					"$y":	1112
				}
			},
			"Material-b165f85f-718a-47f7-8972-f5319c7ba259":	{
				"$Position":	{
					"$x":	13508,
					"$y":	1113
				}
			},
			"Static.Directionality-208b2e98-40e1-4f9c-a90c-e4a0620f0a8c":	{
				"$Position":	{
					"$x":	13026,
					"$y":	1313
				}
			},
			"Floor.Pattern-851ff52d-1fb2-4741-bb0d-17eb4523892f":	{
				"$Position":	{
					"$x":	13679,
					"$y":	1299
				}
			},
			"BlockSet.Pattern-8ba2a669-3095-4e3f-900d-85be2680bd6f":	{
				"$Position":	{
					"$x":	14309,
					"$y":	977
				}
			},
			"BlockSet.BlockMask-8e9e4976-af8c-4fa4-8e56-fcfec3ae97b9":	{
				"$Position":	{
					"$x":	14948,
					"$y":	976
				}
			},
			"Material-07fae71b-38f6-430d-958e-c4f6cf8a1a13":	{
				"$Position":	{
					"$x":	15444,
					"$y":	977
				}
			},
			"BlockSet.Pattern-206088b4-d2d5-40d8-84d1-d1e373e3e551":	{
				"$Position":	{
					"$x":	14320,
					"$y":	1499
				}
			},
			"BlockSet.BlockMask-f7492ba5-ad3e-4d90-aace-6296391d70d5":	{
				"$Position":	{
					"$x":	14958,
					"$y":	1502
				}
			},
			"Material-cd38aac0-1382-4603-a9c7-06d9776385bd":	{
				"$Position":	{
					"$x":	15457,
					"$y":	1503
				}
			},
			"Material-8a793027-f54b-4d28-ae7a-7edfd461768c":	{
				"$Position":	{
					"$x":	15457,
					"$y":	1657
				}
			},
			"Material-755bedf1-e37f-430a-b6b4-db13e0fd2531":	{
				"$Position":	{
					"$x":	15449,
					"$y":	1816
				}
			},
			"Material-0be0d0fd-155a-4a3b-a75a-48f3eaa975ba":	{
				"$Position":	{
					"$x":	15445,
					"$y":	1980
				}
			},
			"ColumnLinear.Scanner-5a58f6a4-ca93-443b-812b-81ad81c487d3":	{
				"$Position":	{
					"$x":	13026,
					"$y":	1519
				}
			},
			"Weight.Weighted.Assignments-64e3a4ae-cda3-4b29-b3dd-3a7636a249f8":	{
				"$Position":	{
					"$x":	11023,
					"$y":	2727
				}
			},
			"Constant.Assignments-12e7b408-a249-465b-8fdc-2e8d6978fbdf":	{
				"$Position":	{
					"$x":	11527,
					"$y":	2725
				}
			},
			"Column.Prop-43eb4efb-2c5d-4496-95b6-40ebccb7ecdf":	{
				"$Position":	{
					"$x":	12330,
					"$y":	2722
				}
			},
			"Block.Column.Prop-c49b0aff-4d03-4799-9528-e28396a626c2":	{
				"$Position":	{
					"$x":	13064,
					"$y":	2581
				}
			},
			"Material-0512fd93-b924-43f7-b013-30b8c531d6f9":	{
				"$Position":	{
					"$x":	13529,
					"$y":	2582
				}
			},
			"Static.Directionality-03df8100-6cdd-4f91-ad35-c318d7d28803":	{
				"$Position":	{
					"$x":	13047,
					"$y":	2782
				}
			},
			"Floor.Pattern-0cff16f6-faec-40ed-a25d-4799c58599dd":	{
				"$Position":	{
					"$x":	13700,
					"$y":	2768
				}
			},
			"BlockSet.Pattern-b67e9527-6968-46bd-bd14-6dcd1026306c":	{
				"$Position":	{
					"$x":	14330,
					"$y":	2446
				}
			},
			"BlockSet.BlockMask-fd17c238-9d68-495f-beb7-3e83406a6893":	{
				"$Position":	{
					"$x":	14969,
					"$y":	2445
				}
			},
			"Material-b8406dd2-b7de-44a2-95f5-3b0c16c52431":	{
				"$Position":	{
					"$x":	15465,
					"$y":	2446
				}
			},
			"BlockSet.Pattern-0005907e-c2ba-4a23-ad74-8538fa25df7d":	{
				"$Position":	{
					"$x":	14341,
					"$y":	2968
				}
			},
			"BlockSet.BlockMask-17e32b65-ce58-4c75-8bd9-d8e02c60561c":	{
				"$Position":	{
					"$x":	14979,
					"$y":	2971
				}
			},
			"Material-547a17de-982a-494b-a11b-9967faf76f6c":	{
				"$Position":	{
					"$x":	15478,
					"$y":	2972
				}
			},
			"Material-e7fd5b52-dab5-476e-a741-40f9f693fe56":	{
				"$Position":	{
					"$x":	15478,
					"$y":	3126
				}
			},
			"Material-ef3b2ad8-095e-44d2-a355-f67301c9350b":	{
				"$Position":	{
					"$x":	15470,
					"$y":	3285
				}
			},
			"Material-df6970a2-48cf-42ee-a8e9-ef347d04f32e":	{
				"$Position":	{
					"$x":	15466,
					"$y":	3449
				}
			},
			"ColumnLinear.Scanner-1d893169-727f-4879-aed0-c16509d32eab":	{
				"$Position":	{
					"$x":	13047,
					"$y":	2988
				}
			}
		},
		"$FloatingNodes":	[],
		"$Links":	{
		},
		"$Groups":	[{
				"$Position":	{
					"$x":	12138.3125,
					"$y":	790
				},
				"$width":	4052.5,
				"$height":	1465.0625,
				"$name":	"Waterlogged"
			}, {
				"$Position":	{
					"$x":	12159.4375,
					"$y":	2259.0625
				},
				"$width":	4052.5,
				"$height":	1465.0625,
				"$name":	"Waterlogged"
			}],
		"$Comments":	[],
		"$WorkspaceID":	"HytaleGenerator - Assignments"
	}
}