{
	"$Title":	"[ROOT] FieldFunction Assignments",
	"$Position":	{
		"$x":	70,
		"$y":	1484
	},
	"Type":	"FieldFunction",
	"ExportAs":	"Desert1_Oasis_Trees_Boab",
	"FieldFunction":	{
		"$Position":	{
			"$x":	1214,
			"$y":	1472
		},
		"Type":	"YOverride",
		"Skip":	false,
		"Value":	0,
		"Inputs":	[{
				"$Position":	{
					"$x":	1850,
					"$y":	1472
				},
				"Type":	"Cache",
				"Skip":	false,
				"Capacity":	3,
				"Inputs":	[{
						"$Position":	{
							"$x":	2555,
							"$y":	1470
						},
						"Type":	"PositionsCellNoise",
						"Skip":	false,
						"MaxDistance":	135,
						"Positions":	{
							"$Position":	{
								"$x":	3349,
								"$y":	1347
							},
							"Type":	"Imported",
							"Name":	"Desert1_Oasis_Positions_Boab",
							"Skip":	false
						},
						"ReturnType":	{
							"$Position":	{
								"$x":	3308,
								"$y":	1719
							},
							"Type":	"Curve",
							"Curve":	{
								"$Position":	{
									"$x":	3662,
									"$y":	1709
								},
								"Type":	"Manual",
								"Points":	[{
										"$Position":	{
											"$x":	4395,
											"$y":	1673
										},
										"In":	0,
										"Out":	1
									}, {
										"$Position":	{
											"$x":	4400,
											"$y":	1847
										},
										"In":	35,
										"Out":	0
									}]
							}
						},
						"DistanceFunction":	{
							"$Position":	{
								"$x":	3286,
								"$y":	1570
							},
							"Type":	"Euclidean"
						}
					}]
			}]
	},
	"Delimiters":	[{
			"$Position":	{
				"$x":	547,
				"$y":	2865
			},
			"Max":	1,
			"Min":	0.3,
			"Assignments":	{
				"$Position":	{
					"$x":	1051,
					"$y":	2884
				},
				"Type":	"Constant",
				"Prop":	{
					"$Position":	{
						"$x":	1722,
						"$y":	2912
					},
					"Type":	"Union",
					"Skip":	false,
					"Props":	[{
							"$Position":	{
								"$x":	2405,
								"$y":	2940
							},
							"Type":	"Prefab",
							"Skip":	false,
							"WeightedPrefabPaths":	[{
									"$Position":	{
										"$x":	3407,
										"$y":	2318
									},
									"Path":	"Trees/Boab/Stage_2/",
									"Weight":	0.1
								}, {
									"$Position":	{
										"$x":	3405,
										"$y":	2476
									},
									"Path":	"Trees/Boab/Stage_1/",
									"Weight":	0.9
								}],
							"LegacyPath":	false,
							"LoadEntities":	false,
							"Directionality":	{
								"$Position":	{
									"$x":	3285,
									"$y":	3013
								},
								"Type":	"Random",
								"Seed":	"A",
								"Pattern":	{
									"$Position":	{
										"$x":	3975,
										"$y":	3036
									},
									"Type":	"Floor",
									"ExportAs":	"Desert1_Oasis_Pattern_Boab",
									"Skip":	false,
									"Origin":	{
										"$Position":	{
											"$x":	4686,
											"$y":	2870
										},
										"Type":	"BlockType",
										"Skip":	false,
										"Material":	{
											"$Position":	{
												"$x":	5345,
												"$y":	2874
											},
											"Solid":	"Empty"
										}
									},
									"Floor":	{
										"$Position":	{
											"$x":	4700,
											"$y":	3162
										},
										"Type":	"BlockSet",
										"Skip":	false,
										"BlockSet":	{
											"$Position":	{
												"$x":	5405,
												"$y":	3168
											},
											"Inclusive":	true,
											"Materials":	[{
													"$Position":	{
														"$x":	5955,
														"$y":	3160
													},
													"Solid":	"Soil_Grass"
												}, {
													"$Position":	{
														"$x":	5956,
														"$y":	3317
													},
													"Solid":	"Soil_Grass_Dry"
												}]
										}
									}
								}
							},
							"Scanner":	{
								"$Position":	{
									"$x":	3288,
									"$y":	3302
								},
								"Type":	"ColumnLinear",
								"ExportAs":	"Desert1_Boab_Scanner",
								"Skip":	false,
								"MaxY":	-25,
								"MinY":	-66,
								"RelativeToPosition":	false,
								"BaseHeightName":	"Base",
								"TopDownOrder":	true,
								"ResultCap":	1
							},
							"BlockMask":	{
								"$Position":	{
									"$x":	3279,
									"$y":	3731
								},
								"Advanced":	[{
										"$Position":	{
											"$x":	3536,
											"$y":	3878
										},
										"Source":	{
											"$Position":	{
												"$x":	3899,
												"$y":	3737
											},
											"Inclusive":	true,
											"Materials":	[{
													"$Position":	{
														"$x":	4390,
														"$y":	3729
													},
													"Solid":	"Wood_Gumboab_Roots"
												}]
										},
										"CanReplace":	{
											"$Position":	{
												"$x":	3905,
												"$y":	3893
											},
											"Inclusive":	true,
											"Materials":	[{
													"$Position":	{
														"$x":	4391,
														"$y":	3897
													},
													"Solid":	"Empty"
												}]
										}
									}]
							},
							"MoldingDirection":	"None",
							"MoldingChildren":	false
						}, {
							"$Position":	{
								"$x":	2385,
								"$y":	4284
							},
							"Type":	"Cluster",
							"ExportAs":	"Desert1_Oasis_Sticks_ClusterProp_Boab",
							"Skip":	false,
							"Range":	10,
							"Seed":	"A",
							"DistanceCurve":	{
								"$Position":	{
									"$x":	3082,
									"$y":	4258
								},
								"Type":	"Manual",
								"Points":	[{
										"$Position":	{
											"$x":	3727,
											"$y":	4117
										},
										"In":	9,
										"Out":	0.005
									}, {
										"$Position":	{
											"$x":	3710,
											"$y":	4267
										},
										"In":	10,
										"Out":	0
									}]
							},
							"WeightedProps":	[{
									"$Position":	{
										"$x":	3128,
										"$y":	4461
									},
									"Weight":	1,
									"ColumnProp":	{
										"$Position":	{
											"$x":	4376,
											"$y":	4430
										},
										"Type":	"Column",
										"Skip":	false,
										"ColumnBlocks":	[{
												"$Position":	{
													"$x":	5091,
													"$y":	4442
												},
												"Y":	0,
												"Material":	{
													"$Position":	{
														"$x":	5577,
														"$y":	4398
													},
													"Solid":	"Wood_Sticks"
												}
											}],
										"Directionality":	{
											"$Position":	{
												"$x":	5090,
												"$y":	4590
											},
											"Type":	"Static",
											"Rotation":	0,
											"Pattern":	{
												"$Position":	{
													"$x":	5759,
													"$y":	4598
												},
												"Type":	"Floor",
												"ExportAs":	"Desert1_Sticks_Dry_Floor",
												"Skip":	false,
												"Origin":	{
													"$Position":	{
														"$x":	6407,
														"$y":	4430
													},
													"Type":	"BlockSet",
													"Skip":	false,
													"BlockSet":	{
														"$Position":	{
															"$x":	7039,
															"$y":	4435
														},
														"Inclusive":	true,
														"Materials":	[{
																"$Position":	{
																	"$x":	7574,
																	"$y":	4434
																},
																"Solid":	"Empty"
															}]
													}
												},
												"Floor":	{
													"$Position":	{
														"$x":	6352,
														"$y":	4783
													},
													"Type":	"BlockSet",
													"Skip":	false,
													"BlockSet":	{
														"$Position":	{
															"$x":	7007,
															"$y":	4802
														},
														"Inclusive":	true,
														"Materials":	[{
																"$Position":	{
																	"$x":	7536,
																	"$y":	4797
																},
																"Solid":	"Soil_Grass"
															}, {
																"$Position":	{
																	"$x":	7538,
																	"$y":	4953
																},
																"Solid":	"Soil_Grass_Dry"
															}]
													}
												}
											}
										},
										"Scanner":	{
											"$Position":	{
												"$x":	5094,
												"$y":	4732
											},
											"Type":	"ColumnLinear",
											"Skip":	false,
											"MaxY":	3,
											"MinY":	-3,
											"RelativeToPosition":	true,
											"BaseHeightName":	"Base",
											"TopDownOrder":	true,
											"ResultCap":	1
										}
									}
								}],
							"Pattern":	{
								"$Position":	{
									"$x":	3088,
									"$y":	4608
								},
								"Type":	"Imported",
								"Skip":	false,
								"Name":	"Desert1_Oasis_Pattern_Boab"
							},
							"Scanner":	{
								"$Position":	{
									"$x":	3108,
									"$y":	4845
								},
								"Type":	"Imported",
								"Skip":	false,
								"Name":	"Desert1_Boab_Scanner"
							}
						}]
				}
			}
		}, {
			"$Position":	{
				"$x":	369,
				"$y":	5605
			},
			"Max":	0.3,
			"Min":	0,
			"Assignments":	{
				"$Position":	{
					"$x":	936,
					"$y":	5607
				},
				"Type":	"Constant",
				"Prop":	{
					"$Position":	{
						"$x":	1607,
						"$y":	5673
					},
					"Type":	"Union",
					"Skip":	false,
					"Props":	[{
							"$Position":	{
								"$x":	2426,
								"$y":	5693
							},
							"Type":	"Prefab",
							"Skip":	false,
							"WeightedPrefabPaths":	[{
									"$Position":	{
										"$x":	3334,
										"$y":	5322
									},
									"Path":	"Trees/Boab/Stage_0/",
									"Weight":	0.7
								}, {
									"$Position":	{
										"$x":	3332,
										"$y":	5480
									},
									"Path":	"Trees/Boab/Stage_1/",
									"Weight":	0.3
								}],
							"LegacyPath":	false,
							"LoadEntities":	false,
							"Directionality":	{
								"$Position":	{
									"$x":	3306,
									"$y":	5766
								},
								"Type":	"Random",
								"Seed":	"A",
								"Pattern":	{
									"$Position":	{
										"$x":	3995,
										"$y":	5756
									},
									"Type":	"Imported",
									"Skip":	false,
									"Name":	"Desert1_Oasis_Pattern_Boab"
								}
							},
							"Scanner":	{
								"$Position":	{
									"$x":	3301,
									"$y":	5952
								},
								"Type":	"Imported",
								"Skip":	false,
								"Name":	"Desert1_Boab_Scanner"
							},
							"BlockMask":	{
								"$Position":	{
									"$x":	3354,
									"$y":	6217
								},
								"Advanced":	[{
										"$Position":	{
											"$x":	3753,
											"$y":	6334
										},
										"Source":	{
											"$Position":	{
												"$x":	4116,
												"$y":	6193
											},
											"Inclusive":	true,
											"Materials":	[{
													"$Position":	{
														"$x":	4607,
														"$y":	6185
													},
													"Solid":	"Wood_Gumboab_Roots"
												}]
										},
										"CanReplace":	{
											"$Position":	{
												"$x":	4122,
												"$y":	6349
											},
											"Inclusive":	true,
											"Materials":	[{
													"$Position":	{
														"$x":	4608,
														"$y":	6353
													},
													"Solid":	"Empty"
												}]
										}
									}]
							},
							"MoldingDirection":	"None",
							"MoldingChildren":	false
						}, {
							"$Position":	{
								"$x":	2428,
								"$y":	6643
							},
							"Type":	"Imported",
							"Name":	"Desert1_Oasis_Sticks_ClusterProp_Boab",
							"Skip":	false
						}]
				}
			}
		}],
	"$WorkspaceID":	"HytaleGenerator - Assignments",
	"$Groups":	[{
			"$Position":	{
				"$x":	-65.0625,
				"$y":	1113.9375
			},
			"$width":	8421.0625,
			"$height":	5937.375,
			"$name":	"Trees: Boab"
		}, {
			"$Position":	{
				"$x":	2187.4375,
				"$y":	4045.3125
			},
			"$width":	6128.3125,
			"$height":	1178.4375,
			"$name":	"Sticks"
		}, {
			"$Position":	{
				"$x":	2273.125,
				"$y":	6518.875
			},
			"$width":	801.625,
			"$height":	477.375,
			"$name":	"Sticks"
		}]
}