{
	"$Title":	"[ROOT] FieldFunction Assignments",
	"$Position":	{
		"$x":	1556,
		"$y":	10983
	},
	"Type":	"FieldFunction",
	"ExportAs":	"Taiga1_Rivers_Boulders",
	"FieldFunction":	{
		"$Position":	{
			"$x":	2391,
			"$y":	10264
		},
		"Type":	"SimplexNoise2D",
		"Skip":	false,
		"Lacunarity":	2,
		"Persistence":	0.5,
		"Octaves":	1,
		"Scale":	75,
		"Seed":	"A"
	},
	"Delimiters":	[{
			"$Position":	{
				"$x":	2442,
				"$y":	10981
			},
			"Max":	0.4,
			"Min":	-1,
			"Assignments":	{
				"$Position":	{
					"$x":	2929,
					"$y":	10983
				},
				"Type":	"Weighted",
				"SkipChance":	0.85,
				"Seed":	"A",
				"WeightedAssignments":	[{
						"$Position":	{
							"$x":	3654,
							"$y":	10999
						},
						"Weight":	1,
						"Assignments":	{
							"$Position":	{
								"$x":	4167,
								"$y":	10996
							},
							"Type":	"Constant",
							"Prop":	{
								"$Position":	{
									"$x":	4771,
									"$y":	11000
								},
								"Type":	"Union",
								"Skip":	false,
								"Props":	[{
										"$Position":	{
											"$x":	5618,
											"$y":	9867
										},
										"Type":	"Prefab",
										"Skip":	false,
										"WeightedPrefabPaths":	[{
												"$Position":	{
													"$x":	6419,
													"$y":	9677
												},
												"Path":	"Rock_Formations/Rocks/Quartzite/Large/",
												"Weight":	30
											}, {
												"$Position":	{
													"$x":	6411,
													"$y":	9829
												},
												"Path":	"Rock_Formations/Rocks/Stone/Large/",
												"Weight":	70
											}],
										"LegacyPath":	false,
										"LoadEntities":	true,
										"Directionality":	{
											"$Position":	{
												"$x":	6404,
												"$y":	9992
											},
											"Type":	"Random",
											"Seed":	"A",
											"Pattern":	{
												"$Position":	{
													"$x":	7009,
													"$y":	9985
												},
												"Type":	"Floor",
												"Skip":	false,
												"Origin":	{
													"$Position":	{
														"$x":	7621,
														"$y":	9925
													},
													"Type":	"BlockType",
													"Skip":	false,
													"Material":	{
														"$Position":	{
															"$x":	8251,
															"$y":	9922
														},
														"Solid":	"Empty"
													}
												},
												"Floor":	{
													"$Position":	{
														"$x":	7614,
														"$y":	10113
													},
													"Type":	"BlockSet",
													"Skip":	false,
													"BlockSet":	{
														"$Position":	{
															"$x":	8241,
															"$y":	10120
														},
														"Inclusive":	true,
														"Materials":	[{
																"$Position":	{
																	"$x":	8721,
																	"$y":	10114
																},
																"Solid":	"Soil_Gravel"
															}, {
																"$Position":	{
																	"$x":	8726,
																	"$y":	10269
																},
																"Solid":	"Soil_Gravel_Sand"
															}]
													}
												}
											}
										},
										"Scanner":	{
											"$Position":	{
												"$x":	6384,
												"$y":	10249
											},
											"Type":	"ColumnLinear",
											"Skip":	false,
											"MaxY":	20,
											"MinY":	-40,
											"RelativeToPosition":	false,
											"BaseHeightName":	"Base",
											"TopDownOrder":	false,
											"ResultCap":	1
										},
										"MoldingDirection":	"None",
										"MoldingChildren":	false
									}, {
										"$Position":	{
											"$x":	5590,
											"$y":	10997
										},
										"Type":	"Cluster",
										"Skip":	false,
										"Range":	10,
										"Seed":	"A",
										"DistanceCurve":	{
											"$Position":	{
												"$x":	6329,
												"$y":	10969
											},
											"Type":	"Manual",
											"Points":	[{
													"$Position":	{
														"$x":	6937,
														"$y":	10969
													},
													"In":	3,
													"Out":	0.15
												}, {
													"$Position":	{
														"$x":	6936,
														"$y":	11142
													},
													"In":	4,
													"Out":	0
												}]
										},
										"WeightedProps":	[{
												"$Position":	{
													"$x":	6330,
													"$y":	11295
												},
												"Weight":	1,
												"ColumnProp":	{
													"$Position":	{
														"$x":	8108,
														"$y":	11255
													},
													"Type":	"Column",
													"Skip":	false,
													"ColumnBlocks":	[{
															"$Position":	{
																"$x":	8810,
																"$y":	11249
															},
															"Y":	0,
															"Material":	{
																"$Position":	{
																	"$x":	9294,
																	"$y":	11233
																},
																"Solid":	"Plant_Flower_Common_Blue"
															}
														}],
													"Directionality":	{
														"$Position":	{
															"$x":	8807,
															"$y":	11400
														},
														"Type":	"Static",
														"Rotation":	0,
														"Pattern":	{
															"$Position":	{
																"$x":	9427,
																"$y":	11407
															},
															"Type":	"Floor",
															"Skip":	false,
															"Origin":	{
																"$Position":	{
																	"$x":	10075,
																	"$y":	11239
																},
																"Type":	"BlockSet",
																"Skip":	false,
																"BlockSet":	{
																	"$Position":	{
																		"$x":	10707,
																		"$y":	11244
																	},
																	"Inclusive":	true,
																	"Materials":	[{
																			"$Position":	{
																				"$x":	11202,
																				"$y":	11244
																			},
																			"Solid":	"Empty"
																		}]
																}
															},
															"Floor":	{
																"$Position":	{
																	"$x":	10079,
																	"$y":	11418
																},
																"Type":	"BlockSet",
																"Skip":	false,
																"BlockSet":	{
																	"$Position":	{
																		"$x":	10718,
																		"$y":	11428
																	},
																	"Inclusive":	true,
																	"Materials":	[{
																			"$Position":	{
																				"$x":	11213,
																				"$y":	11428
																			},
																			"Solid":	"Soil_Grass"
																		}, {
																			"$Position":	{
																				"$x":	11214,
																				"$y":	11577
																			},
																			"Solid":	"Soil_Needles"
																		}, {
																			"$Position":	{
																				"$x":	11219,
																				"$y":	11738
																			},
																			"Solid":	"Soil_Leaves"
																		}]
																}
															}
														}
													},
													"Scanner":	{
														"$Position":	{
															"$x":	8815,
															"$y":	11600
														},
														"Type":	"ColumnLinear",
														"Skip":	false,
														"MaxY":	5,
														"MinY":	-5,
														"RelativeToPosition":	true,
														"BaseHeightName":	"Water",
														"TopDownOrder":	false,
														"ResultCap":	1
													}
												}
											}],
										"Pattern":	{
											"$Position":	{
												"$x":	6313,
												"$y":	11586
											},
											"Type":	"Floor",
											"Skip":	false,
											"Origin":	{
												"$Position":	{
													"$x":	6961,
													"$y":	11533
												},
												"Type":	"BlockSet",
												"Skip":	false,
												"BlockSet":	{
													"$Position":	{
														"$x":	7593,
														"$y":	11538
													},
													"Inclusive":	true,
													"Materials":	[{
															"$Position":	{
																"$x":	8124,
																"$y":	11522
															},
															"Solid":	"Empty"
														}]
												}
											},
											"Floor":	{
												"$Position":	{
													"$x":	6965,
													"$y":	11712
												},
												"Type":	"BlockSet",
												"Skip":	false,
												"BlockSet":	{
													"$Position":	{
														"$x":	7601,
														"$y":	11721
													},
													"Inclusive":	true,
													"Materials":	[{
															"$Position":	{
																"$x":	8081,
																"$y":	11702
															},
															"Solid":	"Soil_Grass"
														}, {
															"$Position":	{
																"$x":	8082,
																"$y":	11851
															},
															"Solid":	"Soil_Needles"
														}, {
															"$Position":	{
																"$x":	8087,
																"$y":	12012
															},
															"Solid":	"Soil_Leaves"
														}]
												}
											}
										},
										"Scanner":	{
											"$Position":	{
												"$x":	6295,
												"$y":	11757
											},
											"Type":	"ColumnLinear",
											"Skip":	false,
											"MaxY":	30,
											"MinY":	0,
											"RelativeToPosition":	false,
											"BaseHeightName":	"Water",
											"TopDownOrder":	false,
											"ResultCap":	1
										}
									}]
							}
						}
					}]
			}
		}, {
			"$Position":	{
				"$x":	2550,
				"$y":	12792
			},
			"Max":	0.5,
			"Min":	0.4,
			"Assignments":	{
				"$Position":	{
					"$x":	3071,
					"$y":	12778
				},
				"Type":	"Weighted",
				"SkipChance":	0,
				"Seed":	"A",
				"WeightedAssignments":	[{
						"$Position":	{
							"$x":	4051,
							"$y":	12775
						},
						"Weight":	100,
						"Assignments":	{
							"$Position":	{
								"$x":	4531,
								"$y":	12759
							},
							"Type":	"Constant",
							"Prop":	{
								"$Position":	{
									"$x":	5131,
									"$y":	12772
								},
								"Type":	"Prefab",
								"Skip":	false,
								"WeightedPrefabPaths":	[{
										"$Position":	{
											"$x":	5927,
											"$y":	12530
										},
										"Path":	"Rock_Formations/Rocks/Quartzite/Small/",
										"Weight":	30
									}, {
										"$Position":	{
											"$x":	5923,
											"$y":	12711
										},
										"Path":	"Rock_Formations/Rocks/Stone/Small/",
										"Weight":	70
									}],
								"LegacyPath":	false,
								"LoadEntities":	true,
								"Directionality":	{
									"$Position":	{
										"$x":	5917,
										"$y":	12897
									},
									"Type":	"Random",
									"Seed":	"A",
									"Pattern":	{
										"$Position":	{
											"$x":	6522,
											"$y":	12890
										},
										"Type":	"Floor",
										"Skip":	false,
										"Origin":	{
											"$Position":	{
												"$x":	7134,
												"$y":	12830
											},
											"Type":	"BlockType",
											"Skip":	false,
											"Material":	{
												"$Position":	{
													"$x":	7764,
													"$y":	12827
												},
												"Solid":	"Empty"
											}
										},
										"Floor":	{
											"$Position":	{
												"$x":	7127,
												"$y":	13018
											},
											"Type":	"BlockSet",
											"Skip":	false,
											"BlockSet":	{
												"$Position":	{
													"$x":	7751,
													"$y":	13018
												},
												"Inclusive":	true,
												"Materials":	[{
														"$Position":	{
															"$x":	8231,
															"$y":	12999
														},
														"Solid":	"Soil_Grass"
													}, {
														"$Position":	{
															"$x":	8234,
															"$y":	13151
														},
														"Solid":	"Soil_Pebbles"
													}, {
														"$Position":	{
															"$x":	8237,
															"$y":	13309
														},
														"Solid":	"Soil_Gravel"
													}, {
														"$Position":	{
															"$x":	8242,
															"$y":	13464
														},
														"Solid":	"Soil_Gravel_Sand"
													}]
											}
										}
									}
								},
								"Scanner":	{
									"$Position":	{
										"$x":	5897,
										"$y":	13154
									},
									"Type":	"ColumnLinear",
									"Skip":	false,
									"MaxY":	20,
									"MinY":	-40,
									"RelativeToPosition":	false,
									"BaseHeightName":	"Base",
									"TopDownOrder":	false,
									"ResultCap":	1
								},
								"MoldingDirection":	"None",
								"MoldingChildren":	false
							}
						}
					}]
			}
		}, {
			"$Position":	{
				"$x":	2551,
				"$y":	13984
			},
			"Max":	2,
			"Min":	0.5,
			"Assignments":	{
				"$Position":	{
					"$x":	3072,
					"$y":	13970
				},
				"Type":	"Weighted",
				"SkipChance":	0,
				"Seed":	"A",
				"WeightedAssignments":	[{
						"$Position":	{
							"$x":	4052,
							"$y":	13967
						},
						"Weight":	60,
						"Assignments":	{
							"$Position":	{
								"$x":	4532,
								"$y":	13951
							},
							"Type":	"Constant",
							"Prop":	{
								"$Position":	{
									"$x":	5132,
									"$y":	13964
								},
								"Type":	"Prefab",
								"Skip":	false,
								"WeightedPrefabPaths":	[{
										"$Position":	{
											"$x":	5933,
											"$y":	13774
										},
										"Path":	"Rock_Formations/Rocks/Quartzite/Large/",
										"Weight":	30
									}, {
										"$Position":	{
											"$x":	5925,
											"$y":	13926
										},
										"Path":	"Rock_Formations/Rocks/Stone/Large/",
										"Weight":	70
									}],
								"LegacyPath":	false,
								"LoadEntities":	true,
								"Directionality":	{
									"$Position":	{
										"$x":	5918,
										"$y":	14089
									},
									"Type":	"Random",
									"Seed":	"A",
									"Pattern":	{
										"$Position":	{
											"$x":	6523,
											"$y":	14082
										},
										"Type":	"Floor",
										"Skip":	false,
										"Origin":	{
											"$Position":	{
												"$x":	7135,
												"$y":	14022
											},
											"Type":	"BlockType",
											"Skip":	false,
											"Material":	{
												"$Position":	{
													"$x":	7765,
													"$y":	14019
												},
												"Solid":	"Empty"
											}
										},
										"Floor":	{
											"$Position":	{
												"$x":	7128,
												"$y":	14210
											},
											"Type":	"BlockSet",
											"Skip":	false,
											"BlockSet":	{
												"$Position":	{
													"$x":	7755,
													"$y":	14217
												},
												"Inclusive":	true,
												"Materials":	[{
														"$Position":	{
															"$x":	8235,
															"$y":	14198
														},
														"Solid":	"Soil_Grass"
													}, {
														"$Position":	{
															"$x":	8238,
															"$y":	14350
														},
														"Solid":	"Soil_Pebbles"
													}, {
														"$Position":	{
															"$x":	8241,
															"$y":	14508
														},
														"Solid":	"Soil_Gravel"
													}, {
														"$Position":	{
															"$x":	8246,
															"$y":	14663
														},
														"Solid":	"Soil_Gravel_Sand"
													}]
											}
										}
									}
								},
								"Scanner":	{
									"$Position":	{
										"$x":	5898,
										"$y":	14346
									},
									"Type":	"ColumnLinear",
									"Skip":	false,
									"MaxY":	20,
									"MinY":	-40,
									"RelativeToPosition":	false,
									"BaseHeightName":	"Base",
									"TopDownOrder":	false,
									"ResultCap":	1
								},
								"MoldingDirection":	"None",
								"MoldingChildren":	false
							}
						}
					}, {
						"$Position":	{
							"$x":	4006,
							"$y":	15105
						},
						"Weight":	40,
						"Assignments":	{
							"$Position":	{
								"$x":	4496,
								"$y":	15096
							},
							"Type":	"Constant",
							"Prop":	{
								"$Position":	{
									"$x":	5111,
									"$y":	15085
								},
								"Type":	"Cluster",
								"Skip":	false,
								"Range":	10,
								"Seed":	"A",
								"DistanceCurve":	{
									"$Position":	{
										"$x":	5850,
										"$y":	15057
									},
									"Type":	"Manual",
									"Points":	[{
											"$Position":	{
												"$x":	6458,
												"$y":	15057
											},
											"In":	3,
											"Out":	0.15
										}, {
											"$Position":	{
												"$x":	6457,
												"$y":	15230
											},
											"In":	4,
											"Out":	0
										}]
								},
								"WeightedProps":	[{
										"$Position":	{
											"$x":	5851,
											"$y":	15383
										},
										"Weight":	1,
										"ColumnProp":	{
											"$Position":	{
												"$x":	7629,
												"$y":	15343
											},
											"Type":	"Column",
											"Skip":	false,
											"ColumnBlocks":	[{
													"$Position":	{
														"$x":	8331,
														"$y":	15337
													},
													"Y":	0,
													"Material":	{
														"$Position":	{
															"$x":	8815,
															"$y":	15321
														},
														"Solid":	"Plant_Flower_Tall_Pink"
													}
												}],
											"Directionality":	{
												"$Position":	{
													"$x":	8328,
													"$y":	15488
												},
												"Type":	"Static",
												"Rotation":	0,
												"Pattern":	{
													"$Position":	{
														"$x":	8948,
														"$y":	15495
													},
													"Type":	"Floor",
													"Skip":	false,
													"Origin":	{
														"$Position":	{
															"$x":	9596,
															"$y":	15327
														},
														"Type":	"BlockSet",
														"Skip":	false,
														"BlockSet":	{
															"$Position":	{
																"$x":	10228,
																"$y":	15332
															},
															"Inclusive":	true,
															"Materials":	[{
																	"$Position":	{
																		"$x":	10723,
																		"$y":	15332
																	},
																	"Solid":	"Empty"
																}]
														}
													},
													"Floor":	{
														"$Position":	{
															"$x":	9600,
															"$y":	15506
														},
														"Type":	"BlockSet",
														"Skip":	false,
														"BlockSet":	{
															"$Position":	{
																"$x":	10239,
																"$y":	15516
															},
															"Inclusive":	true,
															"Materials":	[{
																	"$Position":	{
																		"$x":	10734,
																		"$y":	15516
																	},
																	"Solid":	"Soil_Grass"
																}, {
																	"$Position":	{
																		"$x":	10735,
																		"$y":	15665
																	},
																	"Solid":	"Soil_Needles"
																}, {
																	"$Position":	{
																		"$x":	10740,
																		"$y":	15826
																	},
																	"Solid":	"Soil_Leaves"
																}]
														}
													}
												}
											},
											"Scanner":	{
												"$Position":	{
													"$x":	8337,
													"$y":	15686
												},
												"Type":	"ColumnLinear",
												"Skip":	false,
												"MaxY":	5,
												"MinY":	-5,
												"RelativeToPosition":	true,
												"BaseHeightName":	"Water",
												"TopDownOrder":	false,
												"ResultCap":	1
											}
										}
									}],
								"Pattern":	{
									"$Position":	{
										"$x":	5834,
										"$y":	15674
									},
									"Type":	"Floor",
									"Skip":	false,
									"Origin":	{
										"$Position":	{
											"$x":	6482,
											"$y":	15621
										},
										"Type":	"BlockSet",
										"Skip":	false,
										"BlockSet":	{
											"$Position":	{
												"$x":	7114,
												"$y":	15626
											},
											"Inclusive":	true,
											"Materials":	[{
													"$Position":	{
														"$x":	7645,
														"$y":	15610
													},
													"Solid":	"Empty"
												}]
										}
									},
									"Floor":	{
										"$Position":	{
											"$x":	6486,
											"$y":	15800
										},
										"Type":	"BlockSet",
										"Skip":	false,
										"BlockSet":	{
											"$Position":	{
												"$x":	7122,
												"$y":	15809
											},
											"Inclusive":	true,
											"Materials":	[{
													"$Position":	{
														"$x":	7602,
														"$y":	15790
													},
													"Solid":	"Soil_Grass"
												}, {
													"$Position":	{
														"$x":	7603,
														"$y":	15939
													},
													"Solid":	"Soil_Needles"
												}, {
													"$Position":	{
														"$x":	7608,
														"$y":	16100
													},
													"Solid":	"Soil_Leaves"
												}]
										}
									}
								},
								"Scanner":	{
									"$Position":	{
										"$x":	5816,
										"$y":	15845
									},
									"Type":	"ColumnLinear",
									"Skip":	false,
									"MaxY":	30,
									"MinY":	0,
									"RelativeToPosition":	false,
									"BaseHeightName":	"Water",
									"TopDownOrder":	false,
									"ResultCap":	1
								}
							}
						}
					}]
			}
		}],
	"$WorkspaceID":	"HytaleGenerator - Assignments",
	"$Groups":	[{
			"$Position":	{
				"$x":	2371.375,
				"$y":	13720.0625
			},
			"$width":	6767.8125,
			"$height":	1112.375,
			"$name":	"Large Boulders"
		}, {
			"$Position":	{
				"$x":	2369.8125,
				"$y":	12404.1875
			},
			"$width":	6767.8125,
			"$height":	1236.9375,
			"$name":	"Small Boulders"
		}, {
			"$Position":	{
				"$x":	3911.25,
				"$y":	14873.875
			},
			"$width":	7481.875,
			"$height":	1574.9375,
			"$name":	"Bushes"
		}, {
			"$Position":	{
				"$x":	2430.5,
				"$y":	10775.9375
			},
			"$width":	9641.125,
			"$height":	1573.625,
			"$name":	"Flowers"
		}, {
			"$Position":	{
				"$x":	5528.375,
				"$y":	9623.375
			},
			"$width":	4097.125,
			"$height":	1112.375,
			"$name":	"Large Boulders on Gravel"
		}]
}
