{
	"$Title":	"[ROOT] FieldFunction Assignments",
	"$Position":	{
		"$x":	1628,
		"$y":	12664
	},
	"Type":	"FieldFunction",
	"ExportAs":	"Taiga1_Mountains_Boulders",
	"FieldFunction":	{
		"$Position":	{
			"$x":	2395,
			"$y":	10519
		},
		"Type":	"SimplexNoise2D",
		"Skip":	false,
		"Lacunarity":	2,
		"Persistence":	0.5,
		"Octaves":	1,
		"Scale":	75,
		"Seed":	"A"
	},
	"Delimiters":	[{
			"$Position":	{
				"$x":	2605,
				"$y":	11406
			},
			"Max":	0.5,
			"Min":	0.4,
			"Assignments":	{
				"$Position":	{
					"$x":	3126,
					"$y":	11392
				},
				"Type":	"Weighted",
				"SkipChance":	0,
				"Seed":	"A",
				"WeightedAssignments":	[{
						"$Position":	{
							"$x":	4106,
							"$y":	11389
						},
						"Weight":	100,
						"Assignments":	{
							"$Position":	{
								"$x":	4586,
								"$y":	11373
							},
							"Type":	"Constant",
							"Prop":	{
								"$Position":	{
									"$x":	5186,
									"$y":	11386
								},
								"Type":	"Prefab",
								"Skip":	false,
								"WeightedPrefabPaths":	[{
										"$Position":	{
											"$x":	5982,
											"$y":	11144
										},
										"Path":	"Rock_Formations/Rocks/Quartzite/Small/",
										"Weight":	30
									}, {
										"$Position":	{
											"$x":	5978,
											"$y":	11325
										},
										"Path":	"Rock_Formations/Rocks/Stone/Small/",
										"Weight":	70
									}],
								"LegacyPath":	false,
								"LoadEntities":	true,
								"Directionality":	{
									"$Position":	{
										"$x":	5972,
										"$y":	11511
									},
									"Type":	"Random",
									"Seed":	"A",
									"Pattern":	{
										"$Position":	{
											"$x":	6577,
											"$y":	11504
										},
										"Type":	"Floor",
										"Skip":	false,
										"Origin":	{
											"$Position":	{
												"$x":	7189,
												"$y":	11444
											},
											"Type":	"BlockType",
											"Skip":	false,
											"Material":	{
												"$Position":	{
													"$x":	7819,
													"$y":	11441
												},
												"Solid":	"Empty"
											}
										},
										"Floor":	{
											"$Position":	{
												"$x":	7182,
												"$y":	11632
											},
											"Type":	"BlockSet",
											"Skip":	false,
											"BlockSet":	{
												"$Position":	{
													"$x":	7806,
													"$y":	11632
												},
												"Inclusive":	true,
												"Materials":	[{
														"$Position":	{
															"$x":	8287,
															"$y":	11633
														},
														"Solid":	"Soil_Gravel"
													}, {
														"$Position":	{
															"$x":	8292,
															"$y":	11788
														},
														"Solid":	"Soil_Gravel_Sand"
													}]
											}
										}
									}
								},
								"Scanner":	{
									"$Position":	{
										"$x":	5952,
										"$y":	11768
									},
									"Type":	"ColumnLinear",
									"Skip":	false,
									"MaxY":	180,
									"MinY":	10,
									"RelativeToPosition":	false,
									"BaseHeightName":	"Base",
									"TopDownOrder":	false,
									"ResultCap":	1
								},
								"MoldingDirection":	"None",
								"MoldingChildren":	false
							}
						}
					}]
			}
		}, {
			"$Position":	{
				"$x":	2560,
				"$y":	13984
			},
			"Max":	2,
			"Min":	0.5,
			"Assignments":	{
				"$Position":	{
					"$x":	3081,
					"$y":	13970
				},
				"Type":	"Weighted",
				"SkipChance":	0,
				"Seed":	"A",
				"WeightedAssignments":	[{
						"$Position":	{
							"$x":	4061,
							"$y":	13967
						},
						"Weight":	80,
						"Assignments":	{
							"$Position":	{
								"$x":	4541,
								"$y":	13951
							},
							"Type":	"Constant",
							"Prop":	{
								"$Position":	{
									"$x":	5150,
									"$y":	13945
								},
								"Type":	"Union",
								"Skip":	false,
								"Props":	[{
										"$Position":	{
											"$x":	5940,
											"$y":	12749
										},
										"Type":	"Prefab",
										"Skip":	false,
										"WeightedPrefabPaths":	[{
												"$Position":	{
													"$x":	6733,
													"$y":	12711
												},
												"Path":	"Cave/Stalagmites/Rock_Ice/Floor/",
												"Weight":	70
											}],
										"LegacyPath":	false,
										"LoadEntities":	true,
										"Directionality":	{
											"$Position":	{
												"$x":	6726,
												"$y":	12874
											},
											"Type":	"Random",
											"Seed":	"A",
											"Pattern":	{
												"$Position":	{
													"$x":	7331,
													"$y":	12867
												},
												"Type":	"Floor",
												"Skip":	false,
												"Origin":	{
													"$Position":	{
														"$x":	7943,
														"$y":	12807
													},
													"Type":	"BlockType",
													"Skip":	false,
													"Material":	{
														"$Position":	{
															"$x":	8573,
															"$y":	12804
														},
														"Solid":	"Empty"
													}
												},
												"Floor":	{
													"$Position":	{
														"$x":	7936,
														"$y":	12995
													},
													"Type":	"BlockSet",
													"Skip":	false,
													"BlockSet":	{
														"$Position":	{
															"$x":	8563,
															"$y":	13002
														},
														"Inclusive":	true,
														"Materials":	[{
																"$Position":	{
																	"$x":	9057,
																	"$y":	12991
																},
																"Solid":	"Soil_Snow"
															}]
													}
												}
											}
										},
										"Scanner":	{
											"$Position":	{
												"$x":	6706,
												"$y":	13131
											},
											"Type":	"ColumnLinear",
											"Skip":	false,
											"MaxY":	180,
											"MinY":	10,
											"RelativeToPosition":	false,
											"BaseHeightName":	"Base",
											"TopDownOrder":	false,
											"ResultCap":	1
										},
										"MoldingDirection":	"None",
										"MoldingChildren":	false
									}, {
										"$Position":	{
											"$x":	5908,
											"$y":	14010
										},
										"Type":	"Prefab",
										"Skip":	false,
										"WeightedPrefabPaths":	[{
												"$Position":	{
													"$x":	6709,
													"$y":	13820
												},
												"Path":	"Rock_Formations/Rocks/Quartzite/Large/",
												"Weight":	30
											}, {
												"$Position":	{
													"$x":	6701,
													"$y":	13972
												},
												"Path":	"Rock_Formations/Rocks/Stone/Large/",
												"Weight":	70
											}],
										"LegacyPath":	false,
										"LoadEntities":	true,
										"Directionality":	{
											"$Position":	{
												"$x":	6694,
												"$y":	14135
											},
											"Type":	"Random",
											"Seed":	"A",
											"Pattern":	{
												"$Position":	{
													"$x":	7299,
													"$y":	14128
												},
												"Type":	"Floor",
												"Skip":	false,
												"Origin":	{
													"$Position":	{
														"$x":	7911,
														"$y":	14068
													},
													"Type":	"BlockType",
													"Skip":	false,
													"Material":	{
														"$Position":	{
															"$x":	8541,
															"$y":	14065
														},
														"Solid":	"Empty"
													}
												},
												"Floor":	{
													"$Position":	{
														"$x":	7904,
														"$y":	14256
													},
													"Type":	"BlockSet",
													"Skip":	false,
													"BlockSet":	{
														"$Position":	{
															"$x":	8531,
															"$y":	14263
														},
														"Inclusive":	true,
														"Materials":	[{
																"$Position":	{
																	"$x":	9025,
																	"$y":	14252
																},
																"Solid":	"Soil_Gravel"
															}, {
																"$Position":	{
																	"$x":	9022,
																	"$y":	14403
																},
																"Solid":	"Soil_Gravel_Sand"
															}]
													}
												}
											}
										},
										"Scanner":	{
											"$Position":	{
												"$x":	6674,
												"$y":	14392
											},
											"Type":	"ColumnLinear",
											"Skip":	false,
											"MaxY":	180,
											"MinY":	10,
											"RelativeToPosition":	false,
											"BaseHeightName":	"Base",
											"TopDownOrder":	false,
											"ResultCap":	1
										},
										"MoldingDirection":	"None",
										"MoldingChildren":	false
									}]
							}
						}
					}, {
						"$Position":	{
							"$x":	4006,
							"$y":	15105
						},
						"Weight":	20,
						"Assignments":	{
							"$Position":	{
								"$x":	4496,
								"$y":	15096
							},
							"Type":	"Constant",
							"Prop":	{
								"$Position":	{
									"$x":	5111,
									"$y":	15085
								},
								"Type":	"Cluster",
								"Skip":	false,
								"Range":	10,
								"Seed":	"A",
								"DistanceCurve":	{
									"$Position":	{
										"$x":	5850,
										"$y":	15057
									},
									"Type":	"Manual",
									"Points":	[{
											"$Position":	{
												"$x":	6458,
												"$y":	15057
											},
											"In":	3,
											"Out":	0.15
										}, {
											"$Position":	{
												"$x":	6457,
												"$y":	15230
											},
											"In":	4,
											"Out":	0
										}]
								},
								"WeightedProps":	[{
										"$Position":	{
											"$x":	5851,
											"$y":	15383
										},
										"Weight":	1,
										"ColumnProp":	{
											"$Position":	{
												"$x":	7629,
												"$y":	15343
											},
											"Type":	"Column",
											"Skip":	false,
											"ColumnBlocks":	[{
													"$Position":	{
														"$x":	8331,
														"$y":	15337
													},
													"Y":	0,
													"Material":	{
														"$Position":	{
															"$x":	8815,
															"$y":	15321
														},
														"Solid":	"Plant_Flower_Tall_Pink"
													}
												}],
											"Directionality":	{
												"$Position":	{
													"$x":	8328,
													"$y":	15488
												},
												"Type":	"Static",
												"Rotation":	0,
												"Pattern":	{
													"$Position":	{
														"$x":	8948,
														"$y":	15495
													},
													"Type":	"Floor",
													"Skip":	false,
													"Origin":	{
														"$Position":	{
															"$x":	9596,
															"$y":	15327
														},
														"Type":	"BlockSet",
														"Skip":	false,
														"BlockSet":	{
															"$Position":	{
																"$x":	10228,
																"$y":	15332
															},
															"Inclusive":	true,
															"Materials":	[{
																	"$Position":	{
																		"$x":	10723,
																		"$y":	15332
																	},
																	"Solid":	"Empty"
																}]
														}
													},
													"Floor":	{
														"$Position":	{
															"$x":	9600,
															"$y":	15506
														},
														"Type":	"BlockSet",
														"Skip":	false,
														"BlockSet":	{
															"$Position":	{
																"$x":	10239,
																"$y":	15516
															},
															"Inclusive":	true,
															"Materials":	[{
																	"$Position":	{
																		"$x":	10734,
																		"$y":	15516
																	},
																	"Solid":	"Soil_Grass"
																}, {
																	"$Position":	{
																		"$x":	10735,
																		"$y":	15665
																	},
																	"Solid":	"Soil_Needles"
																}, {
																	"$Position":	{
																		"$x":	10740,
																		"$y":	15826
																	},
																	"Solid":	"Soil_Leaves"
																}, {
																	"$Position":	{
																		"$x":	10748,
																		"$y":	15994
																	},
																	"Solid":	"Soil_Gravel"
																}]
														}
													}
												}
											},
											"Scanner":	{
												"$Position":	{
													"$x":	8336,
													"$y":	15688
												},
												"Type":	"ColumnLinear",
												"Skip":	false,
												"MaxY":	5,
												"MinY":	-5,
												"RelativeToPosition":	true,
												"BaseHeightName":	"Base",
												"TopDownOrder":	false,
												"ResultCap":	1
											}
										}
									}],
								"Pattern":	{
									"$Position":	{
										"$x":	5834,
										"$y":	15674
									},
									"Type":	"Floor",
									"Skip":	false,
									"Origin":	{
										"$Position":	{
											"$x":	6482,
											"$y":	15621
										},
										"Type":	"BlockSet",
										"Skip":	false,
										"BlockSet":	{
											"$Position":	{
												"$x":	7114,
												"$y":	15626
											},
											"Inclusive":	true,
											"Materials":	[{
													"$Position":	{
														"$x":	7645,
														"$y":	15610
													},
													"Solid":	"Empty"
												}]
										}
									},
									"Floor":	{
										"$Position":	{
											"$x":	6486,
											"$y":	15800
										},
										"Type":	"BlockSet",
										"Skip":	false,
										"BlockSet":	{
											"$Position":	{
												"$x":	7122,
												"$y":	15809
											},
											"Inclusive":	true,
											"Materials":	[{
													"$Position":	{
														"$x":	7602,
														"$y":	15790
													},
													"Solid":	"Soil_Grass"
												}, {
													"$Position":	{
														"$x":	7603,
														"$y":	15939
													},
													"Solid":	"Soil_Needles"
												}, {
													"$Position":	{
														"$x":	7608,
														"$y":	16100
													},
													"Solid":	"Soil_Leaves"
												}, {
													"$Position":	{
														"$x":	7613,
														"$y":	16262
													},
													"Solid":	"Soil_Gravel"
												}]
										}
									}
								},
								"Scanner":	{
									"$Position":	{
										"$x":	5816,
										"$y":	15845
									},
									"Type":	"ColumnLinear",
									"Skip":	false,
									"MaxY":	180,
									"MinY":	10,
									"RelativeToPosition":	false,
									"BaseHeightName":	"Base",
									"TopDownOrder":	false,
									"ResultCap":	1
								}
							}
						}
					}]
			}
		}],
	"$WorkspaceID":	"HytaleGenerator - Assignments",
	"$Groups":	[{
			"$Position":	{
				"$x":	2380.625,
				"$y":	13720.0625
			},
			"$width":	7479.125,
			"$height":	1112.375,
			"$name":	"Large Boulders"
		}, {
			"$Position":	{
				"$x":	2425.25,
				"$y":	11018.5
			},
			"$width":	6767.8125,
			"$height":	1236.9375,
			"$name":	"Small Boulders"
		}, {
			"$Position":	{
				"$x":	3911.25,
				"$y":	14875.1875
			},
			"$width":	7481.875,
			"$height":	1573.625,
			"$name":	"Bushes"
		}, {
			"$Position":	{
				"$x":	5836.5625,
				"$y":	12505.8125
			},
			"$width":	4111.5,
			"$height":	1112.375,
			"$name":	"Large Boulders"
		}]
}
