{
	"$Title":	"[ROOT] FieldFunction Assignments",
	"$Position":	{
		"$x":	7568,
		"$y":	-684
	},
	"Type":	"FieldFunction",
	"ExportAs":	"Taiga1_Mountains_Bushes",
	"FieldFunction":	{
		"$Position":	{
			"$x":	8414,
			"$y":	-1530
		},
		"Type":	"SimplexNoise2D",
		"Skip":	false,
		"Lacunarity":	2,
		"Persistence":	0.5,
		"Octaves":	1,
		"Scale":	10,
		"Seed":	"67"
	},
	"Delimiters":	[{
			"$Position":	{
				"$x":	8446,
				"$y":	-353
			},
			"Max":	0,
			"Min":	-1,
			"Assignments":	{
				"$Position":	{
					"$x":	8954,
					"$y":	-348
				},
				"Type":	"Constant",
				"Prop":	{
					"$Position":	{
						"$x":	9562,
						"$y":	-351
					},
					"Type":	"Cluster",
					"Skip":	false,
					"Range":	10,
					"Seed":	"A",
					"DistanceCurve":	{
						"$Position":	{
							"$x":	10308,
							"$y":	-633
						},
						"Type":	"Manual",
						"Points":	[{
								"$Position":	{
									"$x":	10916,
									"$y":	-633
								},
								"In":	4,
								"Out":	0.5
							}, {
								"$Position":	{
									"$x":	10915,
									"$y":	-460
								},
								"In":	6,
								"Out":	0
							}]
					},
					"WeightedProps":	[{
							"$Position":	{
								"$x":	10309,
								"$y":	-334
							},
							"Weight":	1,
							"ColumnProp":	{
								"$Position":	{
									"$x":	12095,
									"$y":	-522
								},
								"Type":	"Column",
								"Skip":	false,
								"ColumnBlocks":	[{
										"$Position":	{
											"$x":	12797,
											"$y":	-528
										},
										"Y":	0,
										"Material":	{
											"$Position":	{
												"$x":	13281,
												"$y":	-544
											},
											"Solid":	"Plant_Bush_Lush"
										}
									}],
								"Directionality":	{
									"$Position":	{
										"$x":	12794,
										"$y":	-377
									},
									"Type":	"Static",
									"Rotation":	0,
									"Pattern":	{
										"$Position":	{
											"$x":	13414,
											"$y":	-370
										},
										"Type":	"Floor",
										"Skip":	false,
										"Origin":	{
											"$Position":	{
												"$x":	14062,
												"$y":	-538
											},
											"Type":	"BlockSet",
											"Skip":	false,
											"BlockSet":	{
												"$Position":	{
													"$x":	14694,
													"$y":	-533
												},
												"Inclusive":	true,
												"Materials":	[{
														"$Position":	{
															"$x":	15195,
															"$y":	-543
														},
														"Solid":	"Empty"
													}]
											}
										},
										"Floor":	{
											"$Position":	{
												"$x":	14063,
												"$y":	-159
											},
											"Type":	"BlockSet",
											"Skip":	false,
											"BlockSet":	{
												"$Position":	{
													"$x":	14695,
													"$y":	-161
												},
												"Inclusive":	true,
												"Materials":	[{
														"$Position":	{
															"$x":	15184,
															"$y":	-161
														},
														"Solid":	"Soil_Pathway"
													}, {
														"$Position":	{
															"$x":	15189,
															"$y":	-6
														},
														"Solid":	"Soil_Needles"
													}, {
														"$Position":	{
															"$x":	15193,
															"$y":	155
														},
														"Solid":	"Soil_Grass"
													}]
											}
										}
									}
								},
								"Scanner":	{
									"$Position":	{
										"$x":	12802,
										"$y":	-178
									},
									"Type":	"ColumnLinear",
									"Skip":	false,
									"MaxY":	5,
									"MinY":	-5,
									"RelativeToPosition":	true,
									"BaseHeightName":	"Water",
									"TopDownOrder":	false,
									"ResultCap":	1
								}
							}
						}],
					"Pattern":	{
						"$Position":	{
							"$x":	10295,
							"$y":	-187
						},
						"Type":	"Floor",
						"Skip":	false,
						"Origin":	{
							"$Position":	{
								"$x":	10943,
								"$y":	-240
							},
							"Type":	"BlockSet",
							"Skip":	false,
							"BlockSet":	{
								"$Position":	{
									"$x":	11575,
									"$y":	-235
								},
								"Inclusive":	true,
								"Materials":	[{
										"$Position":	{
											"$x":	12108,
											"$y":	-253
										},
										"Solid":	"Empty"
									}]
							}
						},
						"Floor":	{
							"$Position":	{
								"$x":	10954,
								"$y":	104
							},
							"Type":	"BlockSet",
							"Skip":	false,
							"BlockSet":	{
								"$Position":	{
									"$x":	11590,
									"$y":	113
								},
								"Inclusive":	true,
								"Materials":	[{
										"$Position":	{
											"$x":	12080,
											"$y":	114
										},
										"Solid":	"Soil_Pathway"
									}, {
										"$Position":	{
											"$x":	12085,
											"$y":	269
										},
										"Solid":	"Soil_Needles"
									}, {
										"$Position":	{
											"$x":	12089,
											"$y":	421
										},
										"Solid":	"Soil_Grass"
									}]
							}
						}
					},
					"Scanner":	{
						"$Position":	{
							"$x":	10297,
							"$y":	140
						},
						"Type":	"ColumnLinear",
						"Skip":	false,
						"MaxY":	70,
						"MinY":	0,
						"RelativeToPosition":	false,
						"BaseHeightName":	"Base",
						"TopDownOrder":	false,
						"ResultCap":	1
					}
				}
			}
		}, {
			"$Position":	{
				"$x":	8466,
				"$y":	1321
			},
			"Max":	1,
			"Min":	0,
			"Assignments":	{
				"$Position":	{
					"$x":	8974,
					"$y":	1326
				},
				"Type":	"Constant",
				"Prop":	{
					"$Position":	{
						"$x":	9582,
						"$y":	1323
					},
					"Type":	"Cluster",
					"Skip":	false,
					"Range":	10,
					"Seed":	"A",
					"DistanceCurve":	{
						"$Position":	{
							"$x":	10328,
							"$y":	1041
						},
						"Type":	"Manual",
						"Points":	[{
								"$Position":	{
									"$x":	10936,
									"$y":	1041
								},
								"In":	3,
								"Out":	0.5
							}, {
								"$Position":	{
									"$x":	10935,
									"$y":	1214
								},
								"In":	4,
								"Out":	0
							}]
					},
					"WeightedProps":	[{
							"$Position":	{
								"$x":	10329,
								"$y":	1340
							},
							"Weight":	1,
							"ColumnProp":	{
								"$Position":	{
									"$x":	12115,
									"$y":	1152
								},
								"Type":	"Column",
								"Skip":	false,
								"ColumnBlocks":	[{
										"$Position":	{
											"$x":	12817,
											"$y":	1146
										},
										"Y":	0,
										"Material":	{
											"$Position":	{
												"$x":	13301,
												"$y":	1130
											},
											"Solid":	"Plant_Fern_Winter"
										}
									}],
								"Directionality":	{
									"$Position":	{
										"$x":	12814,
										"$y":	1297
									},
									"Type":	"Static",
									"Rotation":	0,
									"Pattern":	{
										"$Position":	{
											"$x":	13434,
											"$y":	1304
										},
										"Type":	"Floor",
										"Skip":	false,
										"Origin":	{
											"$Position":	{
												"$x":	14082,
												"$y":	1136
											},
											"Type":	"BlockSet",
											"Skip":	false,
											"BlockSet":	{
												"$Position":	{
													"$x":	14714,
													"$y":	1141
												},
												"Inclusive":	true,
												"Materials":	[{
														"$Position":	{
															"$x":	15215,
															"$y":	1131
														},
														"Solid":	"Empty"
													}]
											}
										},
										"Floor":	{
											"$Position":	{
												"$x":	14083,
												"$y":	1515
											},
											"Type":	"BlockSet",
											"Skip":	false,
											"BlockSet":	{
												"$Position":	{
													"$x":	14715,
													"$y":	1513
												},
												"Inclusive":	true,
												"Materials":	[{
														"$Position":	{
															"$x":	15204,
															"$y":	1513
														},
														"Solid":	"Soil_Pathway"
													}, {
														"$Position":	{
															"$x":	15209,
															"$y":	1668
														},
														"Solid":	"Soil_Needles"
													}, {
														"$Position":	{
															"$x":	15220,
															"$y":	1831
														},
														"Solid":	"Soil_Grass"
													}]
											}
										}
									}
								},
								"Scanner":	{
									"$Position":	{
										"$x":	12822,
										"$y":	1496
									},
									"Type":	"ColumnLinear",
									"Skip":	false,
									"MaxY":	5,
									"MinY":	-5,
									"RelativeToPosition":	true,
									"BaseHeightName":	"Water",
									"TopDownOrder":	false,
									"ResultCap":	1
								}
							}
						}],
					"Pattern":	{
						"$Position":	{
							"$x":	10315,
							"$y":	1487
						},
						"Type":	"Floor",
						"Skip":	false,
						"Origin":	{
							"$Position":	{
								"$x":	10963,
								"$y":	1434
							},
							"Type":	"BlockSet",
							"Skip":	false,
							"BlockSet":	{
								"$Position":	{
									"$x":	11595,
									"$y":	1439
								},
								"Inclusive":	true,
								"Materials":	[{
										"$Position":	{
											"$x":	12128,
											"$y":	1421
										},
										"Solid":	"Empty"
									}]
							}
						},
						"Floor":	{
							"$Position":	{
								"$x":	10974,
								"$y":	1778
							},
							"Type":	"BlockSet",
							"Skip":	false,
							"BlockSet":	{
								"$Position":	{
									"$x":	11610,
									"$y":	1787
								},
								"Inclusive":	true,
								"Materials":	[{
										"$Position":	{
											"$x":	12100,
											"$y":	1788
										},
										"Solid":	"Soil_Pathway"
									}, {
										"$Position":	{
											"$x":	12105,
											"$y":	1943
										},
										"Solid":	"Soil_Needles"
									}, {
										"$Position":	{
											"$x":	12113,
											"$y":	2106
										},
										"Solid":	"Soil_Grass"
									}]
							}
						}
					},
					"Scanner":	{
						"$Position":	{
							"$x":	10317,
							"$y":	1814
						},
						"Type":	"ColumnLinear",
						"Skip":	false,
						"MaxY":	70,
						"MinY":	0,
						"RelativeToPosition":	false,
						"BaseHeightName":	"Base",
						"TopDownOrder":	false,
						"ResultCap":	1
					}
				}
			}
		}],
	"$WorkspaceID":	"HytaleGenerator - Assignments",
	"$Groups":	[{
			"$Position":	{
				"$x":	8386.0625,
				"$y":	-816.75
			},
			"$width":	7465.8125,
			"$height":	1573.625,
			"$name":	"Bushes"
		}, {
			"$Position":	{
				"$x":	8406.125,
				"$y":	858.1875
			},
			"$width":	7465.8125,
			"$height":	1573.625,
			"$name":	"Fern"
		}, {
			"$Position":	{
				"$x":	8492.8125,
				"$y":	2978.625
			},
			"$width":	6647.375,
			"$height":	1952,
			"$name":	"Redwood Logs"
		}]
}