{
	"$Title":	"[ROOT] FieldFunction Assignments",
	"$Position":	{
		"$x":	-396,
		"$y":	10089
	},
	"Type":	"FieldFunction",
	"ExportAs":	"Taiga1_Mountains_Cliffs",
	"FieldFunction":	{
		"$Position":	{
			"$x":	415,
			"$y":	8599
		},
		"Type":	"SimplexNoise2D",
		"Skip":	false,
		"Lacunarity":	2,
		"Persistence":	0.5,
		"Octaves":	1,
		"Scale":	25,
		"Seed":	"A"
	},
	"Delimiters":	[{
			"$Position":	{
				"$x":	437,
				"$y":	9266
			},
			"Max":	1,
			"Min":	0.2,
			"Assignments":	{
				"$Position":	{
					"$x":	911,
					"$y":	9268
				},
				"Type":	"Weighted",
				"SkipChance":	0,
				"Seed":	"A",
				"WeightedAssignments":	[{
						"$Position":	{
							"$x":	1636,
							"$y":	9279
						},
						"Weight":	50,
						"Assignments":	{
							"$Position":	{
								"$x":	2121,
								"$y":	9280
							},
							"Type":	"Constant",
							"Prop":	{
								"$Position":	{
									"$x":	2735,
									"$y":	9286
								},
								"Type":	"Union",
								"Skip":	false,
								"Props":	[{
										"$Position":	{
											"$x":	3464,
											"$y":	9292
										},
										"Type":	"Prefab",
										"Skip":	false,
										"WeightedPrefabPaths":	[{
												"$Position":	{
													"$x":	4242,
													"$y":	9272
												},
												"Path":	"Trees/Aspen/Stage_0/",
												"Weight":	20
											}],
										"LegacyPath":	false,
										"LoadEntities":	true,
										"Directionality":	{
											"$Position":	{
												"$x":	4225,
												"$y":	9658
											},
											"Type":	"Random",
											"Seed":	"A",
											"Pattern":	{
												"$Position":	{
													"$x":	4941,
													"$y":	9677
												},
												"Type":	"And",
												"ExportAs":	"Taiga1_Mountains_Cliffs_Pattern",
												"Skip":	false,
												"Patterns":	[{
														"$Position":	{
															"$x":	5676,
															"$y":	9369
														},
														"Type":	"Floor",
														"Skip":	false,
														"Origin":	{
															"$Position":	{
																"$x":	6311,
																"$y":	9277
															},
															"Type":	"BlockType",
															"Skip":	false,
															"Material":	{
																"$Position":	{
																	"$x":	7013,
																	"$y":	9276
																},
																"Solid":	"Empty"
															}
														},
														"Floor":	{
															"$Position":	{
																"$x":	6299,
																"$y":	9487
															},
															"Type":	"BlockSet",
															"Skip":	false,
															"BlockSet":	{
																"$Position":	{
																	"$x":	6948,
																	"$y":	9503
																},
																"Inclusive":	true,
																"Materials":	[{
																		"$Position":	{
																			"$x":	7433,
																			"$y":	9494
																		},
																		"Solid":	"Rock_Quartzite"
																	}, {
																		"$Position":	{
																			"$x":	7436,
																			"$y":	9651
																		},
																		"Solid":	"Soil_Gravel"
																	}, {
																		"$Position":	{
																			"$x":	7431,
																			"$y":	9816
																		},
																		"Solid":	"Soil_Gravel_Sand"
																	}]
															}
														}
													}, {
														"$Position":	{
															"$x":	5673,
															"$y":	10173
														},
														"Type":	"Offset",
														"Skip":	false,
														"Pattern":	{
															"$Position":	{
																"$x":	6310,
																"$y":	10170
															},
															"Type":	"BlockSet",
															"Skip":	false,
															"BlockSet":	{
																"$Position":	{
																	"$x":	6959,
																	"$y":	10186
																},
																"Inclusive":	true,
																"Materials":	[{
																		"$Position":	{
																			"$x":	7444,
																			"$y":	10177
																		},
																		"Solid":	"Empty"
																	}]
															}
														},
														"Offset":	{
															"$Position":	{
																"$x":	6314,
																"$y":	10328
															},
															"X":	0,
															"Y":	10,
															"Z":	0
														}
													}, {
														"$Position":	{
															"$x":	5680,
															"$y":	10562
														},
														"Type":	"Offset",
														"Skip":	false,
														"Pattern":	{
															"$Position":	{
																"$x":	6317,
																"$y":	10559
															},
															"Type":	"BlockSet",
															"Skip":	false,
															"BlockSet":	{
																"$Position":	{
																	"$x":	6966,
																	"$y":	10575
																},
																"Inclusive":	true,
																"Materials":	[{
																		"$Position":	{
																			"$x":	7451,
																			"$y":	10566
																		},
																		"Solid":	"Empty"
																	}]
															}
														},
														"Offset":	{
															"$Position":	{
																"$x":	6321,
																"$y":	10717
															},
															"X":	0,
															"Y":	20,
															"Z":	0
														}
													}, {
														"$Position":	{
															"$x":	5640,
															"$y":	11193
														},
														"Type":	"Or",
														"Skip":	false,
														"Patterns":	[{
																"$Position":	{
																	"$x":	6328,
																	"$y":	10993
																},
																"Type":	"Offset",
																"Skip":	false,
																"Pattern":	{
																	"$Position":	{
																		"$x":	6965,
																		"$y":	10990
																	},
																	"Type":	"BlockSet",
																	"Skip":	false,
																	"BlockSet":	{
																		"$Position":	{
																			"$x":	7614,
																			"$y":	11006
																		},
																		"Inclusive":	false,
																		"Materials":	[{
																				"$Position":	{
																					"$x":	8099,
																					"$y":	10997
																				},
																				"Solid":	"Empty"
																			}]
																	}
																},
																"Offset":	{
																	"$Position":	{
																		"$x":	6969,
																		"$y":	11149
																	},
																	"X":	-3,
																	"Y":	2,
																	"Z":	-3
																}
															}, {
																"$Position":	{
																	"$x":	6328,
																	"$y":	11444
																},
																"Type":	"Offset",
																"Skip":	false,
																"Pattern":	{
																	"$Position":	{
																		"$x":	6965,
																		"$y":	11441
																	},
																	"Type":	"BlockSet",
																	"Skip":	false,
																	"BlockSet":	{
																		"$Position":	{
																			"$x":	7614,
																			"$y":	11457
																		},
																		"Inclusive":	false,
																		"Materials":	[{
																				"$Position":	{
																					"$x":	8099,
																					"$y":	11448
																				},
																				"Solid":	"Empty"
																			}]
																	}
																},
																"Offset":	{
																	"$Position":	{
																		"$x":	6969,
																		"$y":	11599
																	},
																	"X":	3,
																	"Y":	2,
																	"Z":	3
																}
															}]
													}, {
														"$Position":	{
															"$x":	5651,
															"$y":	11973
														},
														"Type":	"FieldFunction",
														"Skip":	false,
														"FieldFunction":	{
															"$Position":	{
																"$x":	6389,
																"$y":	11967
															},
															"Type":	"SimplexNoise3D",
															"Skip":	false,
															"Lacunarity":	2,
															"Persistence":	0.5,
															"Octaves":	1,
															"ScaleXZ":	40,
															"ScaleY":	40,
															"Seed":	"A"
														},
														"Delimiters":	[{
																"$Position":	{
																	"$x":	6400,
																	"$y":	12355
																},
																"Min":	0.25,
																"Max":	1
															}]
													}]
											}
										},
										"Scanner":	{
											"$Position":	{
												"$x":	4227,
												"$y":	9841
											},
											"Type":	"ColumnLinear",
											"Skip":	false,
											"MaxY":	100,
											"MinY":	-10,
											"RelativeToPosition":	false,
											"BaseHeightName":	"Base",
											"TopDownOrder":	false,
											"ResultCap":	1
										},
										"BlockMask":	{
											"$Position":	{
												"$x":	4221,
												"$y":	9448
											},
											"Import":	"Taiga1_Trees"
										},
										"MoldingDirection":	"None",
										"MoldingChildren":	false
									}]
							}
						}
					}, {
						"$Position":	{
							"$x":	1797,
							"$y":	13148
						},
						"Weight":	50,
						"Assignments":	{
							"$Position":	{
								"$x":	2285,
								"$y":	13136
							},
							"Type":	"Constant",
							"Prop":	{
								"$Position":	{
									"$x":	2910,
									"$y":	13114
								},
								"Type":	"Cluster",
								"Skip":	false,
								"Range":	10,
								"Seed":	"A",
								"DistanceCurve":	{
									"$Position":	{
										"$x":	3620,
										"$y":	13050
									},
									"Type":	"Manual",
									"Points":	[{
											"$Position":	{
												"$x":	4246,
												"$y":	12851
											},
											"In":	0,
											"Out":	1
										}, {
											"$Position":	{
												"$x":	4253,
												"$y":	13022
											},
											"In":	4,
											"Out":	0
										}]
								},
								"WeightedProps":	[{
										"$Position":	{
											"$x":	3599,
											"$y":	13207
										},
										"Weight":	1,
										"ColumnProp":	{
											"$Position":	{
												"$x":	4069,
												"$y":	13206
											},
											"Type":	"Column",
											"Skip":	false,
											"ColumnBlocks":	[{
													"$Position":	{
														"$x":	4768,
														"$y":	13189
													},
													"Y":	0,
													"Material":	{
														"$Position":	{
															"$x":	5192,
															"$y":	13190
														},
														"Solid":	"Plant_Flower_Hemlock"
													}
												}],
											"Directionality":	{
												"$Position":	{
													"$x":	4795,
													"$y":	13349
												},
												"Type":	"Static",
												"Rotation":	0,
												"Pattern":	{
													"$Position":	{
														"$x":	5422,
														"$y":	13354
													},
													"Type":	"Floor",
													"Skip":	false,
													"Origin":	{
														"$Position":	{
															"$x":	6057,
															"$y":	13262
														},
														"Type":	"BlockType",
														"Skip":	false,
														"Material":	{
															"$Position":	{
																"$x":	6759,
																"$y":	13261
															},
															"Solid":	"Empty"
														}
													},
													"Floor":	{
														"$Position":	{
															"$x":	6045,
															"$y":	13472
														},
														"Type":	"BlockSet",
														"Skip":	false,
														"BlockSet":	{
															"$Position":	{
																"$x":	6694,
																"$y":	13488
															},
															"Inclusive":	true,
															"Materials":	[{
																	"$Position":	{
																		"$x":	7179,
																		"$y":	13479
																	},
																	"Solid":	"Soil_Dirt"
																}]
														}
													}
												}
											},
											"Scanner":	{
												"$Position":	{
													"$x":	4812,
													"$y":	13511
												},
												"Type":	"ColumnLinear",
												"Skip":	false,
												"MaxY":	4,
												"MinY":	-4,
												"RelativeToPosition":	true,
												"BaseHeightName":	"Base",
												"TopDownOrder":	false,
												"ResultCap":	1
											}
										}
									}],
								"Pattern":	{
									"$Position":	{
										"$x":	3620,
										"$y":	13430
									},
									"Type":	"Imported",
									"Skip":	false,
									"Name":	"Taiga1_Mountains_Cliffs_Pattern"
								},
								"Scanner":	{
									"$Position":	{
										"$x":	3623,
										"$y":	13602
									},
									"Type":	"ColumnLinear",
									"Skip":	false,
									"MaxY":	100,
									"MinY":	-10,
									"RelativeToPosition":	false,
									"BaseHeightName":	"Base",
									"TopDownOrder":	false,
									"ResultCap":	1
								}
							}
						}
					}]
			}
		}, {
			"$Position":	{
				"$x":	527,
				"$y":	16444
			},
			"Max":	0.2,
			"Min":	-1,
			"Assignments":	{
				"$Position":	{
					"$x":	1024,
					"$y":	16444
				},
				"Type":	"Weighted",
				"SkipChance":	0,
				"Seed":	"A",
				"WeightedAssignments":	[{
						"$Position":	{
							"$x":	1766,
							"$y":	16460
						},
						"Weight":	60,
						"Assignments":	{
							"$Position":	{
								"$x":	2461,
								"$y":	16447
							},
							"Type":	"Constant",
							"Prop":	{
								"$Position":	{
									"$x":	3075,
									"$y":	16453
								},
								"Type":	"Union",
								"Skip":	false,
								"Props":	[{
										"$Position":	{
											"$x":	3805,
											"$y":	16459
										},
										"Type":	"Prefab",
										"Skip":	false,
										"WeightedPrefabPaths":	[{
												"$Position":	{
													"$x":	4583,
													"$y":	16439
												},
												"Path":	"Trees/Cedar/Stage_00/",
												"Weight":	20
											}],
										"LegacyPath":	false,
										"LoadEntities":	true,
										"Directionality":	{
											"$Position":	{
												"$x":	4566,
												"$y":	16825
											},
											"Type":	"Random",
											"Seed":	"A",
											"Pattern":	{
												"$Position":	{
													"$x":	5186,
													"$y":	16839
												},
												"Type":	"Imported",
												"Skip":	false,
												"Name":	"Taiga1_Mountains_Cliffs_Pattern"
											}
										},
										"Scanner":	{
											"$Position":	{
												"$x":	4568,
												"$y":	17008
											},
											"Type":	"ColumnLinear",
											"Skip":	false,
											"MaxY":	100,
											"MinY":	-10,
											"RelativeToPosition":	false,
											"BaseHeightName":	"Base",
											"TopDownOrder":	false,
											"ResultCap":	1
										},
										"BlockMask":	{
											"$Position":	{
												"$x":	4562,
												"$y":	16615
											},
											"Import":	"Taiga1_Trees"
										},
										"MoldingDirection":	"None",
										"MoldingChildren":	false
									}]
							}
						}
					}, {
						"$Position":	{
							"$x":	1915,
							"$y":	18408
						},
						"Weight":	40,
						"Assignments":	{
							"$Position":	{
								"$x":	2403,
								"$y":	18396
							},
							"Type":	"Constant",
							"Prop":	{
								"$Position":	{
									"$x":	3028,
									"$y":	18374
								},
								"Type":	"Cluster",
								"Skip":	false,
								"Range":	10,
								"Seed":	"A",
								"DistanceCurve":	{
									"$Position":	{
										"$x":	3738,
										"$y":	18310
									},
									"Type":	"Manual",
									"Points":	[{
											"$Position":	{
												"$x":	4364,
												"$y":	18111
											},
											"In":	0,
											"Out":	1
										}, {
											"$Position":	{
												"$x":	4371,
												"$y":	18282
											},
											"In":	3,
											"Out":	0
										}]
								},
								"WeightedProps":	[{
										"$Position":	{
											"$x":	3717,
											"$y":	18467
										},
										"Weight":	1,
										"ColumnProp":	{
											"$Position":	{
												"$x":	4187,
												"$y":	18466
											},
											"Type":	"Column",
											"Skip":	false,
											"ColumnBlocks":	[{
													"$Position":	{
														"$x":	4887,
														"$y":	18286
													},
													"Y":	1,
													"Material":	{
														"$Position":	{
															"$x":	5315,
															"$y":	18281
														},
														"Solid":	"Plant_Bush_Hanging"
													}
												}, {
													"$Position":	{
														"$x":	4886,
														"$y":	18449
													},
													"Y":	0,
													"Material":	{
														"$Position":	{
															"$x":	5310,
															"$y":	18450
														},
														"Solid":	"Plant_Bush_Hanging"
													}
												}],
											"Directionality":	{
												"$Position":	{
													"$x":	4913,
													"$y":	18609
												},
												"Type":	"Static",
												"Rotation":	0,
												"Pattern":	{
													"$Position":	{
														"$x":	5540,
														"$y":	18614
													},
													"Type":	"Floor",
													"Skip":	false,
													"Origin":	{
														"$Position":	{
															"$x":	6175,
															"$y":	18522
														},
														"Type":	"BlockType",
														"Skip":	false,
														"Material":	{
															"$Position":	{
																"$x":	6877,
																"$y":	18521
															},
															"Solid":	"Empty"
														}
													},
													"Floor":	{
														"$Position":	{
															"$x":	6163,
															"$y":	18732
														},
														"Type":	"BlockSet",
														"Skip":	false,
														"BlockSet":	{
															"$Position":	{
																"$x":	6812,
																"$y":	18748
															},
															"Inclusive":	true,
															"Materials":	[{
																	"$Position":	{
																		"$x":	7297,
																		"$y":	18739
																	},
																	"Solid":	"Rock_Quartzite"
																}, {
																	"$Position":	{
																		"$x":	7300,
																		"$y":	18896
																	},
																	"Solid":	"Soil_Gravel"
																}, {
																	"$Position":	{
																		"$x":	7295,
																		"$y":	19061
																	},
																	"Solid":	"Soil_Gravel_Sand"
																}]
														}
													}
												}
											},
											"Scanner":	{
												"$Position":	{
													"$x":	4930,
													"$y":	18771
												},
												"Type":	"ColumnLinear",
												"Skip":	false,
												"MaxY":	2,
												"MinY":	-2,
												"RelativeToPosition":	true,
												"BaseHeightName":	"Base",
												"TopDownOrder":	false,
												"ResultCap":	1
											}
										}
									}],
								"Pattern":	{
									"$Position":	{
										"$x":	3738,
										"$y":	18690
									},
									"Type":	"Imported",
									"Skip":	false,
									"Name":	"Taiga1_Mountains_Cliffs_Pattern"
								},
								"Scanner":	{
									"$Position":	{
										"$x":	3741,
										"$y":	18862
									},
									"Type":	"ColumnLinear",
									"Skip":	false,
									"MaxY":	100,
									"MinY":	-10,
									"RelativeToPosition":	false,
									"BaseHeightName":	"Base",
									"TopDownOrder":	false,
									"ResultCap":	1
								}
							}
						}
					}]
			}
		}],
	"$WorkspaceID":	"HytaleGenerator - Assignments",
	"$Groups":	[{
			"$Position":	{
				"$x":	356.75,
				"$y":	9120.6875
			},
			"$width":	8509.875,
			"$height":	3545.125,
			"$name":	"Aspen"
		}, {
			"$Position":	{
				"$x":	471.9375,
				"$y":	16333.875
			},
			"$width":	5433.6875,
			"$height":	1226,
			"$name":	"Cedar"
		}, {
			"$Position":	{
				"$x":	1833.4375,
				"$y":	18008.25
			},
			"$width":	6176.0625,
			"$height":	1381.5625,
			"$name":	"Bushes"
		}, {
			"$Position":	{
				"$x":	1715.25,
				"$y":	12748.25
			},
			"$width":	6176.0625,
			"$height":	1381.5625,
			"$name":	"Flowers"
		}]
}