{
	"$NodeId":	"FieldFunction.Assignments",
	"$Title":	"[ROOT] Weighted Assignments",
	"$Position":	{
		"$x":	7719,
		"$y":	-1793
	},
	"Type":	"FieldFunction",
	"ExportAs":	"Taiga1_Rivers_Grasses",
	"FieldFunction":	{
		"$NodeId":	"SimplexNoise2DDensityNode",
		"$Position":	{
			"$x":	8407,
			"$y":	-1817
		},
		"Type":	"SimplexNoise2D",
		"Skip":	false,
		"Lacunarity":	2,
		"Persistence":	0.5,
		"Octaves":	1,
		"Scale":	30,
		"Seed":	"21356"
	},
	"Delimiters":	[{
			"$NodeId":	"Delimiter.FieldFunction.Assignments",
			"$Position":	{
				"$x":	8454,
				"$y":	-193
			},
			"Max":	0.2,
			"Min":	-0.5,
			"Assignments":	{
				"$NodeId":	"Weighted.Assignments",
				"$Position":	{
					"$x":	8949,
					"$y":	-195
				},
				"Type":	"Weighted",
				"SkipChance":	0.5,
				"Seed":	"A",
				"WeightedAssignments":	[{
						"$NodeId":	"Weight.Weighted.Assignments",
						"$Position":	{
							"$x":	9701,
							"$y":	-191
						},
						"Weight":	1,
						"Assignments":	{
							"$NodeId":	"Constant.Assignments",
							"$Position":	{
								"$x":	10184,
								"$y":	-190
							},
							"Type":	"Constant",
							"Prop":	{
								"$NodeId":	"Union.Prop",
								"$Position":	{
									"$x":	10815,
									"$y":	-624
								},
								"Type":	"Union",
								"Skip":	false,
								"Props":	[{
										"$NodeId":	"Column.Prop",
										"$Position":	{
											"$x":	11674,
											"$y":	-1175
										},
										"Type":	"Column",
										"Skip":	false,
										"ColumnBlocks":	[{
												"$NodeId":	"Block.Column.Prop",
												"$Position":	{
													"$x":	12376,
													"$y":	-1181
												},
												"Y":	0,
												"Material":	{
													"$NodeId":	"Material",
													"$Position":	{
														"$x":	12785,
														"$y":	-1199
													},
													"Solid":	"Plant_Grass_Rocky"
												}
											}],
										"Directionality":	{
											"$NodeId":	"Static.Directionality",
											"$Position":	{
												"$x":	12402,
												"$y":	-1007
											},
											"Type":	"Static",
											"Rotation":	0,
											"Pattern":	{
												"$NodeId":	"Floor.Pattern",
												"$Position":	{
													"$x":	13011,
													"$y":	-1005
												},
												"Type":	"Floor",
												"Skip":	false,
												"Origin":	{
													"$NodeId":	"BlockType.Pattern",
													"$Position":	{
														"$x":	13629,
														"$y":	-997
													},
													"Type":	"BlockType",
													"Skip":	false,
													"Material":	{
														"$NodeId":	"Material",
														"$Position":	{
															"$x":	14248,
															"$y":	-991
														},
														"Solid":	"Empty"
													}
												},
												"Floor":	{
													"$NodeId":	"BlockSet.Pattern",
													"$Position":	{
														"$x":	13631,
														"$y":	-835
													},
													"Type":	"BlockSet",
													"Skip":	false,
													"BlockSet":	{
														"$NodeId":	"BlockSet.BlockMask",
														"$Position":	{
															"$x":	14264,
															"$y":	-794
														},
														"Inclusive":	true,
														"Materials":	[{
																"$NodeId":	"Material",
																"$Position":	{
																	"$x":	14736,
																	"$y":	-817
																},
																"Solid":	"Soil_Leaves"
															}]
													}
												}
											}
										},
										"Scanner":	{
											"$NodeId":	"ColumnLinear.Scanner",
											"$Position":	{
												"$x":	12381,
												"$y":	-832
											},
											"Type":	"ColumnLinear",
											"Skip":	false,
											"MaxY":	22,
											"MinY":	0,
											"RelativeToPosition":	false,
											"BaseHeightName":	"Water",
											"TopDownOrder":	false,
											"ResultCap":	1
										}
									}, {
										"$NodeId":	"Column.Prop",
										"$Position":	{
											"$x":	11649,
											"$y":	-218
										},
										"Type":	"Column",
										"Skip":	false,
										"ColumnBlocks":	[{
												"$NodeId":	"Block.Column.Prop",
												"$Position":	{
													"$x":	12351,
													"$y":	-224
												},
												"Y":	0,
												"Material":	{
													"$NodeId":	"Material",
													"$Position":	{
														"$x":	12760,
														"$y":	-242
													},
													"Solid":	"Plant_Grass_Sharp_Tall"
												}
											}],
										"Directionality":	{
											"$NodeId":	"Static.Directionality",
											"$Position":	{
												"$x":	12377,
												"$y":	-50
											},
											"Type":	"Static",
											"Rotation":	0,
											"Pattern":	{
												"$NodeId":	"Floor.Pattern",
												"$Position":	{
													"$x":	12986,
													"$y":	-48
												},
												"Type":	"Floor",
												"Skip":	false,
												"Origin":	{
													"$NodeId":	"BlockType.Pattern",
													"$Position":	{
														"$x":	13604,
														"$y":	-40
													},
													"Type":	"BlockType",
													"Skip":	false,
													"Material":	{
														"$NodeId":	"Material",
														"$Position":	{
															"$x":	14223,
															"$y":	-34
														},
														"Solid":	"Empty"
													}
												},
												"Floor":	{
													"$NodeId":	"BlockSet.Pattern",
													"$Position":	{
														"$x":	13606,
														"$y":	122
													},
													"Type":	"BlockSet",
													"Skip":	false,
													"BlockSet":	{
														"$NodeId":	"BlockSet.BlockMask",
														"$Position":	{
															"$x":	14239,
															"$y":	163
														},
														"Inclusive":	true,
														"Materials":	[{
																"$NodeId":	"Material",
																"$Position":	{
																	"$x":	14711,
																	"$y":	140
																},
																"Solid":	"Soil_Grass"
															}]
													}
												}
											}
										},
										"Scanner":	{
											"$NodeId":	"ColumnLinear.Scanner",
											"$Position":	{
												"$x":	12356,
												"$y":	125
											},
											"Type":	"ColumnLinear",
											"Skip":	false,
											"MaxY":	22,
											"MinY":	0,
											"RelativeToPosition":	false,
											"BaseHeightName":	"Water",
											"TopDownOrder":	false,
											"ResultCap":	1
										}
									}]
							}
						}
					}]
			}
		}, {
			"$NodeId":	"Delimiter.FieldFunction.Assignments",
			"$Position":	{
				"$x":	8504,
				"$y":	844
			},
			"Max":	1,
			"Min":	0.2,
			"Assignments":	{
				"$NodeId":	"Weighted.Assignments",
				"$Position":	{
					"$x":	8996,
					"$y":	846
				},
				"Type":	"Weighted",
				"SkipChance":	0.1,
				"Seed":	"A",
				"WeightedAssignments":	[{
						"$NodeId":	"Weight.Weighted.Assignments",
						"$Position":	{
							"$x":	9715,
							"$y":	838
						},
						"Weight":	60,
						"Assignments":	{
							"$NodeId":	"Constant.Assignments",
							"$Position":	{
								"$x":	10226,
								"$y":	821
							},
							"Type":	"Constant",
							"Prop":	{
								"$NodeId":	"Column.Prop",
								"$Position":	{
									"$x":	10877,
									"$y":	803
								},
								"Type":	"Column",
								"Skip":	false,
								"ColumnBlocks":	[{
										"$NodeId":	"Block.Column.Prop",
										"$Position":	{
											"$x":	11579,
											"$y":	797
										},
										"Y":	0,
										"Material":	{
											"$NodeId":	"Material",
											"$Position":	{
												"$x":	12154,
												"$y":	748
											},
											"Solid":	"Plant_Grass_Sharp_Tall"
										}
									}],
								"Directionality":	{
									"$NodeId":	"Static.Directionality",
									"$Position":	{
										"$x":	11566,
										"$y":	956
									},
									"Type":	"Static",
									"Rotation":	0,
									"Pattern":	{
										"$NodeId":	"Floor.Pattern",
										"$Position":	{
											"$x":	12191,
											"$y":	958
										},
										"Type":	"Floor",
										"Skip":	false,
										"Origin":	{
											"$NodeId":	"BlockType.Pattern",
											"$Position":	{
												"$x":	12809,
												"$y":	966
											},
											"Type":	"BlockType",
											"Skip":	false,
											"Material":	{
												"$NodeId":	"Material",
												"$Position":	{
													"$x":	13428,
													"$y":	972
												},
												"Solid":	"Empty"
											}
										},
										"Floor":	{
											"$NodeId":	"BlockSet.Pattern",
											"$Position":	{
												"$x":	12811,
												"$y":	1129
											},
											"Type":	"BlockSet",
											"Skip":	false,
											"BlockSet":	{
												"$NodeId":	"BlockSet.BlockMask",
												"$Position":	{
													"$x":	13444,
													"$y":	1170
												},
												"Inclusive":	true,
												"Materials":	[{
														"$NodeId":	"Material",
														"$Position":	{
															"$x":	13916,
															"$y":	1147
														},
														"Solid":	"Soil_Grass"
													}]
											}
										}
									}
								},
								"Scanner":	{
									"$NodeId":	"ColumnLinear.Scanner",
									"$Position":	{
										"$x":	11584,
										"$y":	1148
									},
									"Type":	"ColumnLinear",
									"Skip":	false,
									"MaxY":	22,
									"MinY":	0,
									"RelativeToPosition":	false,
									"BaseHeightName":	"Water",
									"TopDownOrder":	false,
									"ResultCap":	1
								}
							}
						}
					}, {
						"$NodeId":	"Weight.Weighted.Assignments",
						"$Position":	{
							"$x":	9765,
							"$y":	1643
						},
						"Weight":	40,
						"Assignments":	{
							"$NodeId":	"Constant.Assignments",
							"$Position":	{
								"$x":	10276,
								"$y":	1626
							},
							"Type":	"Constant",
							"Prop":	{
								"$NodeId":	"Column.Prop",
								"$Position":	{
									"$x":	10927,
									"$y":	1608
								},
								"Type":	"Column",
								"Skip":	false,
								"ColumnBlocks":	[{
										"$NodeId":	"Block.Column.Prop",
										"$Position":	{
											"$x":	11629,
											"$y":	1602
										},
										"Y":	0,
										"Material":	{
											"$NodeId":	"Material",
											"$Position":	{
												"$x":	12247,
												"$y":	1515
											},
											"Solid":	"Plant_Grass_Sharp_Wild"
										}
									}],
								"Directionality":	{
									"$NodeId":	"Static.Directionality",
									"$Position":	{
										"$x":	11616,
										"$y":	1761
									},
									"Type":	"Static",
									"Rotation":	0,
									"Pattern":	{
										"$NodeId":	"Floor.Pattern",
										"$Position":	{
											"$x":	12239,
											"$y":	1764
										},
										"Type":	"Floor",
										"Skip":	false,
										"Origin":	{
											"$NodeId":	"BlockType.Pattern",
											"$Position":	{
												"$x":	12857,
												"$y":	1772
											},
											"Type":	"BlockType",
											"Skip":	false,
											"Material":	{
												"$NodeId":	"Material",
												"$Position":	{
													"$x":	13476,
													"$y":	1778
												},
												"Solid":	"Empty"
											}
										},
										"Floor":	{
											"$NodeId":	"BlockSet.Pattern",
											"$Position":	{
												"$x":	12859,
												"$y":	1935
											},
											"Type":	"BlockSet",
											"Skip":	false,
											"BlockSet":	{
												"$NodeId":	"BlockSet.BlockMask",
												"$Position":	{
													"$x":	13492,
													"$y":	1976
												},
												"Inclusive":	true,
												"Materials":	[{
														"$NodeId":	"Material",
														"$Position":	{
															"$x":	13964,
															"$y":	1953
														},
														"Solid":	"Soil_Grass"
													}]
											}
										}
									}
								},
								"Scanner":	{
									"$NodeId":	"ColumnLinear.Scanner",
									"$Position":	{
										"$x":	11634,
										"$y":	1953
									},
									"Type":	"ColumnLinear",
									"Skip":	false,
									"MaxY":	22,
									"MinY":	0,
									"RelativeToPosition":	false,
									"BaseHeightName":	"Water",
									"TopDownOrder":	false,
									"ResultCap":	1
								}
							}
						}
					}]
			}
		}],
	"$WorkspaceID":	"HytaleGenerator - Assignments",
	"$Groups":	[],
	"$Comments":	[]
}