{
	"$Title":	"[ROOT] FieldFunction Assignments",
	"$Position":	{
		"$x":	868,
		"$y":	12899
	},
	"Type":	"FieldFunction",
	"ExportAs":	"Taiga1_Redwood_Trees",
	"FieldFunction":	{
		"$Position":	{
			"$x":	1656,
			"$y":	12789
		},
		"Type":	"SimplexNoise2D",
		"Skip":	false,
		"Lacunarity":	6,
		"Persistence":	0.3,
		"Octaves":	2,
		"Scale":	75,
		"Seed":	"A"
	},
	"Delimiters":	[{
			"$Position":	{
				"$x":	1662,
				"$y":	10711
			},
			"Max":	0,
			"Min":	-1,
			"Assignments":	{
				"$Position":	{
					"$x":	2155,
					"$y":	10709
				},
				"Type":	"Constant",
				"Prop":	{
					"$Position":	{
						"$x":	2849,
						"$y":	10695
					},
					"Type":	"Prefab",
					"Skip":	false,
					"WeightedPrefabPaths":	[{
							"$Position":	{
								"$x":	3688,
								"$y":	10511
							},
							"Path":	"Trees/Redwood/Stage_1/",
							"Weight":	20
						}, {
							"$Position":	{
								"$x":	3687,
								"$y":	10679
							},
							"Path":	"Trees/Cedar/Stage_1/",
							"Weight":	80
						}],
					"LegacyPath":	false,
					"LoadEntities":	true,
					"Directionality":	{
						"$Position":	{
							"$x":	3693,
							"$y":	11053
						},
						"Type":	"Random",
						"Seed":	"A",
						"Pattern":	{
							"$Position":	{
								"$x":	4409,
								"$y":	11072
							},
							"Type":	"And",
							"Skip":	false,
							"Patterns":	[{
									"$Position":	{
										"$x":	5144,
										"$y":	11091
									},
									"Type":	"Floor",
									"Skip":	false,
									"Origin":	{
										"$Position":	{
											"$x":	5779,
											"$y":	10999
										},
										"Type":	"BlockType",
										"Skip":	false,
										"Material":	{
											"$Position":	{
												"$x":	6481,
												"$y":	10998
											},
											"Solid":	"Empty"
										}
									},
									"Floor":	{
										"$Position":	{
											"$x":	5767,
											"$y":	11209
										},
										"Type":	"BlockSet",
										"Skip":	false,
										"BlockSet":	{
											"$Position":	{
												"$x":	6416,
												"$y":	11225
											},
											"Inclusive":	true,
											"Materials":	[{
													"$Position":	{
														"$x":	6901,
														"$y":	11216
													},
													"Solid":	"Soil_Needles"
												}, {
													"$Position":	{
														"$x":	6904,
														"$y":	11373
													},
													"Solid":	"Soil_Grass"
												}, {
													"$Position":	{
														"$x":	6899,
														"$y":	11538
													},
													"Solid":	"Soil_Leaves"
												}, {
													"$Position":	{
														"$x":	6911,
														"$y":	11697
													},
													"Solid":	"Soil_Pathway"
												}]
										}
									}
								}]
						}
					},
					"Scanner":	{
						"$Position":	{
							"$x":	3688,
							"$y":	11238
						},
						"Type":	"ColumnLinear",
						"Skip":	false,
						"MaxY":	70,
						"MinY":	0,
						"RelativeToPosition":	false,
						"BaseHeightName":	"Base",
						"TopDownOrder":	true,
						"ResultCap":	1
					},
					"BlockMask":	{
						"$Position":	{
							"$x":	3689,
							"$y":	10843
						},
						"Import":	"Taiga1_Trees"
					},
					"MoldingDirection":	"None",
					"MoldingChildren":	false
				}
			}
		}, {
			"$Position":	{
				"$x":	1659,
				"$y":	13266
			},
			"Max":	1,
			"Min":	0,
			"Assignments":	{
				"$Position":	{
					"$x":	2136,
					"$y":	13264
				},
				"Type":	"Constant",
				"Prop":	{
					"$Position":	{
						"$x":	2731,
						"$y":	13263
					},
					"Type":	"Union",
					"Skip":	false,
					"Props":	[{
							"$Position":	{
								"$x":	3544,
								"$y":	12421
							},
							"Type":	"Prefab",
							"Skip":	false,
							"WeightedPrefabPaths":	[{
									"$Position":	{
										"$x":	4334,
										"$y":	12159
									},
									"Path":	"Trees/Redwood/Stage_2/",
									"Weight":	80
								}, {
									"$Position":	{
										"$x":	4330,
										"$y":	12320
									},
									"Path":	"Trees/Redwood/Stage_3/",
									"Weight":	20
								}],
							"LegacyPath":	false,
							"LoadEntities":	true,
							"Directionality":	{
								"$Position":	{
									"$x":	4336,
									"$y":	12694
								},
								"Type":	"Random",
								"Seed":	"A",
								"Pattern":	{
									"$Position":	{
										"$x":	5052,
										"$y":	12713
									},
									"Type":	"And",
									"Skip":	false,
									"Patterns":	[{
											"$Position":	{
												"$x":	5787,
												"$y":	12732
											},
											"Type":	"Floor",
											"Skip":	false,
											"Origin":	{
												"$Position":	{
													"$x":	6422,
													"$y":	12640
												},
												"Type":	"BlockType",
												"Skip":	false,
												"Material":	{
													"$Position":	{
														"$x":	7124,
														"$y":	12639
													},
													"Solid":	"Empty"
												}
											},
											"Floor":	{
												"$Position":	{
													"$x":	6410,
													"$y":	12850
												},
												"Type":	"BlockSet",
												"Skip":	false,
												"BlockSet":	{
													"$Position":	{
														"$x":	7059,
														"$y":	12866
													},
													"Inclusive":	true,
													"Materials":	[{
															"$Position":	{
																"$x":	7544,
																"$y":	12857
															},
															"Solid":	"Soil_Needles"
														}, {
															"$Position":	{
																"$x":	7547,
																"$y":	13014
															},
															"Solid":	"Soil_Grass"
														}, {
															"$Position":	{
																"$x":	7542,
																"$y":	13179
															},
															"Solid":	"Soil_Leaves"
														}, {
															"$Position":	{
																"$x":	7551,
																"$y":	13333
															},
															"Solid":	"Soil_Pathway"
														}]
												}
											}
										}]
								}
							},
							"Scanner":	{
								"$Position":	{
									"$x":	4331,
									"$y":	12879
								},
								"Type":	"ColumnLinear",
								"Skip":	false,
								"MaxY":	70,
								"MinY":	0,
								"RelativeToPosition":	false,
								"BaseHeightName":	"Base",
								"TopDownOrder":	true,
								"ResultCap":	1
							},
							"BlockMask":	{
								"$Position":	{
									"$x":	4332,
									"$y":	12484
								},
								"Import":	"Taiga1_Trees"
							},
							"MoldingDirection":	"None",
							"MoldingChildren":	false
						}, {
							"$Position":	{
								"$x":	3518,
								"$y":	14055
							},
							"Type":	"Cluster",
							"Skip":	false,
							"Range":	10,
							"Seed":	"A",
							"DistanceCurve":	{
								"$Position":	{
									"$x":	4215,
									"$y":	14029
								},
								"Type":	"Manual",
								"Points":	[{
										"$Position":	{
											"$x":	4860,
											"$y":	13888
										},
										"In":	2,
										"Out":	0.1
									}, {
										"$Position":	{
											"$x":	4843,
											"$y":	14038
										},
										"In":	5,
										"Out":	0
									}]
							},
							"WeightedProps":	[{
									"$Position":	{
										"$x":	4261,
										"$y":	14232
									},
									"Weight":	1,
									"ColumnProp":	{
										"$Position":	{
											"$x":	4831,
											"$y":	14199
										},
										"Type":	"Column",
										"Skip":	false,
										"ColumnBlocks":	[{
												"$Position":	{
													"$x":	5546,
													"$y":	14211
												},
												"Y":	0,
												"Material":	{
													"$Position":	{
														"$x":	5966,
														"$y":	14182
													},
													"Solid":	"Wood_Sticks"
												}
											}],
										"Directionality":	{
											"$Position":	{
												"$x":	5545,
												"$y":	14359
											},
											"Type":	"Static",
											"Rotation":	0,
											"Pattern":	{
												"$Position":	{
													"$x":	6185,
													"$y":	14356
												},
												"Type":	"Floor",
												"Skip":	false,
												"Origin":	{
													"$Position":	{
														"$x":	6820,
														"$y":	14264
													},
													"Type":	"BlockType",
													"Skip":	false,
													"Material":	{
														"$Position":	{
															"$x":	7522,
															"$y":	14263
														},
														"Solid":	"Empty"
													}
												},
												"Floor":	{
													"$Position":	{
														"$x":	6808,
														"$y":	14474
													},
													"Type":	"BlockSet",
													"Skip":	false,
													"BlockSet":	{
														"$Position":	{
															"$x":	7481,
															"$y":	14487
														},
														"Inclusive":	true,
														"Materials":	[{
																"$Position":	{
																	"$x":	7966,
																	"$y":	14478
																},
																"Solid":	"Soil_Needles"
															}, {
																"$Position":	{
																	"$x":	7969,
																	"$y":	14635
																},
																"Solid":	"Soil_Grass"
															}, {
																"$Position":	{
																	"$x":	7964,
																	"$y":	14800
																},
																"Solid":	"Soil_Leaves"
															}, {
																"$Position":	{
																	"$x":	7978,
																	"$y":	14959
																},
																"Solid":	"Soil_Pathway"
															}]
													}
												}
											}
										},
										"Scanner":	{
											"$Position":	{
												"$x":	5549,
												"$y":	14501
											},
											"Type":	"ColumnLinear",
											"Skip":	false,
											"MaxY":	5,
											"MinY":	-5,
											"RelativeToPosition":	true,
											"BaseHeightName":	"Base",
											"TopDownOrder":	true,
											"ResultCap":	1
										}
									}
								}],
							"Pattern":	{
								"$Position":	{
									"$x":	4856,
									"$y":	15018
								},
								"Type":	"Floor",
								"Skip":	false,
								"Origin":	{
									"$Position":	{
										"$x":	5491,
										"$y":	14926
									},
									"Type":	"BlockType",
									"Skip":	false,
									"Material":	{
										"$Position":	{
											"$x":	6193,
											"$y":	14925
										},
										"Solid":	"Empty"
									}
								},
								"Floor":	{
									"$Position":	{
										"$x":	5479,
										"$y":	15136
									},
									"Type":	"BlockSet",
									"Skip":	false,
									"BlockSet":	{
										"$Position":	{
											"$x":	6152,
											"$y":	15149
										},
										"Inclusive":	true,
										"Materials":	[{
												"$Position":	{
													"$x":	6637,
													"$y":	15140
												},
												"Solid":	"Soil_Needles"
											}, {
												"$Position":	{
													"$x":	6640,
													"$y":	15297
												},
												"Solid":	"Soil_Grass"
											}, {
												"$Position":	{
													"$x":	6635,
													"$y":	15462
												},
												"Solid":	"Soil_Leaves"
											}, {
												"$Position":	{
													"$x":	6637,
													"$y":	15621
												},
												"Solid":	"Soil_Pathway"
											}]
									}
								}
							},
							"Scanner":	{
								"$Position":	{
									"$x":	4240,
									"$y":	14672
								},
								"Type":	"ColumnLinear",
								"Skip":	false,
								"MaxY":	70,
								"MinY":	0,
								"RelativeToPosition":	false,
								"BaseHeightName":	"Base",
								"TopDownOrder":	true,
								"ResultCap":	1
							}
						}, {
							"$Position":	{
								"$x":	3547,
								"$y":	16096
							},
							"Type":	"Cluster",
							"Skip":	false,
							"Range":	10,
							"Seed":	"A",
							"DistanceCurve":	{
								"$Position":	{
									"$x":	4244,
									"$y":	16070
								},
								"Type":	"Manual",
								"Points":	[{
										"$Position":	{
											"$x":	4889,
											"$y":	15929
										},
										"In":	2,
										"Out":	0.02
									}, {
										"$Position":	{
											"$x":	4872,
											"$y":	16079
										},
										"In":	3,
										"Out":	0
									}]
							},
							"WeightedProps":	[{
									"$Position":	{
										"$x":	4290,
										"$y":	16273
									},
									"Weight":	1,
									"ColumnProp":	{
										"$Position":	{
											"$x":	4860,
											"$y":	16240
										},
										"Type":	"Column",
										"Skip":	false,
										"ColumnBlocks":	[{
												"$Position":	{
													"$x":	5575,
													"$y":	16252
												},
												"Y":	0,
												"Material":	{
													"$Position":	{
														"$x":	5995,
														"$y":	16224
													},
													"Solid":	"Plant_Crop_Stamina2"
												}
											}],
										"Directionality":	{
											"$Position":	{
												"$x":	5574,
												"$y":	16400
											},
											"Type":	"Static",
											"Rotation":	0,
											"Pattern":	{
												"$Position":	{
													"$x":	6195,
													"$y":	16413
												},
												"Type":	"Floor",
												"Skip":	false,
												"Origin":	{
													"$Position":	{
														"$x":	6830,
														"$y":	16321
													},
													"Type":	"BlockType",
													"Skip":	false,
													"Material":	{
														"$Position":	{
															"$x":	7532,
															"$y":	16320
														},
														"Solid":	"Empty"
													}
												},
												"Floor":	{
													"$Position":	{
														"$x":	6818,
														"$y":	16531
													},
													"Type":	"BlockSet",
													"Skip":	false,
													"BlockSet":	{
														"$Position":	{
															"$x":	7491,
															"$y":	16544
														},
														"Inclusive":	true,
														"Materials":	[{
																"$Position":	{
																	"$x":	7976,
																	"$y":	16535
																},
																"Solid":	"Soil_Needles"
															}, {
																"$Position":	{
																	"$x":	7979,
																	"$y":	16692
																},
																"Solid":	"Soil_Grass"
															}, {
																"$Position":	{
																	"$x":	7983,
																	"$y":	16867
																},
																"Solid":	"Soil_Leaves"
															}, {
																"$Position":	{
																	"$x":	7980,
																	"$y":	17031
																},
																"Solid":	"Soil_Pathway"
															}]
													}
												}
											}
										},
										"Scanner":	{
											"$Position":	{
												"$x":	5578,
												"$y":	16542
											},
											"Type":	"ColumnLinear",
											"Skip":	false,
											"MaxY":	5,
											"MinY":	-5,
											"RelativeToPosition":	true,
											"BaseHeightName":	"Base",
											"TopDownOrder":	true,
											"ResultCap":	1
										}
									}
								}],
							"Pattern":	{
								"$Position":	{
									"$x":	4896,
									"$y":	17090
								},
								"Type":	"Floor",
								"Skip":	false,
								"Origin":	{
									"$Position":	{
										"$x":	5531,
										"$y":	16998
									},
									"Type":	"BlockType",
									"Skip":	false,
									"Material":	{
										"$Position":	{
											"$x":	6233,
											"$y":	16997
										},
										"Solid":	"Empty"
									}
								},
								"Floor":	{
									"$Position":	{
										"$x":	5519,
										"$y":	17208
									},
									"Type":	"BlockSet",
									"Skip":	false,
									"BlockSet":	{
										"$Position":	{
											"$x":	6192,
											"$y":	17221
										},
										"Inclusive":	true,
										"Materials":	[{
												"$Position":	{
													"$x":	6677,
													"$y":	17212
												},
												"Solid":	"Soil_Needles"
											}, {
												"$Position":	{
													"$x":	6680,
													"$y":	17369
												},
												"Solid":	"Soil_Grass"
											}, {
												"$Position":	{
													"$x":	6675,
													"$y":	17534
												},
												"Solid":	"Soil_Leaves"
											}, {
												"$Position":	{
													"$x":	6674,
													"$y":	17688
												},
												"Solid":	"Soil_Pathway"
											}]
									}
								}
							},
							"Scanner":	{
								"$Position":	{
									"$x":	4269,
									"$y":	16713
								},
								"Type":	"ColumnLinear",
								"Skip":	false,
								"MaxY":	70,
								"MinY":	0,
								"RelativeToPosition":	false,
								"BaseHeightName":	"Base",
								"TopDownOrder":	true,
								"ResultCap":	1
							}
						}]
				}
			}
		}],
	"$WorkspaceID":	"HytaleGenerator - Assignments",
	"$Groups":	[{
			"$Position":	{
				"$x":	3408.4375,
				"$y":	11979.125
			},
			"$width":	4865.1875,
			"$height":	1684.875,
			"$name":	"Redwood"
		}, {
			"$Position":	{
				"$x":	3418.3125,
				"$y":	13718
			},
			"$width":	5319.5625,
			"$height":	2108.625,
			"$name":	"Sticks"
		}, {
			"$Position":	{
				"$x":	3437.5,
				"$y":	15855
			},
			"$width":	5295.4375,
			"$height":	2101.875,
			"$name":	"Mushrooms"
		}, {
			"$Position":	{
				"$x":	1507.3125,
				"$y":	10495.375
			},
			"$width":	6123.6875,
			"$height":	1385.625,
			"$name":	"Cedar"
		}]
}