{
	"$Title":	"[ROOT] FieldFunction Assignments",
	"$Position":	{
		"$x":	3013,
		"$y":	3312
	},
	"Type":	"FieldFunction",
	"ExportAs":	"Taiga1_Rivers_Cedar_Gravel",
	"FieldFunction":	{
		"$Position":	{
			"$x":	3746,
			"$y":	2988
		},
		"Type":	"SimplexNoise2D",
		"Skip":	false,
		"Lacunarity":	2,
		"Persistence":	0.5,
		"Octaves":	1,
		"Scale":	75,
		"Seed":	"A"
	},
	"Delimiters":	[{
			"$Position":	{
				"$x":	3749,
				"$y":	3345
			},
			"Max":	1,
			"Min":	-0.3,
			"Assignments":	{
				"$Position":	{
					"$x":	4267,
					"$y":	3336
				},
				"Type":	"Constant",
				"Prop":	{
					"$Position":	{
						"$x":	4888,
						"$y":	3331
					},
					"Type":	"Union",
					"Skip":	false,
					"Props":	[{
							"$Position":	{
								"$x":	5621,
								"$y":	2842
							},
							"Type":	"Prefab",
							"Skip":	false,
							"WeightedPrefabPaths":	[{
									"$Position":	{
										"$x":	6426,
										"$y":	2553
									},
									"Path":	"Trees/Cedar/Stage_00/",
									"Weight":	80
								}, {
									"$Position":	{
										"$x":	6407,
										"$y":	2735
									},
									"Path":	"Trees/Cedar/Stage_0/",
									"Weight":	20
								}],
							"LegacyPath":	false,
							"LoadEntities":	true,
							"Directionality":	{
								"$Position":	{
									"$x":	6413,
									"$y":	3115
								},
								"Type":	"Random",
								"Seed":	"A",
								"Pattern":	{
									"$Position":	{
										"$x":	7073,
										"$y":	3113
									},
									"Type":	"And",
									"Skip":	false,
									"Patterns":	[{
											"$Position":	{
												"$x":	7727,
												"$y":	2602
											},
											"Type":	"Offset",
											"Skip":	false,
											"Pattern":	{
												"$Position":	{
													"$x":	8348,
													"$y":	2530
												},
												"Type":	"BlockType",
												"Skip":	false,
												"Material":	{
													"$Position":	{
														"$x":	9050,
														"$y":	2529
													},
													"Solid":	"Empty"
												}
											},
											"Offset":	{
												"$Position":	{
													"$x":	8340,
													"$y":	2688
												},
												"X":	0,
												"Y":	5,
												"Z":	0
											}
										}, {
											"$Position":	{
												"$x":	7758,
												"$y":	3123
											},
											"Type":	"Floor",
											"Skip":	false,
											"Origin":	{
												"$Position":	{
													"$x":	8393,
													"$y":	3031
												},
												"Type":	"BlockType",
												"Skip":	false,
												"Material":	{
													"$Position":	{
														"$x":	9095,
														"$y":	3030
													},
													"Solid":	"Empty"
												}
											},
											"Floor":	{
												"$Position":	{
													"$x":	8381,
													"$y":	3241
												},
												"Type":	"BlockSet",
												"Skip":	false,
												"BlockSet":	{
													"$Position":	{
														"$x":	9054,
														"$y":	3254
													},
													"Inclusive":	true,
													"Materials":	[{
															"$Position":	{
																"$x":	9539,
																"$y":	3245
															},
															"Solid":	"Soil_Gravel"
														}, {
															"$Position":	{
																"$x":	9542,
																"$y":	3402
															},
															"Solid":	"Soil_Gravel_Sand"
														}]
												}
											}
										}]
								}
							},
							"Scanner":	{
								"$Position":	{
									"$x":	6411,
									"$y":	3288
								},
								"Type":	"ColumnLinear",
								"Skip":	false,
								"MaxY":	20,
								"MinY":	0,
								"RelativeToPosition":	false,
								"BaseHeightName":	"Base",
								"TopDownOrder":	true,
								"ResultCap":	1
							},
							"BlockMask":	{
								"$Position":	{
									"$x":	6402,
									"$y":	2897
								},
								"Import":	"Taiga1_Trees"
							},
							"MoldingDirection":	"None",
							"MoldingChildren":	false
						}]
				}
			}
		}, {
			"$Position":	{
				"$x":	3871,
				"$y":	5110
			},
			"Max":	-0.3,
			"Min":	-1,
			"Assignments":	{
				"$Position":	{
					"$x":	4606,
					"$y":	5101
				},
				"Type":	"Weighted",
				"SkipChance":	0,
				"Seed":	"A",
				"WeightedAssignments":	[{
						"$Position":	{
							"$x":	5408,
							"$y":	5102
						},
						"Weight":	10,
						"Assignments":	{
							"$Position":	{
								"$x":	5895,
								"$y":	5102
							},
							"Type":	"Constant",
							"Prop":	{
								"$Position":	{
									"$x":	6682,
									"$y":	5094
								},
								"Type":	"Prefab",
								"Skip":	false,
								"WeightedPrefabPaths":	[{
										"$Position":	{
											"$x":	7481,
											"$y":	4989
										},
										"Path":	"Trees/Aspen/Stage_0/",
										"Weight":	15
									}],
								"LegacyPath":	false,
								"LoadEntities":	true,
								"Directionality":	{
									"$Position":	{
										"$x":	7474,
										"$y":	5367
									},
									"Type":	"Random",
									"Seed":	"A",
									"Pattern":	{
										"$Position":	{
											"$x":	8190,
											"$y":	5386
										},
										"Type":	"And",
										"Skip":	false,
										"Patterns":	[{
												"$Position":	{
													"$x":	8944,
													"$y":	4866
												},
												"Type":	"Offset",
												"Skip":	false,
												"Pattern":	{
													"$Position":	{
														"$x":	9565,
														"$y":	4794
													},
													"Type":	"BlockType",
													"Skip":	false,
													"Material":	{
														"$Position":	{
															"$x":	10267,
															"$y":	4793
														},
														"Solid":	"Empty"
													}
												},
												"Offset":	{
													"$Position":	{
														"$x":	9557,
														"$y":	4952
													},
													"X":	0,
													"Y":	5,
													"Z":	0
												}
											}, {
												"$Position":	{
													"$x":	8925,
													"$y":	5405
												},
												"Type":	"Floor",
												"Skip":	false,
												"Origin":	{
													"$Position":	{
														"$x":	9560,
														"$y":	5313
													},
													"Type":	"BlockType",
													"Skip":	false,
													"Material":	{
														"$Position":	{
															"$x":	10262,
															"$y":	5312
														},
														"Solid":	"Empty"
													}
												},
												"Floor":	{
													"$Position":	{
														"$x":	9548,
														"$y":	5523
													},
													"Type":	"BlockSet",
													"Skip":	false,
													"BlockSet":	{
														"$Position":	{
															"$x":	10227,
															"$y":	5527
														},
														"Inclusive":	true,
														"Materials":	[{
																"$Position":	{
																	"$x":	10712,
																	"$y":	5518
																},
																"Solid":	"Soil_Gravel"
															}, {
																"$Position":	{
																	"$x":	10715,
																	"$y":	5675
																},
																"Solid":	"Soil_Gravel_Sand"
															}]
													}
												}
											}]
									}
								},
								"Scanner":	{
									"$Position":	{
										"$x":	7486,
										"$y":	5711
									},
									"Type":	"ColumnLinear",
									"Skip":	false,
									"MaxY":	25,
									"MinY":	-10,
									"RelativeToPosition":	false,
									"BaseHeightName":	"Base",
									"TopDownOrder":	true,
									"ResultCap":	1
								},
								"BlockMask":	{
									"$Position":	{
										"$x":	7481,
										"$y":	5156
									},
									"Import":	"Taiga1_Trees"
								},
								"MoldingDirection":	"None",
								"MoldingChildren":	false
							}
						}
					}, {
						"$Position":	{
							"$x":	5396,
							"$y":	6669
						},
						"Weight":	90,
						"Assignments":	{
							"$Position":	{
								"$x":	5883,
								"$y":	6669
							},
							"Type":	"Constant",
							"Prop":	{
								"$Position":	{
									"$x":	6670,
									"$y":	6661
								},
								"Type":	"Prefab",
								"Skip":	false,
								"WeightedPrefabPaths":	[{
										"$Position":	{
											"$x":	7467,
											"$y":	6522
										},
										"Path":	"Trees/Fir/Stage_1/",
										"Weight":	20
									}],
								"LegacyPath":	false,
								"LoadEntities":	true,
								"Directionality":	{
									"$Position":	{
										"$x":	7462,
										"$y":	6934
									},
									"Type":	"Random",
									"Seed":	"A",
									"Pattern":	{
										"$Position":	{
											"$x":	8178,
											"$y":	6953
										},
										"Type":	"And",
										"Skip":	false,
										"Patterns":	[{
												"$Position":	{
													"$x":	8944,
													"$y":	6520
												},
												"Type":	"Offset",
												"Skip":	false,
												"Pattern":	{
													"$Position":	{
														"$x":	9565,
														"$y":	6448
													},
													"Type":	"BlockType",
													"Skip":	false,
													"Material":	{
														"$Position":	{
															"$x":	10267,
															"$y":	6447
														},
														"Solid":	"Empty"
													}
												},
												"Offset":	{
													"$Position":	{
														"$x":	9557,
														"$y":	6606
													},
													"X":	0,
													"Y":	5,
													"Z":	0
												}
											}, {
												"$Position":	{
													"$x":	8913,
													"$y":	6972
												},
												"Type":	"Floor",
												"Skip":	false,
												"Origin":	{
													"$Position":	{
														"$x":	9548,
														"$y":	6880
													},
													"Type":	"BlockType",
													"Skip":	false,
													"Material":	{
														"$Position":	{
															"$x":	10250,
															"$y":	6879
														},
														"Solid":	"Empty"
													}
												},
												"Floor":	{
													"$Position":	{
														"$x":	9536,
														"$y":	7090
													},
													"Type":	"BlockSet",
													"Skip":	false,
													"BlockSet":	{
														"$Position":	{
															"$x":	10187,
															"$y":	7079
														},
														"Inclusive":	true,
														"Materials":	[{
																"$Position":	{
																	"$x":	10672,
																	"$y":	7070
																},
																"Solid":	"Soil_Gravel"
															}, {
																"$Position":	{
																	"$x":	10675,
																	"$y":	7227
																},
																"Solid":	"Soil_Gravel_Sand"
															}]
													}
												}
											}]
									}
								},
								"Scanner":	{
									"$Position":	{
										"$x":	7474,
										"$y":	7278
									},
									"Type":	"ColumnLinear",
									"Skip":	false,
									"MaxY":	25,
									"MinY":	-10,
									"RelativeToPosition":	false,
									"BaseHeightName":	"Base",
									"TopDownOrder":	true,
									"ResultCap":	1
								},
								"BlockMask":	{
									"$Position":	{
										"$x":	7469,
										"$y":	6723
									},
									"Import":	"Taiga1_Trees"
								},
								"MoldingDirection":	"None",
								"MoldingChildren":	false
							}
						}
					}]
			}
		}],
	"$WorkspaceID":	"HytaleGenerator - Assignments",
	"$Groups":	[{
			"$Position":	{
				"$x":	2666.875,
				"$y":	1943.6875
			},
			"$width":	8173.3125,
			"$height":	2101.625,
			"$name":	"Cedar"
		}, {
			"$Position":	{
				"$x":	5319.6875,
				"$y":	6288
			},
			"$width":	6078.5625,
			"$height":	1436.25,
			"$name":	"Fir"
		}, {
			"$Position":	{
				"$x":	5332.6875,
				"$y":	4395
			},
			"$width":	6078.5625,
			"$height":	1762.0625,
			"$name":	"Aspen"
		}]
}
