{
	"$NodeId":	"Constant.Assignments-1589c261-9a6e-4afd-8de5-9b34c49192ea",
	"Type":	"Constant",
	"ExportAs":	"Taiga1_Rivers_Ruins",
	"Prop":	{
		"$NodeId":	"Prefab.Prop-53b26be0-48c6-46a2-83ad-38cd68685f9c",
		"Type":	"Prefab",
		"Skip":	false,
		"WeightedPrefabPaths":	[{
				"$NodeId":	"WeightedPath.Prefab.Prop-1e861b1e-5c37-45ab-886f-7c1ab081f216",
				"Path":	"Monuments/Incidental/Shale/Ruins/Normal/",
				"Weight":	100
			}],
		"LegacyPath":	false,
		"LoadEntities":	true,
		"Directionality":	{
			"$NodeId":	"Random.Directionality-58591443-659a-43f2-a031-900af13b76c8",
			"Type":	"Random",
			"Seed":	"A",
			"Pattern":	{
				"$NodeId":	"Floor.Pattern-72738da8-6701-464b-8109-c43996094ab2",
				"Type":	"Floor",
				"Skip":	false,
				"Origin":	{
					"$NodeId":	"BlockSet.Pattern-69d5cbfa-a0fd-4edc-881b-83fdf98ad3a1",
					"Type":	"BlockSet",
					"Skip":	false,
					"BlockSet":	{
						"$NodeId":	"BlockSet.BlockMask-c7dfcdac-dc51-4b30-872f-c5b01b5c85bc",
						"Inclusive":	true,
						"Materials":	[{
								"$NodeId":	"Material-e04b43ef-91bf-41cc-874f-53d3f57022f2",
								"Solid":	"Empty"
							}]
					}
				},
				"Floor":	{
					"$NodeId":	"BlockSet.Pattern-3f50cdcc-c584-48ef-b53a-f951f816231b",
					"Type":	"BlockSet",
					"Skip":	false,
					"BlockSet":	{
						"$NodeId":	"BlockSet.BlockMask-2ff364e6-b66a-4e2d-81c2-137f6a14d931",
						"Inclusive":	false,
						"Materials":	[{
								"$NodeId":	"Material-4eb8fcae-85ef-4ca3-a1e6-691354d41b12",
								"Solid":	"Empty"
							}, {
								"$NodeId":	"Material-bda28073-5f94-46e0-ad44-6facf0916922",
								"Fluid":	"Water_Source"
							}]
					}
				}
			}
		},
		"Scanner":	{
			"$NodeId":	"ColumnLinear.Scanner-a82b690a-f448-48fb-8ffd-927164f92870",
			"Type":	"ColumnLinear",
			"Skip":	false,
			"MaxY":	8,
			"MinY":	2,
			"RelativeToPosition":	false,
			"BaseHeightName":	"Water",
			"TopDownOrder":	false,
			"ResultCap":	1
		},
		"MoldingDirection":	"None",
		"MoldingChildren":	false
	},
	"$NodeEditorMetadata":	{
		"$Nodes":	{
			"Constant.Assignments-1589c261-9a6e-4afd-8de5-9b34c49192ea":	{
				"$Position":	{
					"$x":	2584,
					"$y":	12867
				},
				"$Title":	"[ROOT] Constant Assignments"
			},
			"Prefab.Prop-53b26be0-48c6-46a2-83ad-38cd68685f9c":	{
				"$Position":	{
					"$x":	3202,
					"$y":	12860
				}
			},
			"WeightedPath.Prefab.Prop-1e861b1e-5c37-45ab-886f-7c1ab081f216":	{
				"$Position":	{
					"$x":	3994,
					"$y":	12776
				}
			},
			"Random.Directionality-58591443-659a-43f2-a031-900af13b76c8":	{
				"$Position":	{
					"$x":	3988,
					"$y":	12985
				}
			},
			"Floor.Pattern-72738da8-6701-464b-8109-c43996094ab2":	{
				"$Position":	{
					"$x":	4599,
					"$y":	12981
				}
			},
			"BlockSet.Pattern-69d5cbfa-a0fd-4edc-881b-83fdf98ad3a1":	{
				"$Position":	{
					"$x":	5215,
					"$y":	12852
				}
			},
			"BlockSet.BlockMask-c7dfcdac-dc51-4b30-872f-c5b01b5c85bc":	{
				"$Position":	{
					"$x":	5832,
					"$y":	12852
				}
			},
			"Material-e04b43ef-91bf-41cc-874f-53d3f57022f2":	{
				"$Position":	{
					"$x":	6307,
					"$y":	12856
				}
			},
			"BlockSet.Pattern-3f50cdcc-c584-48ef-b53a-f951f816231b":	{
				"$Position":	{
					"$x":	5216,
					"$y":	13223
				}
			},
			"BlockSet.BlockMask-2ff364e6-b66a-4e2d-81c2-137f6a14d931":	{
				"$Position":	{
					"$x":	5842,
					"$y":	13225
				}
			},
			"Material-4eb8fcae-85ef-4ca3-a1e6-691354d41b12":	{
				"$Position":	{
					"$x":	6330,
					"$y":	13138
				}
			},
			"Material-bda28073-5f94-46e0-ad44-6facf0916922":	{
				"$Position":	{
					"$x":	6336,
					"$y":	13292
				}
			},
			"ColumnLinear.Scanner-a82b690a-f448-48fb-8ffd-927164f92870":	{
				"$Position":	{
					"$x":	3968,
					"$y":	13242
				}
			}
		},
		"$FloatingNodes":	[],
		"$Links":	{
		},
		"$Groups":	[],
		"$Comments":	[],
		"$WorkspaceID":	"HytaleGenerator - Assignments"
	}
}