{
	"$Title":	"[ROOT] Weighted Assignments",
	"$Position":	{
		"$x":	7691,
		"$y":	-678
	},
	"Type":	"FieldFunction",
	"ExportAs":	"Taiga1_Mountains_Rubble",
	"FieldFunction":	{
		"$Position":	{
			"$x":	8414,
			"$y":	-968
		},
		"Type":	"SimplexNoise2D",
		"Skip":	false,
		"Lacunarity":	2,
		"Persistence":	0.5,
		"Octaves":	1,
		"Scale":	10,
		"Seed":	"67"
	},
	"Delimiters":	[{
			"$Position":	{
				"$x":	8446,
				"$y":	-353
			},
			"Max":	2,
			"Min":	0,
			"Assignments":	{
				"$Position":	{
					"$x":	8954,
					"$y":	-348
				},
				"Type":	"Constant",
				"Prop":	{
					"$Position":	{
						"$x":	9566,
						"$y":	-349
					},
					"Type":	"Union",
					"Skip":	false,
					"Props":	[{
							"$Position":	{
								"$x":	10299,
								"$y":	-339
							},
							"Type":	"Cluster",
							"Skip":	false,
							"Range":	10,
							"Seed":	"A",
							"DistanceCurve":	{
								"$Position":	{
									"$x":	11045,
									"$y":	-621
								},
								"Type":	"Manual",
								"Points":	[{
										"$Position":	{
											"$x":	11653,
											"$y":	-621
										},
										"In":	2,
										"Out":	0.25
									}, {
										"$Position":	{
											"$x":	11652,
											"$y":	-448
										},
										"In":	3,
										"Out":	0
									}]
							},
							"WeightedProps":	[{
									"$Position":	{
										"$x":	11046,
										"$y":	-322
									},
									"Weight":	1,
									"ColumnProp":	{
										"$Position":	{
											"$x":	12832,
											"$y":	-510
										},
										"Type":	"Column",
										"Skip":	false,
										"ColumnBlocks":	[{
												"$Position":	{
													"$x":	13534,
													"$y":	-516
												},
												"Y":	0,
												"Material":	{
													"$Position":	{
														"$x":	14018,
														"$y":	-532
													},
													"Solid":	"Rubble_Stone"
												}
											}],
										"Directionality":	{
											"$Position":	{
												"$x":	13531,
												"$y":	-365
											},
											"Type":	"Static",
											"Rotation":	0,
											"Pattern":	{
												"$Position":	{
													"$x":	14151,
													"$y":	-358
												},
												"Type":	"Floor",
												"Skip":	false,
												"Origin":	{
													"$Position":	{
														"$x":	14799,
														"$y":	-526
													},
													"Type":	"BlockSet",
													"Skip":	false,
													"BlockSet":	{
														"$Position":	{
															"$x":	15431,
															"$y":	-521
														},
														"Inclusive":	true,
														"Materials":	[{
																"$Position":	{
																	"$x":	15932,
																	"$y":	-531
																},
																"Solid":	"Empty"
															}]
													}
												},
												"Floor":	{
													"$Position":	{
														"$x":	14800,
														"$y":	-147
													},
													"Type":	"BlockSet",
													"Skip":	false,
													"BlockSet":	{
														"$Position":	{
															"$x":	15439,
															"$y":	-137
														},
														"Inclusive":	true,
														"Materials":	[{
																"$Position":	{
																	"$x":	15927,
																	"$y":	-152
																},
																"Solid":	"Soil_Gravel"
															}, {
																"$Position":	{
																	"$x":	15932,
																	"$y":	2
																},
																"Solid":	"Soil_Gravel_Sand"
															}, {
																"$Position":	{
																	"$x":	15940,
																	"$y":	174
																},
																"Solid":	"Soil_Pebbles"
															}]
													}
												}
											}
										},
										"Scanner":	{
											"$Position":	{
												"$x":	13539,
												"$y":	-166
											},
											"Type":	"ColumnLinear",
											"Skip":	false,
											"MaxY":	5,
											"MinY":	-5,
											"RelativeToPosition":	true,
											"BaseHeightName":	"Water",
											"TopDownOrder":	false,
											"ResultCap":	1
										}
									}
								}],
							"Pattern":	{
								"$Position":	{
									"$x":	11032,
									"$y":	-175
								},
								"Type":	"Floor",
								"Skip":	false,
								"Origin":	{
									"$Position":	{
										"$x":	11680,
										"$y":	-228
									},
									"Type":	"BlockSet",
									"Skip":	false,
									"BlockSet":	{
										"$Position":	{
											"$x":	12312,
											"$y":	-223
										},
										"Inclusive":	true,
										"Materials":	[{
												"$Position":	{
													"$x":	12845,
													"$y":	-241
												},
												"Solid":	"Empty"
											}]
									}
								},
								"Floor":	{
									"$Position":	{
										"$x":	11691,
										"$y":	117
									},
									"Type":	"BlockSet",
									"Skip":	false,
									"BlockSet":	{
										"$Position":	{
											"$x":	12327,
											"$y":	126
										},
										"Inclusive":	true,
										"Materials":	[{
												"$Position":	{
													"$x":	12819,
													"$y":	129
												},
												"Solid":	"Soil_Gravel"
											}, {
												"$Position":	{
													"$x":	12824,
													"$y":	284
												},
												"Solid":	"Soil_Gravel_Sand"
											}, {
												"$Position":	{
													"$x":	12831,
													"$y":	455
												},
												"Solid":	"Soil_Pebbles"
											}]
									}
								}
							},
							"Scanner":	{
								"$Position":	{
									"$x":	11034,
									"$y":	153
								},
								"Type":	"ColumnLinear",
								"Skip":	false,
								"MaxY":	180,
								"MinY":	0,
								"RelativeToPosition":	false,
								"BaseHeightName":	"Base",
								"TopDownOrder":	false,
								"ResultCap":	1
							}
						}, {
							"$Position":	{
								"$x":	10299,
								"$y":	1420
							},
							"Type":	"Cluster",
							"Skip":	false,
							"Range":	10,
							"Seed":	"A",
							"DistanceCurve":	{
								"$Position":	{
									"$x":	11045,
									"$y":	1138
								},
								"Type":	"Manual",
								"Points":	[{
										"$Position":	{
											"$x":	11653,
											"$y":	1138
										},
										"In":	4,
										"Out":	0.25
									}, {
										"$Position":	{
											"$x":	11652,
											"$y":	1311
										},
										"In":	6,
										"Out":	0
									}]
							},
							"WeightedProps":	[{
									"$Position":	{
										"$x":	11046,
										"$y":	1437
									},
									"Weight":	1,
									"ColumnProp":	{
										"$Position":	{
											"$x":	12832,
											"$y":	1249
										},
										"Type":	"Column",
										"Skip":	false,
										"ColumnBlocks":	[{
												"$Position":	{
													"$x":	13534,
													"$y":	1243
												},
												"Y":	0,
												"Material":	{
													"$Position":	{
														"$x":	14018,
														"$y":	1227
													},
													"Solid":	"Rubble_Ice"
												}
											}],
										"Directionality":	{
											"$Position":	{
												"$x":	13531,
												"$y":	1394
											},
											"Type":	"Static",
											"Rotation":	0,
											"Pattern":	{
												"$Position":	{
													"$x":	14151,
													"$y":	1401
												},
												"Type":	"Floor",
												"Skip":	false,
												"Origin":	{
													"$Position":	{
														"$x":	14799,
														"$y":	1233
													},
													"Type":	"BlockSet",
													"Skip":	false,
													"BlockSet":	{
														"$Position":	{
															"$x":	15431,
															"$y":	1238
														},
														"Inclusive":	true,
														"Materials":	[{
																"$Position":	{
																	"$x":	15932,
																	"$y":	1228
																},
																"Solid":	"Empty"
															}]
													}
												},
												"Floor":	{
													"$Position":	{
														"$x":	14800,
														"$y":	1612
													},
													"Type":	"BlockSet",
													"Skip":	false,
													"BlockSet":	{
														"$Position":	{
															"$x":	15439,
															"$y":	1622
														},
														"Inclusive":	true,
														"Materials":	[{
																"$Position":	{
																	"$x":	15927,
																	"$y":	1607
																},
																"Solid":	"Soil_Gravel"
															}, {
																"$Position":	{
																	"$x":	15932,
																	"$y":	1761
																},
																"Solid":	"Soil_Gravel_Sand"
															}, {
																"$Position":	{
																	"$x":	15940,
																	"$y":	1933
																},
																"Solid":	"Soil_Pebbles"
															}]
													}
												}
											}
										},
										"Scanner":	{
											"$Position":	{
												"$x":	13539,
												"$y":	1593
											},
											"Type":	"ColumnLinear",
											"Skip":	false,
											"MaxY":	5,
											"MinY":	-5,
											"RelativeToPosition":	true,
											"BaseHeightName":	"Water",
											"TopDownOrder":	false,
											"ResultCap":	1
										}
									}
								}],
							"Pattern":	{
								"$Position":	{
									"$x":	11032,
									"$y":	1584
								},
								"Type":	"Floor",
								"Skip":	false,
								"Origin":	{
									"$Position":	{
										"$x":	11680,
										"$y":	1531
									},
									"Type":	"BlockSet",
									"Skip":	false,
									"BlockSet":	{
										"$Position":	{
											"$x":	12312,
											"$y":	1536
										},
										"Inclusive":	true,
										"Materials":	[{
												"$Position":	{
													"$x":	12845,
													"$y":	1518
												},
												"Solid":	"Empty"
											}]
									}
								},
								"Floor":	{
									"$Position":	{
										"$x":	11691,
										"$y":	1876
									},
									"Type":	"BlockSet",
									"Skip":	false,
									"BlockSet":	{
										"$Position":	{
											"$x":	12327,
											"$y":	1885
										},
										"Inclusive":	true,
										"Materials":	[{
												"$Position":	{
													"$x":	12819,
													"$y":	1888
												},
												"Solid":	"Soil_Snow"
											}]
									}
								}
							},
							"Scanner":	{
								"$Position":	{
									"$x":	11034,
									"$y":	1912
								},
								"Type":	"ColumnLinear",
								"Skip":	false,
								"MaxY":	180,
								"MinY":	0,
								"RelativeToPosition":	false,
								"BaseHeightName":	"Base",
								"TopDownOrder":	false,
								"ResultCap":	1
							}
						}]
				}
			}
		}],
	"$WorkspaceID":	"HytaleGenerator - Assignments",
	"$Groups":	[{
			"$Position":	{
				"$x":	10232.1875,
				"$y":	-803.9375
			},
			"$width":	6356.4375,
			"$height":	1573.625,
			"$name":	"Stone Rubble"
		}, {
			"$Position":	{
				"$x":	10232.25,
				"$y":	956
			},
			"$width":	6356.4375,
			"$height":	1573.625,
			"$name":	"Ice Rubble"
		}]
}
