{
	"$Title":	"[ROOT] Weighted Assignments",
	"$Position":	{
		"$x":	13750,
		"$y":	5168
	},
	"Type":	"FieldFunction",
	"ExportAs":	"Taiga1_Mountains_Stalactites",
	"FieldFunction":	{
		"$Position":	{
			"$x":	14753,
			"$y":	3047
		},
		"Type":	"SimplexNoise2D",
		"Skip":	false,
		"Lacunarity":	2,
		"Persistence":	0.5,
		"Octaves":	1,
		"Scale":	17,
		"Seed":	"A"
	},
	"Delimiters":	[{
			"$Position":	{
				"$x":	14815,
				"$y":	3838
			},
			"Max":	0.8,
			"Min":	0.75,
			"Assignments":	{
				"$Position":	{
					"$x":	15360,
					"$y":	3836
				},
				"Type":	"Constant",
				"Prop":	{
					"$Position":	{
						"$x":	16028,
						"$y":	3816
					},
					"Type":	"Union",
					"Skip":	false,
					"Props":	[{
							"$Position":	{
								"$x":	16643,
								"$y":	3821
							},
							"Type":	"Column",
							"Skip":	false,
							"ColumnBlocks":	[{
									"$Position":	{
										"$x":	17381,
										"$y":	3623
									},
									"Y":	1,
									"Material":	{
										"$Position":	{
											"$x":	17840,
											"$y":	3621
										},
										"Solid":	"Rock_Quartzite"
									}
								}, {
									"$Position":	{
										"$x":	17385,
										"$y":	3781
									},
									"Y":	0,
									"Material":	{
										"$Position":	{
											"$x":	17839,
											"$y":	3781
										},
										"Solid":	"Rock_Quartzite_Stalactite_Small"
									}
								}],
							"Directionality":	{
								"$Position":	{
									"$x":	17332,
									"$y":	3974
								},
								"Type":	"Static",
								"Rotation":	0,
								"Pattern":	{
									"$Position":	{
										"$x":	17950,
										"$y":	3987
									},
									"Type":	"Ceiling",
									"Skip":	false,
									"Ceiling":	{
										"$Position":	{
											"$x":	18560,
											"$y":	4191
										},
										"Type":	"BlockSet",
										"Skip":	false,
										"BlockSet":	{
											"$Position":	{
												"$x":	19192,
												"$y":	4196
											},
											"Inclusive":	true,
											"Materials":	[{
													"$Position":	{
														"$x":	19714,
														"$y":	4144
													},
													"Solid":	"Rock_Quartzite"
												}, {
													"$Position":	{
														"$x":	19718,
														"$y":	4293
													},
													"Solid":	"Rock_Stone"
												}]
										}
									},
									"Origin":	{
										"$Position":	{
											"$x":	18615,
											"$y":	3838
										},
										"Type":	"BlockSet",
										"Skip":	false,
										"BlockSet":	{
											"$Position":	{
												"$x":	19247,
												"$y":	3843
											},
											"Inclusive":	true,
											"Materials":	[{
													"$Position":	{
														"$x":	19735,
														"$y":	3816
													},
													"Solid":	"Empty"
												}]
										}
									}
								}
							},
							"Scanner":	{
								"$Position":	{
									"$x":	17275,
									"$y":	4221
								},
								"Type":	"ColumnLinear",
								"Skip":	false,
								"MaxY":	100,
								"MinY":	-50,
								"RelativeToPosition":	false,
								"BaseHeightName":	"Base",
								"TopDownOrder":	false,
								"ResultCap":	1
							}
						}, {
							"$Position":	{
								"$x":	16616,
								"$y":	4788
							},
							"Type":	"Column",
							"Skip":	false,
							"ColumnBlocks":	[{
									"$Position":	{
										"$x":	17311,
										"$y":	4628
									},
									"Y":	-1,
									"Material":	{
										"$Position":	{
											"$x":	17764,
											"$y":	4616
										},
										"Solid":	"Rock_Quartzite"
									}
								}, {
									"$Position":	{
										"$x":	17318,
										"$y":	4782
									},
									"Y":	0,
									"Material":	{
										"$Position":	{
											"$x":	17761,
											"$y":	4763
										},
										"Solid":	"Rock_Quartzite_Stalactite_Small"
									}
								}],
							"Directionality":	{
								"$Position":	{
									"$x":	17305,
									"$y":	4941
								},
								"Type":	"Static",
								"Rotation":	0,
								"Pattern":	{
									"$Position":	{
										"$x":	17925,
										"$y":	4939
									},
									"Type":	"And",
									"Skip":	false,
									"Patterns":	[{
											"$Position":	{
												"$x":	18592,
												"$y":	4684
											},
											"Type":	"Offset",
											"Skip":	false,
											"Pattern":	{
												"$Position":	{
													"$x":	19221,
													"$y":	4684
												},
												"Type":	"BlockSet",
												"Skip":	false,
												"BlockSet":	{
													"$Position":	{
														"$x":	19853,
														"$y":	4689
													},
													"Inclusive":	false,
													"Materials":	[{
															"$Position":	{
																"$x":	20331,
																"$y":	4692
															},
															"Solid":	"Empty"
														}]
												}
											},
											"Offset":	{
												"$Position":	{
													"$x":	19223,
													"$y":	4856
												},
												"X":	0,
												"Y":	20,
												"Z":	0
											}
										}, {
											"$Position":	{
												"$x":	18597,
												"$y":	5208
											},
											"Type":	"Floor",
											"Skip":	false,
											"Origin":	{
												"$Position":	{
													"$x":	19262,
													"$y":	5066
												},
												"Type":	"BlockSet",
												"Skip":	false,
												"BlockSet":	{
													"$Position":	{
														"$x":	19894,
														"$y":	5071
													},
													"Inclusive":	true,
													"Materials":	[{
															"$Position":	{
																"$x":	20372,
																"$y":	5074
															},
															"Solid":	"Empty"
														}]
												}
											},
											"Floor":	{
												"$Position":	{
													"$x":	19207,
													"$y":	5419
												},
												"Type":	"BlockSet",
												"Skip":	false,
												"BlockSet":	{
													"$Position":	{
														"$x":	19840,
														"$y":	5431
													},
													"Inclusive":	false,
													"Materials":	[{
															"$Position":	{
																"$x":	20318,
																"$y":	5435
															},
															"Solid":	"Empty"
														}, {
															"$Position":	{
																"$x":	20321,
																"$y":	5604
															},
															"Fluid":	"Water_Source"
														}]
												}
											}
										}]
								}
							},
							"Scanner":	{
								"$Position":	{
									"$x":	17323,
									"$y":	5133
								},
								"Type":	"ColumnLinear",
								"Skip":	false,
								"MaxY":	100,
								"MinY":	-50,
								"RelativeToPosition":	false,
								"BaseHeightName":	"Base",
								"TopDownOrder":	false,
								"ResultCap":	1
							}
						}]
				}
			}
		}, {
			"$Position":	{
				"$x":	14850,
				"$y":	6128
			},
			"Max":	0.85,
			"Min":	0.8,
			"Assignments":	{
				"$Position":	{
					"$x":	15395,
					"$y":	6126
				},
				"Type":	"Constant",
				"Prop":	{
					"$Position":	{
						"$x":	16033,
						"$y":	6124
					},
					"Type":	"Union",
					"Skip":	false,
					"Props":	[{
							"$Position":	{
								"$x":	16651,
								"$y":	6134
							},
							"Type":	"Column",
							"Skip":	false,
							"ColumnBlocks":	[{
									"$Position":	{
										"$x":	17350,
										"$y":	5956
									},
									"Y":	1,
									"Material":	{
										"$Position":	{
											"$x":	17803,
											"$y":	5944
										},
										"Solid":	"Rock_Quartzite"
									}
								}, {
									"$Position":	{
										"$x":	17353,
										"$y":	6128
									},
									"Y":	0,
									"Material":	{
										"$Position":	{
											"$x":	17815,
											"$y":	6098
										},
										"Solid":	"Rock_Quartzite_Stalactite_Large"
									}
								}],
							"Directionality":	{
								"$Position":	{
									"$x":	17340,
									"$y":	6287
								},
								"Type":	"Static",
								"Rotation":	0,
								"Pattern":	{
									"$Position":	{
										"$x":	17958,
										"$y":	6300
									},
									"Type":	"Ceiling",
									"Skip":	false,
									"Ceiling":	{
										"$Position":	{
											"$x":	18568,
											"$y":	6504
										},
										"Type":	"BlockSet",
										"Skip":	false,
										"BlockSet":	{
											"$Position":	{
												"$x":	19206,
												"$y":	6507
											},
											"Inclusive":	true,
											"Materials":	[{
													"$Position":	{
														"$x":	19728,
														"$y":	6455
													},
													"Solid":	"Rock_Quartzite"
												}, {
													"$Position":	{
														"$x":	19732,
														"$y":	6604
													},
													"Solid":	"Rock_Stone"
												}]
										}
									},
									"Origin":	{
										"$Position":	{
											"$x":	18623,
											"$y":	6151
										},
										"Type":	"BlockSet",
										"Skip":	false,
										"BlockSet":	{
											"$Position":	{
												"$x":	19255,
												"$y":	6156
											},
											"Inclusive":	true,
											"Materials":	[{
													"$Position":	{
														"$x":	19725,
														"$y":	6162
													},
													"Solid":	"Empty"
												}]
										}
									}
								}
							},
							"Scanner":	{
								"$Position":	{
									"$x":	17353,
									"$y":	6519
								},
								"Type":	"ColumnLinear",
								"Skip":	false,
								"MaxY":	100,
								"MinY":	-50,
								"RelativeToPosition":	false,
								"BaseHeightName":	"Base",
								"TopDownOrder":	false,
								"ResultCap":	1
							}
						}, {
							"$Position":	{
								"$x":	16671,
								"$y":	7162
							},
							"Type":	"Column",
							"Skip":	false,
							"ColumnBlocks":	[{
									"$Position":	{
										"$x":	17382,
										"$y":	6988
									},
									"Y":	-1,
									"Material":	{
										"$Position":	{
											"$x":	17835,
											"$y":	6976
										},
										"Solid":	"Rock_Quartzite"
									}
								}, {
									"$Position":	{
										"$x":	17373,
										"$y":	7156
									},
									"Y":	0,
									"Material":	{
										"$Position":	{
											"$x":	17835,
											"$y":	7136
										},
										"Solid":	"Rock_Quartzite_Stalactite_Large"
									}
								}],
							"Directionality":	{
								"$Position":	{
									"$x":	17360,
									"$y":	7315
								},
								"Type":	"Static",
								"Rotation":	0,
								"Pattern":	{
									"$Position":	{
										"$x":	17988,
										"$y":	7329
									},
									"Type":	"And",
									"Skip":	false,
									"Patterns":	[{
											"$Position":	{
												"$x":	18655,
												"$y":	7074
											},
											"Type":	"Offset",
											"Skip":	false,
											"Pattern":	{
												"$Position":	{
													"$x":	19284,
													"$y":	7074
												},
												"Type":	"BlockSet",
												"Skip":	false,
												"BlockSet":	{
													"$Position":	{
														"$x":	19916,
														"$y":	7079
													},
													"Inclusive":	false,
													"Materials":	[{
															"$Position":	{
																"$x":	20394,
																"$y":	7082
															},
															"Solid":	"Empty"
														}]
												}
											},
											"Offset":	{
												"$Position":	{
													"$x":	19286,
													"$y":	7246
												},
												"X":	0,
												"Y":	20,
												"Z":	0
											}
										}, {
											"$Position":	{
												"$x":	18660,
												"$y":	7598
											},
											"Type":	"Floor",
											"Skip":	false,
											"Origin":	{
												"$Position":	{
													"$x":	19325,
													"$y":	7456
												},
												"Type":	"BlockSet",
												"Skip":	false,
												"BlockSet":	{
													"$Position":	{
														"$x":	19957,
														"$y":	7461
													},
													"Inclusive":	true,
													"Materials":	[{
															"$Position":	{
																"$x":	20435,
																"$y":	7464
															},
															"Solid":	"Empty"
														}]
												}
											},
											"Floor":	{
												"$Position":	{
													"$x":	19270,
													"$y":	7809
												},
												"Type":	"BlockSet",
												"Skip":	false,
												"BlockSet":	{
													"$Position":	{
														"$x":	19903,
														"$y":	7821
													},
													"Inclusive":	false,
													"Materials":	[{
															"$Position":	{
																"$x":	20381,
																"$y":	7825
															},
															"Solid":	"Empty"
														}, {
															"$Position":	{
																"$x":	20384,
																"$y":	7994
															},
															"Fluid":	"Water_Source"
														}]
												}
											}
										}]
								}
							},
							"Scanner":	{
								"$Position":	{
									"$x":	17355,
									"$y":	7507
								},
								"Type":	"ColumnLinear",
								"Skip":	false,
								"MaxY":	100,
								"MinY":	-50,
								"RelativeToPosition":	false,
								"BaseHeightName":	"Base",
								"TopDownOrder":	false,
								"ResultCap":	1
							}
						}]
				}
			}
		}, {
			"$Position":	{
				"$x":	14803,
				"$y":	8630
			},
			"Max":	1,
			"Min":	0.85,
			"Assignments":	{
				"$Position":	{
					"$x":	15383,
					"$y":	8635
				},
				"Type":	"Constant",
				"Prop":	{
					"$Position":	{
						"$x":	16033,
						"$y":	8626
					},
					"Type":	"Union",
					"Skip":	false,
					"Props":	[{
							"$Position":	{
								"$x":	16684,
								"$y":	8625
							},
							"Type":	"Column",
							"Skip":	false,
							"ColumnBlocks":	[{
									"$Position":	{
										"$x":	17392,
										"$y":	8271
									},
									"Y":	1,
									"Material":	{
										"$Position":	{
											"$x":	17845,
											"$y":	8259
										},
										"Solid":	"Rock_Quartzite"
									}
								}, {
									"$Position":	{
										"$x":	17383,
										"$y":	8455
									},
									"Y":	-1,
									"Material":	{
										"$Position":	{
											"$x":	17874,
											"$y":	8427
										},
										"Solid":	"Rock_Quartzite_Stalactite_Large"
									}
								}, {
									"$Position":	{
										"$x":	17386,
										"$y":	8619
									},
									"Y":	0,
									"Material":	{
										"$Position":	{
											"$x":	17830,
											"$y":	8608
										},
										"Solid":	"Rock_Quartzite"
									}
								}],
							"Directionality":	{
								"$Position":	{
									"$x":	17373,
									"$y":	8778
								},
								"Type":	"Static",
								"Rotation":	0,
								"Pattern":	{
									"$Position":	{
										"$x":	18007,
										"$y":	8793
									},
									"Type":	"Ceiling",
									"Skip":	false,
									"Ceiling":	{
										"$Position":	{
											"$x":	18601,
											"$y":	8995
										},
										"Type":	"BlockSet",
										"Skip":	false,
										"BlockSet":	{
											"$Position":	{
												"$x":	19234,
												"$y":	8993
											},
											"Inclusive":	true,
											"Materials":	[{
													"$Position":	{
														"$x":	19756,
														"$y":	8941
													},
													"Solid":	"Rock_Quartzite"
												}, {
													"$Position":	{
														"$x":	19760,
														"$y":	9090
													},
													"Solid":	"Rock_Stone"
												}]
										}
									},
									"Origin":	{
										"$Position":	{
											"$x":	18656,
											"$y":	8642
										},
										"Type":	"BlockSet",
										"Skip":	false,
										"BlockSet":	{
											"$Position":	{
												"$x":	19288,
												"$y":	8647
											},
											"Inclusive":	true,
											"Materials":	[{
													"$Position":	{
														"$x":	19766,
														"$y":	8652
													},
													"Solid":	"Empty"
												}]
										}
									}
								}
							},
							"Scanner":	{
								"$Position":	{
									"$x":	17391,
									"$y":	8970
								},
								"Type":	"ColumnLinear",
								"Skip":	false,
								"MaxY":	100,
								"MinY":	-50,
								"RelativeToPosition":	false,
								"BaseHeightName":	"Base",
								"TopDownOrder":	false,
								"ResultCap":	1
							}
						}, {
							"$Position":	{
								"$x":	16670,
								"$y":	9815
							},
							"Type":	"Column",
							"Skip":	false,
							"ColumnBlocks":	[{
									"$Position":	{
										"$x":	17377,
										"$y":	9440
									},
									"Y":	-1,
									"Material":	{
										"$Position":	{
											"$x":	17830,
											"$y":	9428
										},
										"Solid":	"Rock_Quartzite"
									}
								}, {
									"$Position":	{
										"$x":	17369,
										"$y":	9645
									},
									"Y":	1,
									"Material":	{
										"$Position":	{
											"$x":	17850,
											"$y":	9613
										},
										"Solid":	"Rock_Quartzite_Stalactite_Large"
									}
								}, {
									"$Position":	{
										"$x":	17372,
										"$y":	9809
									},
									"Y":	0,
									"Material":	{
										"$Position":	{
											"$x":	17795,
											"$y":	9783
										},
										"Solid":	"Rock_Quartzite"
									}
								}],
							"Directionality":	{
								"$Position":	{
									"$x":	17359,
									"$y":	9968
								},
								"Type":	"Static",
								"Rotation":	0,
								"Pattern":	{
									"$Position":	{
										"$x":	17974,
										"$y":	9970
									},
									"Type":	"And",
									"Skip":	false,
									"Patterns":	[{
											"$Position":	{
												"$x":	18641,
												"$y":	9715
											},
											"Type":	"Offset",
											"Skip":	false,
											"Pattern":	{
												"$Position":	{
													"$x":	19270,
													"$y":	9715
												},
												"Type":	"BlockSet",
												"Skip":	false,
												"BlockSet":	{
													"$Position":	{
														"$x":	19902,
														"$y":	9720
													},
													"Inclusive":	false,
													"Materials":	[{
															"$Position":	{
																"$x":	20380,
																"$y":	9723
															},
															"Solid":	"Empty"
														}]
												}
											},
											"Offset":	{
												"$Position":	{
													"$x":	19272,
													"$y":	9887
												},
												"X":	0,
												"Y":	20,
												"Z":	0
											}
										}, {
											"$Position":	{
												"$x":	18646,
												"$y":	10239
											},
											"Type":	"Floor",
											"Skip":	false,
											"Origin":	{
												"$Position":	{
													"$x":	19311,
													"$y":	10097
												},
												"Type":	"BlockSet",
												"Skip":	false,
												"BlockSet":	{
													"$Position":	{
														"$x":	19943,
														"$y":	10102
													},
													"Inclusive":	true,
													"Materials":	[{
															"$Position":	{
																"$x":	20421,
																"$y":	10105
															},
															"Solid":	"Empty"
														}]
												}
											},
											"Floor":	{
												"$Position":	{
													"$x":	19256,
													"$y":	10450
												},
												"Type":	"BlockSet",
												"Skip":	false,
												"BlockSet":	{
													"$Position":	{
														"$x":	19889,
														"$y":	10462
													},
													"Inclusive":	false,
													"Materials":	[{
															"$Position":	{
																"$x":	20367,
																"$y":	10466
															},
															"Solid":	"Empty"
														}, {
															"$Position":	{
																"$x":	20370,
																"$y":	10635
															},
															"Fluid":	"Water_Source"
														}]
												}
											}
										}]
								}
							},
							"Scanner":	{
								"$Position":	{
									"$x":	17377,
									"$y":	10160
								},
								"Type":	"ColumnLinear",
								"Skip":	false,
								"MaxY":	100,
								"MinY":	-50,
								"RelativeToPosition":	false,
								"BaseHeightName":	"Base",
								"TopDownOrder":	false,
								"ResultCap":	1
							}
						}]
				}
			}
		}],
	"$WorkspaceID":	"HytaleGenerator - Assignments",
	"$Groups":	[]
}