{
	"$Title":	"[ROOT] FieldFunction Assignments",
	"$Position":	{
		"$x":	-70,
		"$y":	12584
	},
	"Type":	"FieldFunction",
	"ExportAs":	"Taiga1_Redwood_Trees_Large",
	"FieldFunction":	{
		"$Position":	{
			"$x":	717,
			"$y":	12474
		},
		"Type":	"SimplexNoise2D",
		"Skip":	false,
		"Lacunarity":	6,
		"Persistence":	0.3,
		"Octaves":	2,
		"Scale":	75,
		"Seed":	"A"
	},
	"Delimiters":	[{
			"$Position":	{
				"$x":	928,
				"$y":	13464
			},
			"Max":	1,
			"Min":	-1,
			"Assignments":	{
				"$Position":	{
					"$x":	1421,
					"$y":	13474
				},
				"Type":	"Constant",
				"Prop":	{
					"$Position":	{
						"$x":	2020,
						"$y":	13482
					},
					"Type":	"Union",
					"Skip":	false,
					"Props":	[{
							"$Position":	{
								"$x":	2776,
								"$y":	13443
							},
							"Type":	"Prefab",
							"Skip":	false,
							"WeightedPrefabPaths":	[{
									"$Position":	{
										"$x":	3592,
										"$y":	12659
									},
									"Path":	"Trees/Redwood_Stumps/Stage_3",
									"Weight":	2.5
								}, {
									"$Position":	{
										"$x":	3599,
										"$y":	12812
									},
									"Path":	"Trees/Redwood_Stumps/Stage_2",
									"Weight":	2.5
								}, {
									"$Position":	{
										"$x":	3591,
										"$y":	12996
									},
									"Path":	"Trees/Redwood/Stage_2/",
									"Weight":	40
								}, {
									"$Position":	{
										"$x":	3585,
										"$y":	13160
									},
									"Path":	"Trees/Redwood/Stage_1/",
									"Weight":	54.5
								}, {
									"$Position":	{
										"$x":	3574,
										"$y":	13341
									},
									"Path":	"Trees/Redwood/Stage_4/",
									"Weight":	0.5
								}],
							"LegacyPath":	false,
							"LoadEntities":	true,
							"Directionality":	{
								"$Position":	{
									"$x":	3568,
									"$y":	13716
								},
								"Type":	"Random",
								"Seed":	"A",
								"Pattern":	{
									"$Position":	{
										"$x":	4284,
										"$y":	13735
									},
									"Type":	"And",
									"Skip":	false,
									"Patterns":	[{
											"$Position":	{
												"$x":	5019,
												"$y":	13754
											},
											"Type":	"Floor",
											"Skip":	false,
											"Origin":	{
												"$Position":	{
													"$x":	5654,
													"$y":	13662
												},
												"Type":	"BlockType",
												"Skip":	false,
												"Material":	{
													"$Position":	{
														"$x":	6356,
														"$y":	13661
													},
													"Solid":	"Empty"
												}
											},
											"Floor":	{
												"$Position":	{
													"$x":	5642,
													"$y":	13872
												},
												"Type":	"BlockSet",
												"Skip":	false,
												"BlockSet":	{
													"$Position":	{
														"$x":	6291,
														"$y":	13888
													},
													"Inclusive":	true,
													"Materials":	[{
															"$Position":	{
																"$x":	6776,
																"$y":	13879
															},
															"Solid":	"Soil_Needles"
														}, {
															"$Position":	{
																"$x":	6779,
																"$y":	14036
															},
															"Solid":	"Soil_Grass"
														}, {
															"$Position":	{
																"$x":	6774,
																"$y":	14201
															},
															"Solid":	"Soil_Leaves"
														}, {
															"$Position":	{
																"$x":	6780,
																"$y":	14352
															},
															"Solid":	"Soil_Pathway"
														}]
												}
											}
										}]
								}
							},
							"Scanner":	{
								"$Position":	{
									"$x":	3563,
									"$y":	13901
								},
								"Type":	"ColumnLinear",
								"Skip":	false,
								"MaxY":	70,
								"MinY":	0,
								"RelativeToPosition":	false,
								"BaseHeightName":	"Base",
								"TopDownOrder":	true,
								"ResultCap":	1
							},
							"BlockMask":	{
								"$Position":	{
									"$x":	3564,
									"$y":	13506
								},
								"Import":	"Taiga1_Trees"
							},
							"MoldingDirection":	"None",
							"MoldingChildren":	false
						}, {
							"$Position":	{
								"$x":	2872,
								"$y":	15013
							},
							"Type":	"Cluster",
							"Skip":	false,
							"Range":	10,
							"Seed":	"A",
							"DistanceCurve":	{
								"$Position":	{
									"$x":	3569,
									"$y":	14987
								},
								"Type":	"Manual",
								"Points":	[{
										"$Position":	{
											"$x":	4214,
											"$y":	14846
										},
										"In":	2,
										"Out":	0.1
									}, {
										"$Position":	{
											"$x":	4197,
											"$y":	14996
										},
										"In":	5,
										"Out":	0
									}]
							},
							"WeightedProps":	[{
									"$Position":	{
										"$x":	3615,
										"$y":	15190
									},
									"Weight":	1,
									"ColumnProp":	{
										"$Position":	{
											"$x":	4185,
											"$y":	15157
										},
										"Type":	"Column",
										"Skip":	false,
										"ColumnBlocks":	[{
												"$Position":	{
													"$x":	4900,
													"$y":	15169
												},
												"Y":	0,
												"Material":	{
													"$Position":	{
														"$x":	5320,
														"$y":	15140
													},
													"Solid":	"Wood_Sticks"
												}
											}],
										"Directionality":	{
											"$Position":	{
												"$x":	4899,
												"$y":	15317
											},
											"Type":	"Static",
											"Rotation":	0,
											"Pattern":	{
												"$Position":	{
													"$x":	5539,
													"$y":	15314
												},
												"Type":	"Floor",
												"Skip":	false,
												"Origin":	{
													"$Position":	{
														"$x":	6174,
														"$y":	15222
													},
													"Type":	"BlockType",
													"Skip":	false,
													"Material":	{
														"$Position":	{
															"$x":	6876,
															"$y":	15221
														},
														"Solid":	"Empty"
													}
												},
												"Floor":	{
													"$Position":	{
														"$x":	6162,
														"$y":	15432
													},
													"Type":	"BlockSet",
													"Skip":	false,
													"BlockSet":	{
														"$Position":	{
															"$x":	6835,
															"$y":	15445
														},
														"Inclusive":	true,
														"Materials":	[{
																"$Position":	{
																	"$x":	7320,
																	"$y":	15436
																},
																"Solid":	"Soil_Needles"
															}, {
																"$Position":	{
																	"$x":	7323,
																	"$y":	15593
																},
																"Solid":	"Soil_Grass"
															}, {
																"$Position":	{
																	"$x":	7318,
																	"$y":	15758
																},
																"Solid":	"Soil_Leaves"
															}, {
																"$Position":	{
																	"$x":	7332,
																	"$y":	15917
																},
																"Solid":	"Soil_Pathway"
															}]
													}
												}
											}
										},
										"Scanner":	{
											"$Position":	{
												"$x":	4903,
												"$y":	15459
											},
											"Type":	"ColumnLinear",
											"Skip":	false,
											"MaxY":	5,
											"MinY":	-5,
											"RelativeToPosition":	true,
											"BaseHeightName":	"Base",
											"TopDownOrder":	true,
											"ResultCap":	1
										}
									}
								}],
							"Pattern":	{
								"$Position":	{
									"$x":	4210,
									"$y":	15976
								},
								"Type":	"Floor",
								"Skip":	false,
								"Origin":	{
									"$Position":	{
										"$x":	4845,
										"$y":	15884
									},
									"Type":	"BlockType",
									"Skip":	false,
									"Material":	{
										"$Position":	{
											"$x":	5547,
											"$y":	15883
										},
										"Solid":	"Empty"
									}
								},
								"Floor":	{
									"$Position":	{
										"$x":	4833,
										"$y":	16094
									},
									"Type":	"BlockSet",
									"Skip":	false,
									"BlockSet":	{
										"$Position":	{
											"$x":	5506,
											"$y":	16107
										},
										"Inclusive":	true,
										"Materials":	[{
												"$Position":	{
													"$x":	5991,
													"$y":	16098
												},
												"Solid":	"Soil_Needles"
											}, {
												"$Position":	{
													"$x":	5994,
													"$y":	16255
												},
												"Solid":	"Soil_Grass"
											}, {
												"$Position":	{
													"$x":	5989,
													"$y":	16420
												},
												"Solid":	"Soil_Leaves"
											}, {
												"$Position":	{
													"$x":	5991,
													"$y":	16579
												},
												"Solid":	"Soil_Pathway"
											}]
									}
								}
							},
							"Scanner":	{
								"$Position":	{
									"$x":	3594,
									"$y":	15630
								},
								"Type":	"ColumnLinear",
								"Skip":	false,
								"MaxY":	70,
								"MinY":	0,
								"RelativeToPosition":	false,
								"BaseHeightName":	"Base",
								"TopDownOrder":	true,
								"ResultCap":	1
							}
						}]
				}
			}
		}],
	"$WorkspaceID":	"HytaleGenerator - Assignments",
	"$Groups":	[{
			"$Position":	{
				"$x":	861.25,
				"$y":	12575.625
			},
			"$width":	6647.375,
			"$height":	1952,
			"$name":	"Redwood"
		}, {
			"$Position":	{
				"$x":	2773.1875,
				"$y":	14676.5
			},
			"$width":	5319.5625,
			"$height":	2108.625,
			"$name":	"Sticks"
		}]
}