{
	"$Title":	"[ROOT] Weighted Assignments",
	"$Position":	{
		"$x":	1029,
		"$y":	4074
	},
	"Type":	"Weighted",
	"ExportAs":	"Taiga1_Rivers_Ash",
	"SkipChance":	0,
	"Seed":	"A",
	"WeightedAssignments":	[{
			"$Position":	{
				"$x":	1759,
				"$y":	4069
			},
			"Weight":	1,
			"Assignments":	{
				"$Position":	{
					"$x":	2313,
					"$y":	4102
				},
				"Type":	"Constant",
				"Prop":	{
					"$Position":	{
						"$x":	3100,
						"$y":	4094
					},
					"Type":	"Prefab",
					"Skip":	false,
					"WeightedPrefabPaths":	[{
							"$Position":	{
								"$x":	3892,
								"$y":	3800
							},
							"Path":	"Trees/Ash/Stage_2/",
							"Weight":	20
						}, {
							"$Position":	{
								"$x":	3886,
								"$y":	3993
							},
							"Path":	"Trees/Ash/Stage_3/",
							"Weight":	80
						}],
					"LegacyPath":	false,
					"LoadEntities":	true,
					"Directionality":	{
						"$Position":	{
							"$x":	3892,
							"$y":	4367
						},
						"Type":	"Random",
						"Seed":	"A",
						"Pattern":	{
							"$Position":	{
								"$x":	4608,
								"$y":	4386
							},
							"Type":	"And",
							"Skip":	false,
							"Patterns":	[{
									"$Position":	{
										"$x":	5343,
										"$y":	4405
									},
									"Type":	"Floor",
									"Skip":	false,
									"Origin":	{
										"$Position":	{
											"$x":	5978,
											"$y":	4313
										},
										"Type":	"BlockType",
										"Skip":	false,
										"Material":	{
											"$Position":	{
												"$x":	6680,
												"$y":	4312
											},
											"Solid":	"Empty"
										}
									},
									"Floor":	{
										"$Position":	{
											"$x":	5966,
											"$y":	4523
										},
										"Type":	"BlockSet",
										"Skip":	false,
										"BlockSet":	{
											"$Position":	{
												"$x":	6609,
												"$y":	4538
											},
											"Inclusive":	true,
											"Materials":	[{
													"$Position":	{
														"$x":	7094,
														"$y":	4529
													},
													"Solid":	"Soil_Needles"
												}, {
													"$Position":	{
														"$x":	7097,
														"$y":	4686
													},
													"Solid":	"Soil_Grass"
												}, {
													"$Position":	{
														"$x":	7092,
														"$y":	4851
													},
													"Solid":	"Soil_Leaves"
												}]
										}
									}
								}]
						}
					},
					"Scanner":	{
						"$Position":	{
							"$x":	3904,
							"$y":	4711
						},
						"Type":	"ColumnLinear",
						"Skip":	false,
						"MaxY":	10,
						"MinY":	-10,
						"RelativeToPosition":	false,
						"BaseHeightName":	"Base",
						"TopDownOrder":	true,
						"ResultCap":	1
					},
					"BlockMask":	{
						"$Position":	{
							"$x":	3887,
							"$y":	4156
						},
						"Import":	"Taiga1_Trees"
					},
					"MoldingDirection":	"None",
					"MoldingChildren":	false
				}
			}
		}, {
			"$Position":	{
				"$x":	1863,
				"$y":	5657
			},
			"Weight":	1,
			"Assignments":	{
				"$Position":	{
					"$x":	2331,
					"$y":	5660
				},
				"Type":	"Constant",
				"Prop":	{
					"$Position":	{
						"$x":	2958,
						"$y":	5640
					},
					"Type":	"Prefab",
					"Skip":	false,
					"WeightedPrefabPaths":	[{
							"$Position":	{
								"$x":	3765,
								"$y":	5498
							},
							"Path":	"Trees/Burnt_Dead/Stage_1/",
							"Weight":	80
						}, {
							"$Position":	{
								"$x":	3759,
								"$y":	5691
							},
							"Path":	"Trees/Burnt_Dead/Stage_2/",
							"Weight":	20
						}],
					"LegacyPath":	false,
					"LoadEntities":	true,
					"Directionality":	{
						"$Position":	{
							"$x":	3750,
							"$y":	5913
						},
						"Type":	"Random",
						"Seed":	"A",
						"Pattern":	{
							"$Position":	{
								"$x":	4466,
								"$y":	5932
							},
							"Type":	"And",
							"Skip":	false,
							"Patterns":	[{
									"$Position":	{
										"$x":	5201,
										"$y":	5951
									},
									"Type":	"Floor",
									"Skip":	false,
									"Origin":	{
										"$Position":	{
											"$x":	5836,
											"$y":	5859
										},
										"Type":	"BlockType",
										"Skip":	false,
										"Material":	{
											"$Position":	{
												"$x":	6538,
												"$y":	5858
											},
											"Solid":	"Empty"
										}
									},
									"Floor":	{
										"$Position":	{
											"$x":	5824,
											"$y":	6069
										},
										"Type":	"BlockSet",
										"Skip":	false,
										"BlockSet":	{
											"$Position":	{
												"$x":	6467,
												"$y":	6084
											},
											"Inclusive":	true,
											"Materials":	[{
													"$Position":	{
														"$x":	6952,
														"$y":	6075
													},
													"Solid":	"Soil_Needles"
												}, {
													"$Position":	{
														"$x":	6955,
														"$y":	6232
													},
													"Solid":	"Soil_Grass"
												}, {
													"$Position":	{
														"$x":	6950,
														"$y":	6397
													},
													"Solid":	"Soil_Leaves"
												}]
										}
									}
								}]
						}
					},
					"Scanner":	{
						"$Position":	{
							"$x":	3760,
							"$y":	6278
						},
						"Type":	"ColumnLinear",
						"Skip":	false,
						"MaxY":	10,
						"MinY":	-10,
						"RelativeToPosition":	false,
						"BaseHeightName":	"Base",
						"TopDownOrder":	true,
						"ResultCap":	1
					},
					"BlockMask":	{
						"$Position":	{
							"$x":	3756,
							"$y":	6078
						},
						"Import":	"Taiga1_Trees"
					},
					"MoldingDirection":	"None",
					"MoldingChildren":	false
				}
			}
		}],
	"$WorkspaceID":	"HytaleGenerator - Assignments",
	"$Groups":	[{
			"$Position":	{
				"$x":	967,
				"$y":	3659.25
			},
			"$width":	6862.3125,
			"$height":	1496.625,
			"$name":	"Ash"
		}, {
			"$Position":	{
				"$x":	1773.625,
				"$y":	5321
			},
			"$width":	5942.125,
			"$height":	1482.0625,
			"$name":	"Burnt"
		}]
}
