{
	"$Title":	"[ROOT] Weighted Assignments",
	"$Position":	{
		"$x":	-1500,
		"$y":	6877
	},
	"Type":	"FieldFunction",
	"ExportAs":	"Boreal1_Hedera_Trees_Dead",
	"FieldFunction":	{
		"$Position":	{
			"$x":	-620,
			"$y":	6486
		},
		"Type":	"SimplexNoise2D",
		"Skip":	false,
		"Lacunarity":	2,
		"Persistence":	0.5,
		"Octaves":	1,
		"Scale":	120,
		"Seed":	"1235"
	},
	"Delimiters":	[{
			"$Position":	{
				"$x":	-554,
				"$y":	7279
			},
			"Max":	1,
			"Min":	-1,
			"Assignments":	{
				"$Position":	{
					"$x":	24,
					"$y":	7303
				},
				"Type":	"Weighted",
				"SkipChance":	0,
				"Seed":	"A",
				"WeightedAssignments":	[{
						"$Position":	{
							"$x":	801,
							"$y":	7298
						},
						"Weight":	100,
						"Assignments":	{
							"$Position":	{
								"$x":	1277,
								"$y":	7304
							},
							"Type":	"Constant",
							"Prop":	{
								"$Position":	{
									"$x":	1869,
									"$y":	7312
								},
								"Type":	"Cluster",
								"Skip":	false,
								"Range":	10,
								"Seed":	"A",
								"DistanceCurve":	{
									"$Position":	{
										"$x":	2566,
										"$y":	7234
									},
									"Type":	"Manual",
									"Points":	[{
											"$Position":	{
												"$x":	3209,
												"$y":	7240
											},
											"In":	0,
											"Out":	0.8
										}, {
											"$Position":	{
												"$x":	3214,
												"$y":	7396
											},
											"In":	2,
											"Out":	0.8
										}, {
											"$Position":	{
												"$x":	3228,
												"$y":	7540
											},
											"In":	4,
											"Out":	0
										}]
								},
								"WeightedProps":	[{
										"$Position":	{
											"$x":	2557,
											"$y":	7430
										},
										"Weight":	1,
										"ColumnProp":	{
											"$Position":	{
												"$x":	3065,
												"$y":	7754
											},
											"Type":	"Column",
											"Skip":	false,
											"ColumnBlocks":	[{
													"$Position":	{
														"$x":	3775,
														"$y":	7749
													},
													"Y":	0,
													"Material":	{
														"$Position":	{
															"$x":	4201,
															"$y":	7730
														},
														"Solid":	"Plant_Bush_Lush"
													}
												}],
											"Directionality":	{
												"$Position":	{
													"$x":	3753,
													"$y":	7907
												},
												"Type":	"Static",
												"Rotation":	0,
												"Pattern":	{
													"$Position":	{
														"$x":	4393,
														"$y":	7908
													},
													"Type":	"Floor",
													"ExportAs":	"Boreal1_Bushes_Dead_Pattern",
													"Skip":	false,
													"Origin":	{
														"$Position":	{
															"$x":	5018,
															"$y":	7871
														},
														"Type":	"BlockSet",
														"Skip":	false,
														"BlockSet":	{
															"$Position":	{
																"$x":	5679,
																"$y":	7875
															},
															"Inclusive":	true,
															"Materials":	[{
																	"$Position":	{
																		"$x":	6185,
																		"$y":	7874
																	},
																	"Solid":	"Empty"
																}]
														}
													},
													"Floor":	{
														"$Position":	{
															"$x":	5006,
															"$y":	8050
														},
														"Type":	"BlockSet",
														"Skip":	false,
														"BlockSet":	{
															"$Position":	{
																"$x":	5670,
																"$y":	8091
															},
															"Inclusive":	true,
															"Materials":	[{
																	"$Position":	{
																		"$x":	6167,
																		"$y":	8099
																	},
																	"Solid":	"Soil_Dirt_Cold"
																}, {
																	"$Position":	{
																		"$x":	6167,
																		"$y":	8271
																	},
																	"Solid":	"Soil_Pebbles_Frozen"
																}, {
																	"$Position":	{
																		"$x":	6175,
																		"$y":	8454
																	},
																	"Solid":	"Soil_Mud"
																}]
														}
													}
												}
											},
											"Scanner":	{
												"$Position":	{
													"$x":	3771,
													"$y":	8099
												},
												"Type":	"ColumnLinear",
												"Skip":	false,
												"MaxY":	5,
												"MinY":	-5,
												"RelativeToPosition":	true,
												"BaseHeightName":	"Water",
												"TopDownOrder":	true,
												"ResultCap":	1
											}
										}
									}],
								"Pattern":	{
									"$Position":	{
										"$x":	2626,
										"$y":	8063
									},
									"Type":	"Imported",
									"Skip":	false,
									"Name":	"Boreal1_Bushes_Dead_Pattern"
								},
								"Scanner":	{
									"$Position":	{
										"$x":	2582,
										"$y":	8495
									},
									"Type":	"ColumnLinear",
									"Skip":	false,
									"MaxY":	5,
									"MinY":	0,
									"RelativeToPosition":	false,
									"BaseHeightName":	"Water",
									"TopDownOrder":	true,
									"ResultCap":	1
								}
							}
						}
					}]
			}
		}],
	"$WorkspaceID":	"HytaleGenerator - Assignments",
	"$Groups":	[{
			"$Position":	{
				"$x":	-629.1875,
				"$y":	7097.125
			},
			"$width":	5636.5,
			"$height":	1929.125,
			"$name":	"Bushes"
		}]
}