{
	"$Title":	"[ROOT] FieldFunction Assignments",
	"$Position":	{
		"$x":	1310,
		"$y":	12671
	},
	"Type":	"FieldFunction",
	"ExportAs":	"Boreal1_Henges_Crystal",
	"FieldFunction":	{
		"$Position":	{
			"$x":	2061,
			"$y":	12462
		},
		"Type":	"SimplexNoise2D",
		"Skip":	false,
		"Lacunarity":	2,
		"Persistence":	0.5,
		"Octaves":	1,
		"Scale":	50,
		"Seed":	"A"
	},
	"Delimiters":	[{
			"$Position":	{
				"$x":	2065,
				"$y":	12871
			},
			"Max":	1,
			"Min":	-1,
			"Assignments":	{
				"$Position":	{
					"$x":	2539,
					"$y":	12873
				},
				"Type":	"Weighted",
				"SkipChance":	0.3,
				"Seed":	"A",
				"WeightedAssignments":	[{
						"$Position":	{
							"$x":	3256,
							"$y":	12873
						},
						"Weight":	1,
						"Assignments":	{
							"$Position":	{
								"$x":	3724,
								"$y":	12876
							},
							"Type":	"Constant",
							"Prop":	{
								"$Position":	{
									"$x":	4355,
									"$y":	12882
								},
								"Type":	"Prefab",
								"Skip":	false,
								"WeightedPrefabPaths":	[{
										"$Position":	{
											"$x":	5135,
											"$y":	12785
										},
										"Path":	"Rock_Formations/Crystal_Pattern/Large",
										"Weight":	60
									}],
								"LegacyPath":	false,
								"LoadEntities":	true,
								"Directionality":	{
									"$Position":	{
										"$x":	5135,
										"$y":	12992
									},
									"Type":	"Static",
									"Rotation":	0,
									"Pattern":	{
										"$Position":	{
											"$x":	5770,
											"$y":	12990
										},
										"Type":	"And",
										"Skip":	false,
										"Patterns":	[{
												"$Position":	{
													"$x":	6583,
													"$y":	12614
												},
												"Type":	"Offset",
												"Skip":	false,
												"Pattern":	{
													"$Position":	{
														"$x":	7200,
														"$y":	12615
													},
													"Type":	"BlockSet",
													"Skip":	false,
													"BlockSet":	{
														"$Position":	{
															"$x":	7822,
															"$y":	12623
														},
														"Inclusive":	false,
														"Materials":	[{
																"$Position":	{
																	"$x":	8288,
																	"$y":	12621
																},
																"Solid":	"Empty"
															}]
													}
												},
												"Offset":	{
													"$Position":	{
														"$x":	7206,
														"$y":	12777
													},
													"X":	0,
													"Y":	3,
													"Z":	0
												}
											}, {
												"$Position":	{
													"$x":	6550,
													"$y":	12991
												},
												"Type":	"BlockSet",
												"Skip":	false,
												"BlockSet":	{
													"$Position":	{
														"$x":	7172,
														"$y":	12999
													},
													"Inclusive":	false,
													"Materials":	[{
															"$Position":	{
																"$x":	7638,
																"$y":	12997
															},
															"Solid":	"Empty"
														}]
												}
											}, {
												"$Position":	{
													"$x":	6545,
													"$y":	13193
												},
												"Type":	"Offset",
												"Skip":	false,
												"Pattern":	{
													"$Position":	{
														"$x":	7162,
														"$y":	13194
													},
													"Type":	"BlockSet",
													"Skip":	false,
													"BlockSet":	{
														"$Position":	{
															"$x":	7784,
															"$y":	13202
														},
														"Inclusive":	false,
														"Materials":	[{
																"$Position":	{
																	"$x":	8250,
																	"$y":	13200
																},
																"Solid":	"Empty"
															}]
													}
												},
												"Offset":	{
													"$Position":	{
														"$x":	7168,
														"$y":	13356
													},
													"X":	0,
													"Y":	-3,
													"Z":	0
												}
											}]
									}
								},
								"Scanner":	{
									"$Position":	{
										"$x":	5155,
										"$y":	13173
									},
									"Type":	"ColumnLinear",
									"Skip":	false,
									"MaxY":	90,
									"MinY":	80,
									"RelativeToPosition":	false,
									"BaseHeightName":	"Base",
									"TopDownOrder":	false,
									"ResultCap":	1
								},
								"BlockMask":	{
									"$Position":	{
										"$x":	5131,
										"$y":	13601
									},
									"DontReplace":	{
										"$Position":	{
											"$x":	5795,
											"$y":	13668
										},
										"Inclusive":	true,
										"Materials":	[{
												"$Position":	{
													"$x":	6265,
													"$y":	13665
												},
												"Solid":	"Empty"
											}]
									}
								},
								"MoldingDirection":	"None",
								"MoldingChildren":	false
							}
						}
					}]
			}
		}],
	"$WorkspaceID":	"HytaleGenerator - Assignments",
	"$Groups":	[]
}