{
	"$Title":	"[ROOT] FieldFunction Assignments",
	"$Position":	{
		"$x":	1353,
		"$y":	12669
	},
	"Type":	"FieldFunction",
	"ExportAs":	"Boreal1_Hedera_Boulders",
	"FieldFunction":	{
		"$Position":	{
			"$x":	2104,
			"$y":	12460
		},
		"Type":	"SimplexNoise2D",
		"Skip":	false,
		"Lacunarity":	2,
		"Persistence":	0.5,
		"Octaves":	1,
		"Scale":	50,
		"Seed":	"A"
	},
	"Delimiters":	[{
			"$Position":	{
				"$x":	2108,
				"$y":	12869
			},
			"Max":	0.3,
			"Min":	-1,
			"Assignments":	{
				"$Position":	{
					"$x":	2583,
					"$y":	12867
				},
				"Type":	"Constant",
				"Prop":	{
					"$Position":	{
						"$x":	3202,
						"$y":	12860
					},
					"Type":	"Prefab",
					"Skip":	false,
					"WeightedPrefabPaths":	[{
							"$Position":	{
								"$x":	4002,
								"$y":	12612
							},
							"Path":	"Rock_Formations/Rocks/Slate/Medium",
							"Weight":	40
						}, {
							"$Position":	{
								"$x":	3994,
								"$y":	12776
							},
							"Path":	"Rock_Formations/Rocks/Slate/Large",
							"Weight":	60
						}],
					"LegacyPath":	false,
					"LoadEntities":	true,
					"Directionality":	{
						"$Position":	{
							"$x":	3988,
							"$y":	12985
						},
						"Type":	"Random",
						"Seed":	"A",
						"Pattern":	{
							"$Position":	{
								"$x":	4599,
								"$y":	12987
							},
							"Type":	"And",
							"Skip":	false,
							"Patterns":	[{
									"$Position":	{
										"$x":	5242,
										"$y":	11889
									},
									"Type":	"Offset",
									"Skip":	false,
									"Pattern":	{
										"$Position":	{
											"$x":	5855,
											"$y":	11844
										},
										"Type":	"BlockSet",
										"Skip":	false,
										"BlockSet":	{
											"$Position":	{
												"$x":	6472,
												"$y":	11844
											},
											"Inclusive":	true,
											"Materials":	[{
													"$Position":	{
														"$x":	6948,
														"$y":	11846
													},
													"Solid":	"Empty"
												}]
										}
									},
									"Offset":	{
										"$Position":	{
											"$x":	5858,
											"$y":	12016
										},
										"X":	-2,
										"Y":	2,
										"Z":	-2
									}
								}, {
									"$Position":	{
										"$x":	5253,
										"$y":	12412
									},
									"Type":	"Offset",
									"Skip":	false,
									"Pattern":	{
										"$Position":	{
											"$x":	5866,
											"$y":	12367
										},
										"Type":	"BlockSet",
										"Skip":	false,
										"BlockSet":	{
											"$Position":	{
												"$x":	6483,
												"$y":	12367
											},
											"Inclusive":	true,
											"Materials":	[{
													"$Position":	{
														"$x":	6959,
														"$y":	12369
													},
													"Solid":	"Empty"
												}]
										}
									},
									"Offset":	{
										"$Position":	{
											"$x":	5869,
											"$y":	12539
										},
										"X":	2,
										"Y":	2,
										"Z":	2
									}
								}, {
									"$Position":	{
										"$x":	5242,
										"$y":	12983
									},
									"Type":	"Floor",
									"Skip":	false,
									"Origin":	{
										"$Position":	{
											"$x":	5858,
											"$y":	12854
										},
										"Type":	"BlockSet",
										"Skip":	false,
										"BlockSet":	{
											"$Position":	{
												"$x":	6475,
												"$y":	12854
											},
											"Inclusive":	true,
											"Materials":	[{
													"$Position":	{
														"$x":	6961,
														"$y":	12769
													},
													"Fluid":	"Water_Source"
												}, {
													"$Position":	{
														"$x":	6960,
														"$y":	12943
													},
													"Solid":	"Empty"
												}]
										}
									},
									"Floor":	{
										"$Position":	{
											"$x":	5859,
											"$y":	13225
										},
										"Type":	"BlockSet",
										"Skip":	false,
										"BlockSet":	{
											"$Position":	{
												"$x":	6485,
												"$y":	13235
											},
											"Inclusive":	true,
											"Materials":	[{
													"$Position":	{
														"$x":	6963,
														"$y":	13231
													},
													"Solid":	"Soil_Pebbles_Frozen"
												}, {
													"$Position":	{
														"$x":	6965,
														"$y":	13384
													},
													"Solid":	"Soil_Dirt_Cold"
												}, {
													"$Position":	{
														"$x":	6971,
														"$y":	13541
													},
													"Solid":	"Soil_Mud"
												}, {
													"$Position":	{
														"$x":	6978,
														"$y":	13701
													},
													"Solid":	"Plant_Moss_Block_Blue"
												}]
										}
									}
								}]
						}
					},
					"Scanner":	{
						"$Position":	{
							"$x":	3968,
							"$y":	13242
						},
						"Type":	"ColumnLinear",
						"Skip":	false,
						"MaxY":	20,
						"MinY":	0,
						"RelativeToPosition":	false,
						"BaseHeightName":	"Base",
						"TopDownOrder":	false,
						"ResultCap":	1
					},
					"MoldingDirection":	"None",
					"MoldingChildren":	false
				}
			}
		}, {
			"$Position":	{
				"$x":	2081,
				"$y":	14170
			},
			"Max":	1,
			"Min":	0.3,
			"Assignments":	{
				"$Position":	{
					"$x":	2557,
					"$y":	14168
				},
				"Type":	"Constant",
				"Prop":	{
					"$Position":	{
						"$x":	3176,
						"$y":	14161
					},
					"Type":	"Prefab",
					"Skip":	false,
					"WeightedPrefabPaths":	[{
							"$Position":	{
								"$x":	3968,
								"$y":	14077
							},
							"Path":	"Trees/Petrified_Logs",
							"Weight":	60
						}],
					"LegacyPath":	false,
					"LoadEntities":	true,
					"Directionality":	{
						"$Position":	{
							"$x":	3962,
							"$y":	14286
						},
						"Type":	"Random",
						"Seed":	"A",
						"Pattern":	{
							"$Position":	{
								"$x":	4573,
								"$y":	14282
							},
							"Type":	"Floor",
							"Skip":	false,
							"Origin":	{
								"$Position":	{
									"$x":	5189,
									"$y":	14153
								},
								"Type":	"BlockSet",
								"Skip":	false,
								"BlockSet":	{
									"$Position":	{
										"$x":	5806,
										"$y":	14153
									},
									"Inclusive":	true,
									"Materials":	[{
											"$Position":	{
												"$x":	6292,
												"$y":	14068
											},
											"Fluid":	"Water_Source"
										}, {
											"$Position":	{
												"$x":	6291,
												"$y":	14242
											},
											"Solid":	"Empty"
										}]
								}
							},
							"Floor":	{
								"$Position":	{
									"$x":	5190,
									"$y":	14524
								},
								"Type":	"BlockSet",
								"Skip":	false,
								"BlockSet":	{
									"$Position":	{
										"$x":	5816,
										"$y":	14526
									},
									"Inclusive":	false,
									"Materials":	[{
											"$Position":	{
												"$x":	6304,
												"$y":	14439
											},
											"Solid":	"Empty"
										}, {
											"$Position":	{
												"$x":	6310,
												"$y":	14593
											},
											"Fluid":	"Water_Source"
										}]
								}
							}
						}
					},
					"Scanner":	{
						"$Position":	{
							"$x":	3942,
							"$y":	14543
						},
						"Type":	"ColumnLinear",
						"Skip":	false,
						"MaxY":	20,
						"MinY":	0,
						"RelativeToPosition":	false,
						"BaseHeightName":	"Base",
						"TopDownOrder":	false,
						"ResultCap":	1
					},
					"MoldingDirection":	"None",
					"MoldingChildren":	false
				}
			}
		}],
	"$WorkspaceID":	"HytaleGenerator - Assignments",
	"$Groups":	[]
}