{
	"$Title":	"[ROOT] FieldFunction Assignments",
	"$Position":	{
		"$x":	1353,
		"$y":	12669
	},
	"Type":	"FieldFunction",
	"ExportAs":	"Boreal1_Henges_Dolmen",
	"FieldFunction":	{
		"$Position":	{
			"$x":	2104,
			"$y":	12460
		},
		"Type":	"SimplexNoise2D",
		"Skip":	false,
		"Lacunarity":	2,
		"Persistence":	0.5,
		"Octaves":	1,
		"Scale":	50,
		"Seed":	"A"
	},
	"Delimiters":	[{
			"$Position":	{
				"$x":	2108,
				"$y":	12869
			},
			"Max":	1,
			"Min":	-1,
			"Assignments":	{
				"$Position":	{
					"$x":	2583,
					"$y":	12867
				},
				"Type":	"Constant",
				"Prop":	{
					"$Position":	{
						"$x":	3202,
						"$y":	12860
					},
					"Type":	"Prefab",
					"Skip":	false,
					"WeightedPrefabPaths":	[{
							"$Position":	{
								"$x":	3994,
								"$y":	12776
							},
							"Path":	"Rock_Formations/Dolmen",
							"Weight":	60
						}],
					"LegacyPath":	false,
					"LoadEntities":	true,
					"Directionality":	{
						"$Position":	{
							"$x":	3988,
							"$y":	12985
						},
						"Type":	"Random",
						"Seed":	"A",
						"Pattern":	{
							"$Position":	{
								"$x":	4599,
								"$y":	12981
							},
							"Type":	"Floor",
							"Skip":	false,
							"Origin":	{
								"$Position":	{
									"$x":	5215,
									"$y":	12852
								},
								"Type":	"BlockSet",
								"Skip":	false,
								"BlockSet":	{
									"$Position":	{
										"$x":	5832,
										"$y":	12852
									},
									"Inclusive":	true,
									"Materials":	[{
											"$Position":	{
												"$x":	6318,
												"$y":	12767
											},
											"Fluid":	"Water_Source"
										}, {
											"$Position":	{
												"$x":	6317,
												"$y":	12941
											},
											"Solid":	"Empty"
										}]
								}
							},
							"Floor":	{
								"$Position":	{
									"$x":	5216,
									"$y":	13223
								},
								"Type":	"BlockSet",
								"Skip":	false,
								"BlockSet":	{
									"$Position":	{
										"$x":	5842,
										"$y":	13225
									},
									"Inclusive":	false,
									"Materials":	[{
											"$Position":	{
												"$x":	6330,
												"$y":	13138
											},
											"Solid":	"Empty"
										}, {
											"$Position":	{
												"$x":	6336,
												"$y":	13292
											},
											"Fluid":	"Water_Source"
										}]
								}
							}
						}
					},
					"Scanner":	{
						"$Position":	{
							"$x":	3968,
							"$y":	13242
						},
						"Type":	"ColumnLinear",
						"Skip":	false,
						"MaxY":	90,
						"MinY":	0,
						"RelativeToPosition":	false,
						"BaseHeightName":	"Base",
						"TopDownOrder":	false,
						"ResultCap":	1
					},
					"MoldingDirection":	"None",
					"MoldingChildren":	false
				}
			}
		}],
	"$WorkspaceID":	"HytaleGenerator - Assignments",
	"$Groups":	[]
}