{
	"$Title":	"[ROOT] Weighted Assignments",
	"$Position":	{
		"$x":	13675,
		"$y":	3687
	},
	"Type":	"FieldFunction",
	"ExportAs":	"Boreal1_Henges_Ice",
	"FieldFunction":	{
		"$Position":	{
			"$x":	14801,
			"$y":	3221
		},
		"Type":	"SimplexNoise2D",
		"Skip":	false,
		"Lacunarity":	2,
		"Persistence":	0.5,
		"Octaves":	1,
		"Scale":	25,
		"Seed":	"A"
	},
	"Delimiters":	[{
			"$Position":	{
				"$x":	14815,
				"$y":	3838
			},
			"Max":	1,
			"Min":	0,
			"Assignments":	{
				"$Position":	{
					"$x":	15360,
					"$y":	3836
				},
				"Type":	"Constant",
				"Prop":	{
					"$Position":	{
						"$x":	15973,
						"$y":	3767
					},
					"Type":	"Prefab",
					"Skip":	false,
					"WeightedPrefabPaths":	[{
							"$Position":	{
								"$x":	16739,
								"$y":	3541
							},
							"Path":	"Rock_Formations/Ice_Formations/Stalactites/Ceiling",
							"Weight":	1
						}],
					"LegacyPath":	false,
					"LoadEntities":	true,
					"Directionality":	{
						"$Position":	{
							"$x":	16736,
							"$y":	3764
						},
						"Type":	"Random",
						"Seed":	"A",
						"Pattern":	{
							"$Position":	{
								"$x":	17400,
								"$y":	3741
							},
							"Type":	"Or",
							"Skip":	false,
							"Patterns":	[{
									"$Position":	{
										"$x":	18115,
										"$y":	3743
									},
									"Type":	"Ceiling",
									"Skip":	false,
									"Ceiling":	{
										"$Position":	{
											"$x":	18725,
											"$y":	3947
										},
										"Type":	"BlockSet",
										"Skip":	false,
										"BlockSet":	{
											"$Position":	{
												"$x":	19357,
												"$y":	3952
											},
											"Inclusive":	true,
											"Materials":	[{
													"$Position":	{
														"$x":	19848,
														"$y":	3774
													},
													"Solid":	"Rock_Ice"
												}, {
													"$Position":	{
														"$x":	19850,
														"$y":	3923
													},
													"Solid":	"Rock_Ice_Permafrost"
												}, {
													"$Position":	{
														"$x":	19850,
														"$y":	4077
													},
													"Solid":	"Rock_Shale"
												}, {
													"$Position":	{
														"$x":	19840,
														"$y":	4225
													},
													"Solid":	"Rock_Slate"
												}, {
													"$Position":	{
														"$x":	19844,
														"$y":	4387
													},
													"Solid":	"Rock_Magma_Cooled"
												}]
										}
									},
									"Origin":	{
										"$Position":	{
											"$x":	18780,
											"$y":	3594
										},
										"Type":	"BlockSet",
										"Skip":	false,
										"BlockSet":	{
											"$Position":	{
												"$x":	19412,
												"$y":	3599
											},
											"Inclusive":	true,
											"Materials":	[{
													"$Position":	{
														"$x":	19898,
														"$y":	3591
													},
													"Solid":	"Empty"
												}]
										}
									}
								}, {
									"$Position":	{
										"$x":	18027,
										"$y":	4662
									},
									"Type":	"And",
									"Skip":	false,
									"Patterns":	[{
											"$Position":	{
												"$x":	18712,
												"$y":	4658
											},
											"Type":	"Wall",
											"Skip":	false,
											"Wall":	{
												"$Position":	{
													"$x":	19343,
													"$y":	4663
												},
												"Type":	"BlockSet",
												"Skip":	false,
												"BlockSet":	{
													"$Position":	{
														"$x":	19975,
														"$y":	4668
													},
													"Inclusive":	true,
													"Materials":	[{
															"$Position":	{
																"$x":	20461,
																"$y":	4660
															},
															"Solid":	"Empty"
														}]
												}
											},
											"Origin":	{
												"$Position":	{
													"$x":	19345,
													"$y":	5029
												},
												"Type":	"BlockSet",
												"Skip":	false,
												"BlockSet":	{
													"$Position":	{
														"$x":	19977,
														"$y":	5034
													},
													"Inclusive":	true,
													"Materials":	[{
															"$Position":	{
																"$x":	20468,
																"$y":	4856
															},
															"Solid":	"Rock_Ice"
														}, {
															"$Position":	{
																"$x":	20470,
																"$y":	5005
															},
															"Solid":	"Rock_Ice_Permafrost"
														}]
												}
											},
											"Directions":	["N", "S", "E", "W"],
											"RequireAllDirections":	false
										}, {
											"$Position":	{
												"$x":	18680,
												"$y":	5278
											},
											"Type":	"Offset",
											"Skip":	false,
											"Pattern":	{
												"$Position":	{
													"$x":	19314,
													"$y":	5257
												},
												"Type":	"BlockSet",
												"Skip":	false,
												"BlockSet":	{
													"$Position":	{
														"$x":	19946,
														"$y":	5262
													},
													"Inclusive":	true,
													"Materials":	[{
															"$Position":	{
																"$x":	20432,
																"$y":	5254
															},
															"Solid":	"Empty"
														}]
												}
											},
											"Offset":	{
												"$Position":	{
													"$x":	19308,
													"$y":	5415
												},
												"X":	0,
												"Y":	-2,
												"Z":	0
											}
										}]
								}]
						}
					},
					"Scanner":	{
						"$Position":	{
							"$x":	16755,
							"$y":	3931
						},
						"Type":	"ColumnLinear",
						"Skip":	false,
						"MaxY":	80,
						"MinY":	0,
						"RelativeToPosition":	false,
						"BaseHeightName":	"Base",
						"TopDownOrder":	true,
						"ResultCap":	1
					},
					"MoldingDirection":	"None",
					"MoldingChildren":	false
				}
			}
		}],
	"$WorkspaceID":	"HytaleGenerator - Assignments",
	"$Groups":	[]
}