{
	"$Title":	"[ROOT] Weighted Assignments",
	"$Position":	{
		"$x":	7762,
		"$y":	-721
	},
	"Type":	"FieldFunction",
	"ExportAs":	"Volcanic1_Jungle_Seaweed",
	"FieldFunction":	{
		"$Position":	{
			"$x":	8450,
			"$y":	-745
		},
		"Type":	"SimplexNoise2D",
		"Skip":	false,
		"Lacunarity":	2,
		"Persistence":	0.5,
		"Octaves":	1,
		"Scale":	15,
		"Seed":	"21356"
	},
	"Delimiters":	[{
			"$Position":	{
				"$x":	8467,
				"$y":	-5
			},
			"Max":	1,
			"Min":	0,
			"Assignments":	{
				"$Position":	{
					"$x":	8962,
					"$y":	-7
				},
				"Type":	"Weighted",
				"SkipChance":	0.5,
				"Seed":	"A",
				"WeightedAssignments":	[{
						"$Position":	{
							"$x":	9714,
							"$y":	-3
						},
						"Weight":	1,
						"Assignments":	{
							"$Position":	{
								"$x":	10197,
								"$y":	-2
							},
							"Type":	"Constant",
							"Prop":	{
								"$Position":	{
									"$x":	11539,
									"$y":	-31
								},
								"Type":	"Column",
								"Skip":	false,
								"ColumnBlocks":	[{
										"$Position":	{
											"$x":	12241,
											"$y":	-37
										},
										"Y":	0,
										"Material":	{
											"$Position":	{
												"$x":	12746,
												"$y":	-26
											},
											"Solid":	"Plant_Seaweed_Grass_Bulbs",
											"Fluid":	"Water_Source"
										}
									}],
								"Directionality":	{
									"$Position":	{
										"$x":	12245,
										"$y":	142
									},
									"Type":	"Static",
									"Rotation":	0,
									"Pattern":	{
										"$Position":	{
											"$x":	12856,
											"$y":	141
										},
										"Type":	"And",
										"Skip":	false,
										"Patterns":	[{
												"$Position":	{
													"$x":	13512,
													"$y":	-323
												},
												"Type":	"Offset",
												"Skip":	false,
												"Pattern":	{
													"$Position":	{
														"$x":	14161,
														"$y":	-436
													},
													"Type":	"BlockType",
													"Skip":	false,
													"Material":	{
														"$Position":	{
															"$x":	14789,
															"$y":	-429
														},
														"Fluid":	"Water_Source"
													}
												},
												"Offset":	{
													"$Position":	{
														"$x":	14154,
														"$y":	-231
													},
													"X":	0,
													"Y":	1,
													"Z":	0
												}
											}, {
												"$Position":	{
													"$x":	13486,
													"$y":	135
												},
												"Type":	"Floor",
												"Skip":	false,
												"Origin":	{
													"$Position":	{
														"$x":	14134,
														"$y":	-32
													},
													"Type":	"BlockSet",
													"Skip":	false,
													"BlockSet":	{
														"$Position":	{
															"$x":	14766,
															"$y":	-27
														},
														"Inclusive":	true,
														"Materials":	[{
																"$Position":	{
																	"$x":	15259,
																	"$y":	-27
																},
																"Fluid":	"Water_Source"
															}]
													}
												},
												"Floor":	{
													"$Position":	{
														"$x":	14079,
														"$y":	319
													},
													"Type":	"BlockSet",
													"Skip":	false,
													"BlockSet":	{
														"$Position":	{
															"$x":	14738,
															"$y":	329
														},
														"Inclusive":	true,
														"Materials":	[{
																"$Position":	{
																	"$x":	15234,
																	"$y":	316
																},
																"Solid":	"Soil_Mud"
															}]
													}
												}
											}]
									}
								},
								"Scanner":	{
									"$Position":	{
										"$x":	12230,
										"$y":	310
									},
									"Type":	"ColumnLinear",
									"Skip":	false,
									"MaxY":	50,
									"MinY":	-50,
									"RelativeToPosition":	false,
									"BaseHeightName":	"Base",
									"TopDownOrder":	true,
									"ResultCap":	1
								}
							}
						}
					}]
			}
		}],
	"$WorkspaceID":	"HytaleGenerator - Assignments",
	"$Groups":	[]
}