{
  "TranslationProperties": {
    "Name": "server.items.PortalKey_GearWorld.name",
    "Description": "server.items.PortalKey_GearWorld.description"
  },
  "Icon": "Icons/ItemsGenerated/PortalKey_Howling_Sands.png",
  "Categories": [
    "Blocks.Portals"
  ],
  "PortalKey": {
    "PortalType": "GearWorld",
    "TimeLimitSeconds": 420
  },
  "BlockType": {
    "DrawType": "Model",
    "Material": "Solid",
    "Opacity": "Transparent",
    "CustomModel": "Blocks/Miscellaneous/Portal_Shard.blockymodel",
    "CustomModelTexture": [
      {
        "Texture": "Blocks/Miscellaneous/Portal_Shard_Texture.png",
        "Weight": 1
      }
    ]
  },
  "Recipe": {
    "TimeSeconds": 1,
    "KnowledgeRequired": false,
    "Input": [
      {
        "ItemId": "Ingredient_Bar_Iron",
        "Quantity": 20
      },
      {
        "ItemId": "Ingredient_Void_Essence",
        "Quantity": 10
      }
    ],
    "BenchRequirement": [
      {
        "Id": "Arcanebench",
        "Type": "Crafting",
        "Categories": [
          "Arcane_Portals"
        ]
      }
    ],
    "RequiredMemoriesLevel": 5
  },
  "PlayerAnimationsId": "Item",
  "Tags": {
    "Type": [
      "Portal",
      "Temporary"
    ]
  },
  "Quality": "Legendary",
  "ItemLevel": 51,
  "IconProperties": {
    "Scale": 1.4,
    "Rotation": [
      22.5,
      137.0,
      22.5
    ],
    "Translation": [
      0.0,
      1.0
    ]
  }
}
