{
  "TranslationProperties": {
    "Name": "server.items.Weapon_Longsword_Clockwork.name",
    "Description": "server.items.Weapon_Longsword_Clockwork.description"
  },
  "Categories": [
    "Items.Weapons"
  ],
  "Quality": "Legendary",
  "ItemLevel": 75,
  "Model": "Items/Weapons/Longsword/ClockworkSword2.blockymodel",
  "Texture": "Items/Weapons/Longsword/ClockworkSword_Texture.png",
  "PlayerAnimationsId": "Longsword",
  "Interactions": {
    "Primary": "Longsword_Attack"
  },
  "InteractionVars": {
    "Longsword_Swing_Left_Effect": {
      "Interactions": [
        {
          "Parent": "Longsword_Swing_Left_Effect",
          "Effects": {
            "WorldSoundEventId": "SFX_Longsword_Special_Swing"
          }
        }
      ]
    },
    "Longsword_Swing_Left_Damage": {
      "Interactions": [
        {
          "Parent": "Longsword_Swing_Left_Damage",
          "DamageCalculator": {
            "Type": "Absolute",
            "BaseDamage": {
              "Physical": 102
            },
            "RandomPercentageModifier": 0.15
          },
          "DamageEffects": {
            "WorldSoundEventId": "SFX_Longsword_Special_Impact"
          }
        }
      ]
    },
    "Longsword_Swing_Right_Effect": {
      "Interactions": [
        {
          "Parent": "Longsword_Swing_Left_Effect",
          "Effects": {
            "WorldSoundEventId": "SFX_Longsword_Special_Swing"
          }
        }
      ]
    },
    "Longsword_Swing_Right_Damage": {
      "Interactions": [
        {
          "Parent": "Longsword_Swing_Right_Damage",
          "DamageCalculator": {
            "Type": "Absolute",
            "BaseDamage": {
              "Physical": 102
            },
            "RandomPercentageModifier": 0.15
          },
          "DamageEffects": {
            "WorldSoundEventId": "SFX_Longsword_Special_Impact"
          }
        }
      ]
    },
    "Longsword_Swing_Up_Left_Effect": {
      "Interactions": [
        {
          "Parent": "Longsword_Swing_Left_Effect",
          "Effects": {
            "WorldSoundEventId": "SFX_Longsword_Special_Swing"
          }
        }
      ]
    },
    "Longsword_Swing_Up_Left_Damage": {
      "Interactions": [
        {
          "Parent": "Longsword_Swing_Up_Left_Damage",
          "DamageCalculator": {
            "Type": "Absolute",
            "BaseDamage": {
              "Physical": 102
            },
            "RandomPercentageModifier": 0.15
          },
          "DamageEffects": {
            "WorldSoundEventId": "SFX_Longsword_Special_Impact"
          }
        }
      ]
    },
    "Longsword_Stab_Charged_Effect": "Longsword_Stab_Charged_Effect",
    "Longsword_Stab_Charged_Damage": {
      "Interactions": [
        {
          "Parent": "Longsword_Stab_Charged_Damage",
          "DamageCalculator": {
            "BaseDamage": {
              "Physical": 306
            },
            "Type": "Absolute",
            "RandomPercentageModifier": 0.15
          },
          "DamageEffects": {
            "WorldSoundEventId": "SFX_Longsword_Special_Impact"
          }
        }
      ]
    }
  },
  "DroppedItemAnimation": "Items/Animations/Dropped/Dropped_Diagonal_Left.blockyanim",
  "IconProperties": {
    "Scale": 0.35,
    "Rotation": [
      45,
      90,
      0
    ],
    "Translation": [
      -42,
      -42
    ]
  },
  "Icon": "Icons/ItemsGenerated/Weapon_Longsword_Clockwork.png",
  "Tags": {
    "Type": [
      "Weapon"
    ],
    "Family": [
      "Longsword"
    ]
  },
  "MaxDurability": 170,
  "DurabilityLossOnHit": 0.52,
  "Weapon": {},
  "ItemSoundSetId": "ISS_Weapons_Blade_Large",
  "Recipe": {
    "TimeSeconds": 5,
    "KnowledgeRequired": false,
    "Input": [
      {
        "ItemId": "Ingredient_Bar_Iron",
        "Quantity": 6
      },
      {
        "ItemId": "Ingredient_Leather_Heavy",
        "Quantity": 3
      },
      {
        "ItemId": "Ingredient_Scrap_Metal_Fragment",
        "Quantity": 24
      }
    ],
    "BenchRequirement": [
      {
        "Type": "Crafting",
        "Categories": [
          "Weapon_Sword"
        ],
        "Id": "Weapon_Bench",
        "RequiredTierLevel": 3
      }
    ]
  },
  "ResourceTypes": [
    {
      "Id": "Scrap_Metal",
      "Quantity": 8
    }
  ],
  "Animation": "Items/Weapons/Longsword/Clockwork_Sword_Idle.blockyanim"
}
